id,group,message,historical_reply,reply_id,created_at,intent,escalate,label_reason,annotator
314474,c217b2d2aff56b808a66792afedf191b4eafd6d0f815eca5a6fefef86a075267,[USER] Last week I cancelled prime membership (I have confirmation) but today I have been charged £7.99 to renew plus a odd £1 charge!,"[USER] Hi, can you see the subscription here? [URL] The £1 is a card authorisation that will drop in a few days. ^AT",314473,Sat Oct 07 06:30:31 +0000 2017,,,,
1187715,ca491ad62c8f682aa204b7bbd0b035acf441fd418bd5e81f8caaf52410a1fe03,I’m thankful that #Amazon customer service is quick to credit and/or rectify the situation when we call in & report it. Thanks [USER] (3/3),[USER] I'm so sorry you didn't receive your order as expected. We appreciate you calling to report this to us. ^MB,1187714,Wed Oct 25 00:07:11 +0000 2017,,,,
504968,b974cab7c5fc44a64f08ec35566f6bbdc5f7859d3899740d2e77a850c2f23443,Not so funny now [USER] totally useless on phone.,"[USER] I'm sorry for the poor experience! Without providing personal or account information, could you tell us more about what's going on? We'd like to help, if possible. ^ML",504963,Fri Dec 01 20:36:57 +0000 2017,,,,
1755046,f5170d133dbed455371cf2c92fe21d6841041e72c5dc8fc989fbfd2cb627476a,Amazonプライム加入してKindle FIRE買ったら家でなくなった,"[USER] リプライ失礼いたします、Amazon公式です。プライムのご登録、ならびにkindle端末のご購入誠にありがとうございます！
末永くご愛用いただければ幸いに存じます( ･ᴗ･ ) HM",1755044,Sun Nov 26 05:58:16 +0000 2017,,,,
848212,97481b80d6fe19fb27b6a23d0e2cece5486f8a3af80e3dc89c44b57d4a301c68,jo [USER] - Benachrichtigungen in Berlin bitte weiter außen an der Haustür ankleben. was soll da schon schiefgehen? [URL],[USER] Melde dich bitte mal direkt bei uns im Amazon.de Social Media Team über den folgenden Link: [URL] ^SK,848211,Fri Oct 20 14:42:47 +0000 2017,,,,
1625061,0cf7d9ae7ebffba48b353d56ab9d2acc0cd262d9002f588e392d21ac93e7718f,"Both my orders #theboywithabrokenheart & #ahundredlittleflames delayed by 15-20 days....:(

[USER] 
[USER] 
[USER]",[USER] team here : [URL] so that we can assist you accordingly. (2/2) ^SS [USER] I'm sorry for the delay in the delivery of your orders. Please report this to our support (1/2)^SS,"1625060,1625062",Sun Nov 05 17:40:53 +0000 2017,,,,
2484002,0cf7d9ae7ebffba48b353d56ab9d2acc0cd262d9002f588e392d21ac93e7718f,"[USER] Order id is [ORDER_ID]

Want the product before the delivery date.

Kindly Help.","[USER] we consider it to be personal information. Our page is visible to the public. (2/2) ^GD [USER] All the packages are shipped on time so that it reaches you by estimated delivery date. We cannot assure the delivery before the delivery date provided to you. Appreciate your understanding. Please don't provide your order details, (1/2) ^GD","2484001,2484003",Wed Nov 15 15:17:43 +0000 2017,,,,
2724958,0cf7d9ae7ebffba48b353d56ab9d2acc0cd262d9002f588e392d21ac93e7718f,"[USER] it's 18:14 in the evening and my product is out for delivery since morning....

It's urgent....Waiting for the product since few days already..Will I get it today????

[USER]",[USER] As the package is out for delivery. Kindly wait until the end of the day to receive the package. ^SY,2724957,Mon Nov 20 12:45:08 +0000 2017,,,,
2725845,0cf7d9ae7ebffba48b353d56ab9d2acc0cd262d9002f588e392d21ac93e7718f,"[USER] 

Kindly cancel all my orders with amazon. I will not receive it anymore.

Just received a message that my order will not be delivered today.

Really pissed off since few days.

Daily receiving msgs """"it is out for delivery""""

[USER]","[USER] Sorry to learn your order isn't delivered yet. We'd like to check this. Please reach out to us, here: [URL] ^YP",2725843,Mon Nov 20 13:12:41 +0000 2017,,,,
246364,f9bf581665aae67569291eb70ca6735e41524ed727789a28e857e18d695a5869,[USER] I'm so confused the [USER] butterfly limited vinyl says the UK is released tomorrow yet America is 20th will I still get,[USER] Hi - which Amazon site did you order the album from? ^DO,246362,Thu Oct 05 15:38:15 +0000 2017,,,,
953144,f9bf581665aae67569291eb70ca6735e41524ed727789a28e857e18d695a5869,OK so [USER] why is my numbered limited edition [USER] vinyl not numbered ??? [URL],[USER] I'm sorry it arrived like that! You can look at return options if you'd like by clicking the link: [URL] ^GL,953142,Sat Oct 21 20:49:45 +0000 2017,,,,
1387295,f9bf581665aae67569291eb70ca6735e41524ed727789a28e857e18d695a5869,[USER] why hasn't my order been shipped yet it was released yesterday annoyed yet again,"[USER] Hi, what is the tracking information showing on your parcel ?You can check here : [URL] ^CR",1387293,Sat Oct 28 09:31:19 +0000 2017,,,,
2184892,f9bf581665aae67569291eb70ca6735e41524ed727789a28e857e18d695a5869,I will never ever use [USER] [USER].co.uk what a disgusting service 💀💀,"[USER] Terribly sorry for your previous experience! W/o sharing any personal info, what problems are you running into? ^JZ",2184890,Thu Oct 19 13:03:00 +0000 2017,,,,
2235589,f9bf581665aae67569291eb70ca6735e41524ed727789a28e857e18d695a5869,[USER] who do I email a complaint too,[USER] We're here to help! Without adding personal/account information can you tell us more about what happened? ^ME,2235588,Thu Oct 19 16:53:21 +0000 2017,,,,
2680896,f9bf581665aae67569291eb70ca6735e41524ed727789a28e857e18d695a5869,[USER] why is my order taking so long it still hasn't been shipped and tells me to expect it by the 2nd like really,[USER] Sometimes items need additional processing time which can delay the available shipping times. Has your delivery changed? ^CN,2680895,Tue Oct 31 15:22:21 +0000 2017,,,,
2838462,6da9b0fc5df36fb4a88080b87861aa9807e006d5b5de65a8d16e15b40e2f9c41,"Free idea for [USER]. If there’s a product that’s on either my list or a list I have access to (i.e., my wife’s), notify me when it’s up for a cyber monday/black friday deal.
If this is already implemented, I’m fine with being told I’m an idiot.","[USER] I will be happy to pass along your concerns to the proper team, John! You can always reach out here: [URL] to leave your ideas or concerns. ^FR",2838461,Mon Nov 27 16:02:55 +0000 2017,,,,
2910420,4759c46a2808069bc602f6e2d62206a24f6890a3a8fd4c97bdc25441819228ef,So [USER] have delivered my parcel to a house that doesn't even exist....cheers 👍🏼,"[USER] I'm so sorry for the mix up, Rebecca! We'd like to make sure this is taken care of! Please reach out to us via phone or chat here: [URL] ^AR",2910419,Tue Nov 28 21:16:47 +0000 2017,,,,
1212721,6985596761c1c022eb6b00e0823c7542a2afda943b5aa54a487ce65d9a90ebed,[USER] Please stop using the [USER]. Your own delivery service is just as bad. #primeisworthless,"[USER] I'm sorry to hear that. W/out giving any order/account specific details, can you let us know what happened please? ^KM",1212719,Wed Oct 25 12:40:48 +0000 2017,,,,
1037411,2fec7381fb96948152ac7e09ea7841615e77821da5569cf3266ca541f7314269,.[USER] Is there any issue with the mobile App. It is not diagnosing the phone. Stuck at Start diagnostics page.,"[USER] That's strange, Dikshit. Could you tell us what error you're seeing while opening the app? ^NK",1037409,Sat Oct 14 18:14:52 +0000 2017,,,,
2217276,2fec7381fb96948152ac7e09ea7841615e77821da5569cf3266ca541f7314269,.[USER] Not happy with delivery services. Despite of being my order arriving in Ahbd yesterday. Still not delivered to me.,[USER] Sorry to know about the delay. Could you confirm your estimated date of delivery? ^MS,2217274,Thu Oct 19 14:56:50 +0000 2017,,,,
983831,a130e21849c7d67ba15d8e609f1648996c1902566467b59fede546280fd10cad,[USER] what a fuking service by Amazon,[USER] Wonder what makes you say so. A little more context on what troubles you would be helpful. Keep us posted. ^AB,983827,Sun Oct 22 09:16:52 +0000 2017,,,,
984227,a130e21849c7d67ba15d8e609f1648996c1902566467b59fede546280fd10cad,"[USER] 7 days a week , what a joke",[USER] We have responded to you here: [URL] Kindly check. ^MP,984225,Sun Oct 22 09:54:00 +0000 2017,,,,
984660,a130e21849c7d67ba15d8e609f1648996c1902566467b59fede546280fd10cad,[USER] go back you care and told them Pls talk to my on my cell [NUMBER],"[USER] Hence, please reach out to us from the link shared by 'SH' and we will assist accordingly. (2/2)^HR [USER] As this is a social media platform, we can't view your account/order details. (1/2)^HR [USER] Also, as this is being the social platform, please don't provide order details, as we consider it personal information.^HR","984661,984662,984659",Sun Oct 22 10:18:22 +0000 2017,,,,
1662572,7175e8ce95e1187fd682a2b33a938188c653ba6a2d17dda56dc373dd1914099d,"[USER] Hi Guys, who can I speak to about the Amazon Seller account I use? Homepage button doesn’t do anything. Can’t get in to account [URL]","[USER] Hi Lee, have you tried logging out, clearing the cache/cookies on your web browser, restarting & trying again? ^TS",1662570,Mon Nov 06 09:27:28 +0000 2017,,,,
254667,0e1f3a28c1736b22c77cd956eb2a0f309d510966bf036b1240ea2fbda81c23dc,[USER] maybe consider your packing for an SD card. I had it delivered to home because I assumed it would easily fit through letterbox! [URL],"[USER] We're always looking for areas to improve! Please, do submit direct packing feedback here: [URL] ^JE",254666,Thu Oct 05 18:09:39 +0000 2017,,,,
2346280,02c6335f0bcd3606cb2d8b864fbbe45c4f5d081d1469452a420e7be05481e981,"[USER] It appears you have delivered my parcel to someone else. Order status is marked as ""handed to resident"" when it was not handed to resident at all.","[USER] I'm sorry to hear of the missed delivery, Jason! Please try the tips listed here to recover it: [URL] Let us know if that helps! ^CS",2346279,Mon Nov 13 15:57:42 +0000 2017,,,,
1773008,0414fd00b71c96921046d022ea4a79346d9b70fe15164fe8aae6487587869180,[USER] Why can’t AMZL ever driver anything on time? Preordered Xbox One X in August and for months delivery was for today yet at 7:30 (said by 8 prior) now it says if it’s not here by the 10th come back for more options. Ridiculous.,[USER] I apologize for the delay. Please let us know if you don't receive it by November 10th. We want to make sure you get it! ^MO,1773007,Wed Nov 08 01:43:08 +0000 2017,,,,
1773291,0414fd00b71c96921046d022ea4a79346d9b70fe15164fe8aae6487587869180,[USER] [USER] Why can’t AMZL ever deliver on time? Preordered in August and 30 minutes before the 8pm deadline it’s magically late. #disappointing,"[USER] I'm so sorry. Just to confirm, did we miss the delivery date in your confirmation e-mail here: [URL] ^LH",1773289,Wed Nov 08 02:03:14 +0000 2017,,,,
1773523,0414fd00b71c96921046d022ea4a79346d9b70fe15164fe8aae6487587869180,[USER] your #AMZL service is just terrible. Repeatedly late shipments. Never happened with [USER] and [USER]. Even [USER] far exceeds AMZL.,[USER] I'm so sorry about this poor experience. We'd like to assist. Please give us more information here: [URL] ^BE,1773521,Wed Nov 08 02:32:43 +0000 2017,,,,
2909176,c9816262b7604b00a1da4f9c86b2c662265e69958a37862a2d5c98ed12df9bdf,"[USER] £34.98 has randomly been taken from my bank account, for something I have definitely not paid for?","[USER] I'm so sorry for this unexpected charge, Emma. Do you have any subscriptions that are up for renewal? You can check more info here: [URL] ^HS",2909175,Tue Nov 28 20:50:11 +0000 2017,,,,
2276130,2b3ca77b0624f8237c1f533fbf53c698806f05d41a43fb9389a9b3cbae33159b,How does one go about requesting for a CL increase to an Amazon Prime Credit card account? [USER] [USER],"[USER] You would need to contact Chase Bank, the issuer of the Amazon Prime Visa! ^ZW",2276129,Sat Nov 11 17:11:48 +0000 2017,,,,
1912588,6565c3c94f2238a705c57ca56ae09d14d312c62fd15bf55fbe798a441a89922e,"e quando vão vender o box de soa no brasil, [USER] [URL]","[USER] No momento não temos previsão, mas continua de olho no site e mídias sociais para ficar sabendo das nossas novidades. ^DA",1912587,Wed Oct 18 13:45:25 +0000 2017,,,,
2198985,e570408b6adcc150e69a77c8249ac0acbabc2b0ba96764196d878b80d85d8186,WHERE THE FUCK IS MY BLENDER [USER],"[USER] I'm sorry for the wait. Have we missed the delivery date provided on your order confirmation e-mail? To see the latest tracking update for your order, please go here: [URL] ^MB",2198984,Fri Nov 10 01:44:24 +0000 2017,,,,
1537538,3de551b8da6fa613fef66d9bf74e5c1cbf44d2629c044e3f3fafeecc9744c6db,[USER] is there any way of me paying more to get a parcel here quicker? I selected standard delivery but I wanted it quicker,"[USER] If your order hasn't dispatched, you may be able to change the delivery method here: [URL] ^LI",1537536,Sat Nov 04 01:03:44 +0000 2017,,,,
1556319,ff55f036bf8738eabb2cfc47b3dc841ea67e8a52fe812e16d650cf8cdd214c04,[USER] can I not use an Amazon Gift Card on [URL] What’s the point of linking the accounts then?,"[USER] No, Amazon gift cards are for Amazon. ^MC",1556317,Sat Nov 04 12:14:12 +0000 2017,,,,
1315571,2c61521bd19f73c3bed502c87f5006fc2ae38c6c8a8bda6d8c71ad059bb3cc76,Any plans to reduce #OnePlus5 phone price after 5t launch in India? Dream phone but not able to buy it 😭☹️ [USER] [USER] [USER],[USER] We don't have any announcements in this regard yet. Kindly stay tuned. ^AP,1315569,Fri Oct 27 07:23:17 +0000 2017,,,,
1558047,f15a537fd7d8dfa22a4efc6155b96fb5dddda3393b57f2a7995c9ba07128ef13,"[USER] hi I am trying to set up multi-room music across my echo and dot but when I select one, the other becomes unavailable. Help?",[USER] Play the same song from multiple Echo devices by synchronizing them in the Alexa app! Learn how here:[URL] ^ZW,1558045,Sat Nov 04 12:46:15 +0000 2017,,,,
210526,31a92d7711ab7e183425c035e4cc434e3ca571841e1bb3b8804fadb6fc2ad5d2,2nd time failed frm pymnt gatway fr bokng iphone6 32Gb gray cost 20k thn imdate incrsd to [NUMBER].Wht's offr running don't undrstnd [USER] [URL],[USER] We apologize for this. I am sharing your comments internally to work on. ^CB,210524,Wed Oct 04 18:13:27 +0000 2017,,,,
1071040,31a92d7711ab7e183425c035e4cc434e3ca571841e1bb3b8804fadb6fc2ad5d2,Items has not been delivered yet but order status delivered. So cancelled the order#[ORDER_ID]. [USER] [USER] [URL],"[USER] Please connect with our support team here: [URL] for any further assistance. ^HA [USER] Please don't provide your order details, we consider it personal information. Our Twitter page is visible to public. ^HA","1071039,1071041",Mon Oct 23 16:01:36 +0000 2017,,,,
2914603,6dd617acbbff4d1ef1e754e4086b43bd31695643f38e52adcd632e97c51ce73b,Such a large envelope for such a small book. [USER] should be ashamed at this waste. [URL],"[USER] I'm sorry for the trouble this may have caused! We appreciate your feedback regarding the packaging of your order. When you have the chance, we'd like to hear more about this! Please provide more details here: [URL] ^VB",2914602,Tue Nov 28 22:29:50 +0000 2017,,,,
680443,073b41212ad0f3058f624d7f512c5364cd5508b0d7a906d27787b6c43518065d,"People are still thinking of getting [USER] Prime Memebership meanwhile I received a mail for Renew.
[USER] any offer available ? [URL]","[USER] Time does fly by, haha! You're getting the chance to renew the prime again at Rs. 499. ^HD",680441,Sun Oct 01 18:06:24 +0000 2017,,,,
2245438,d556b23c9d764b9eb610493d7ca51154428d4b38d89fe0dbf5ef78c09dd30942,Amazon does not allow any direct phone calls for inquiries.  They are blocking their customers from contacting them about issues.,"[USER] I'm sorry if you've been unable to reach us. We have several Customer Service teams and when you use [URL] it will route you to the right team. If you're unable to reach us through that link, let us know. ^MG",2245437,Sat Nov 25 15:01:36 +0000 2017,,,,
934276,a191c0d3937c5694754a8fcb0a36c265460275a8c6968627b16fba27fb3d20d2,"Me habéis cobrado un mes de Amazon Prime cuando ni si quiera estoy suscrita, ¿Me explicáis? [USER]","[USER] Hola, lamento lo sucedido, por este medio no contamos con acceso a tu cuenta (1/2) [USER] (2/2) ¿Has entrado en contacto con nuestro Servicio al Cliente para verificar lo sucedido? ^AZ","934275,934277",Sat Oct 21 17:40:13 +0000 2017,,,,
1826117,e8cdb5c5647611b2bab17523d62ae1b1860a0cef0a89a558110c24a9eac548c5,Really [USER] a box for two small batteries #waste #excessbaggage #amazon [URL],"[USER] We’re always looking to improve, and would love for our Packaging team to hear about this: [URL]  ^ST",1826116,Wed Oct 18 04:12:33 +0000 2017,,,,
770079,31976f8e793c4d8a37f53f35eb07e3c7abed245185b0e74f570532af228a1f18,Shadow of War just got delivered to the house. You've done well [USER],"[USER] Yay! Glad it arrived, Chris! Enjoy the game! 🎮 ^AD",770078,Wed Oct 11 22:28:42 +0000 2017,,,,
930454,88cc23a1e9dc92ba872938eda0767ae7d454b2adf8675f848786ac4d17e3e24a,". [USER] Till today i had a great belief on this website but after receiving today's product i changed my mind ...""waste"" website",[USER] Sorry for the trouble. We'd like to help. Kindly get in touch with our support team here: [URL] ^AR,930453,Sat Oct 21 11:12:42 +0000 2017,,,,
577749,1ea87749ae09e7e64d15995326b22a13e924996265268048ad76da948a7e6fe6,[USER] you should be careful who you get to deliver your parcels they damaged our grass then full of abuse [URL],"[USER] Hi Peter, I am so sorry to see this is completely unacceptable behavior. Please fill out this form:  [URL]  and one of our team will be in touch, ^HS",577748,Sun Dec 03 09:54:08 +0000 2017,,,,
183514,9ceaeaac373d25b1c1744304be961060a1b133f35eed6c0462fdf8b882ac7295,"40minutos con [USER] al teléfono y no me han ayudado, encima ni es gratuito la atención al cliente :D","[USER] Hola Logi, sentimos lo ocurrido, ¿podrías comentarnos más sobre lo que ha ocurrido sin publicar detalles de tu cuenta? ^DA",183512,Wed Oct 04 11:35:22 +0000 2017,,,,
549427,5ce4dc8451c534e37d97abca47c287c28797a5e3577ccf975d4bab495ffe35d0,[USER] Gracias llego mi producto a tiempo nunca me fallan chicos. [URL],[USER] ¡Qué emoción! 🤗 ¿Ya estás listo para iniciar el juego? 🎮🙌 ^LG,549426,Sat Dec 02 18:28:54 +0000 2017,,,,
2312740,5ce4dc8451c534e37d97abca47c287c28797a5e3577ccf975d4bab495ffe35d0,Siempre puntuales! Gracias [USER] [USER] #TheEvilWithin2 #ps4 [URL],"[USER] Con mucho gusto, Crono. 😊 ¿Ya lo estrenaste? 🙂 ^JQ",2312739,Thu Oct 19 22:12:48 +0000 2017,,,,
2513646,540eea672b587fb8e5c837401db7643e133c9403f29fac7fcfd5f1226f972824,"[USER] 2 parcels arrived yesterday, one is bashed with a dent in it and the other has ripped lining!",[USER] My apologies Nikki. Were the contents damaged? ^DC,2513645,Mon Oct 30 06:59:30 +0000 2017,,,,
1305178,934d91d6950fe989613f5fd1d0230c1bfa22444763fd3ef6f3086d098e4bf50e,"Hey [USER], why do I not have actual 2 free two shipping as an option? Tell me again why I pay that prime membership fee? [URL]","[USER] Hey Hilda, you can find how we calculate shipping dates here: [URL] Let us know if this helps! ^LS",1305176,Fri Oct 27 01:59:37 +0000 2017,,,,
1415568,934d91d6950fe989613f5fd1d0230c1bfa22444763fd3ef6f3086d098e4bf50e,This is my 3rd time buying something on [USER] prime and facing this as my free “2 day” shipping option. You guys are atrocious [USER] [URL],[USER] Two Day shipping is from when the item ships not when the item is ordered. More info here:[URL] ^BA,1415566,Thu Nov 02 02:22:27 +0000 2017,,,,
224824,713c6684bba43b0fe992ee997de9572dd563528b8a3a31845ecb4e635593d14a,"[USER] la semana pasada compré 2 almuhadas de viaje que van fatal,producto deficiente. Que alternativas de dáis? Estoy en EEUU.","[USER] Hola, puedes gestionar una devolución desde el sitio web: [URL] ^AR",224823,Thu Oct 05 05:43:12 +0000 2017,,,,
2489018,218de4c4d7676d0f3dbb109b422d3b5a416ac699b67b9a4bc45f828378a1111e,"I️ love Amazon Prime, that is all!",[USER] We love that you love it! Thanks for being an awesome customer! 😁📦 ^TG,2489017,Sun Nov 26 16:51:16 +0000 2017,,,,
55044,4c44a8f3915a71414ac732c1684e43a27f1778411a4be6ea4994ccc41d37b632,"where my AR view at [USER] 

[URL] [URL]","[USER] Have you had a chance to check for updates on the app? If this doesn't work, please try to uninstall and reinstall the app. ^GR",55042,Wed Nov 01 19:12:57 +0000 2017,,,,
1688769,3cecddaa53107a19cff71e49d91f7d50cc0e0b7b9bd73030f73252bc871bc768,Really [USER] ? Two light sabres from the same place sent in two massive boxes with a mile of paper in each. #notenvironmentallyfriendly [URL],"[USER] Hey Alice, I'm sorry! Please leave feedback here to help us improve  [URL] ^AT",1688768,Sat Nov 25 13:28:39 +0000 2017,,,,
2600853,7c1ce5910a5a0f88cabb42b611b4034ac67b434aa14287a9e6b41e55e2cd563a,[USER] EQ0001544783. Necesito saber a qué vecino han dejado este pedido ya que no me lo han comunicado. Es por no ir puerta por puerta mendigando. Gracias,"[USER] Hola, lamentamos lo sucedido. El pedido que nos comentas, ¿Fue vendido por Amazon o por un vendedor externo? ^AV",2600852,Fri Nov 17 07:19:18 +0000 2017,,,,
172250,df3a573aa2c715e2ca89c038edfde35b09a7c3230cc9b2da0f2fc73e45ebc77b,[USER] why are your drivers so lazy?,[USER] Hello there! We're here to help. Are you having issues with a current order? ^JP,172249,Fri Nov 24 22:36:27 +0000 2017,,,,
2436404,df3a573aa2c715e2ca89c038edfde35b09a7c3230cc9b2da0f2fc73e45ebc77b,"Thank you [USER] for screwing up another order. I’m done, ordering from amazon is no longer a convenience.....",[USER] I'm sorry there have been problems with your orders. Please contact us directly for options here: [URL] ^JF,2436403,Sun Oct 29 14:52:15 +0000 2017,,,,
2974894,7e4426b20a61b65ec19e517bbccbfee9060fc8b51dc98b857085bf3e0357bac9,"[USER] via #UPS 3 days ago: “your package is out for delivery.”
UPS now: “a carrier delay has occurred.....” loosely translated: “we have no idea where your pkg is.....”","[USER] I'm very sorry for the delay. Whenever you have a chance, reach out to us here: [URL] We'd be happy to look into options in real-time with you. ^SK",2974893,Thu Nov 30 02:34:08 +0000 2017,,,,
1568798,8b958ba7492aa79b9de3fcbd2a9def7a6d74834db906fb50b054db10a4f64d16,"[USER]  Amazon customer care is not connecting I need urgent call back on [NUMBER] 
Can some call me",[USER] Kindly arrange a call back via: [URL] we'll be happy to help. (1/2) [USER] Please don’t provide your order details as we consider them to be personal info. Our page is visible to public. ^SG(2/2),"1568799,1568794",Sat Nov 04 14:54:09 +0000 2017,,,,
330923,94c8ec8f9ef351178cd1f3ceec9357520bc95659625db39b77b8a5f5bfd67bd5,"[USER] [USER]  I want to buy ""
Adiko High Back Office Chair (Cream) by Adiko""  but when I proceed for payment .","[USER] Sorry about the unavailability of service in your area. Due to certain restrictions, we'll not be (1/2) ^HD [USER] able to deliver products at all pincodes. Request you to try an alternative address. (2/2) ^HD","330930,330920",Sat Oct 07 17:38:37 +0000 2017,,,,
783340,deb558de5e7ede5b208269dc310e0525aed1ee20982b93285e349564b850b315,"[USER] [USER] [USER] [USER] I have raised this concern multiple times,when I am in free tier why am I being charged?Care to answer [URL]",[USER] I'm sorry for any frustration this may have caused. Please reach us here: [URL] so we can take a look.  ^AG,783338,Sat Oct 28 02:31:17 +0000 2017,,,,
900887,deb558de5e7ede5b208269dc310e0525aed1ee20982b93285e349564b850b315,[USER] [USER] you can suspend my account if you wish to. But why should I pay u if my instances are unused for so many months ??,[USER] I was unable to comprehend. Could you elaborate the query? We'd like to help. ^VM,900885,Sat Oct 21 04:27:32 +0000 2017,,,,
2216684,deb558de5e7ede5b208269dc310e0525aed1ee20982b93285e349564b850b315,[USER] [USER] can someone help please ??? [URL],[USER] May I please know when did you receive your Echo device? ^SI,2216682,Fri Nov 10 07:02:35 +0000 2017,,,,
1366245,d47f9dc2f9feda948ac11e038765257e5fdc4f501be3280e90a5eab2b553536e,S/o to [USER] for delivering an open & empty package & blaming [USER] would love to know how a ripped open empty package gets delivered 🤔😒😡 [URL],[USER] Oh no! Let's look into all of your available options with you when you get a chance here: [URL] ^DW,1366244,Fri Oct 27 21:53:39 +0000 2017,,,,
153707,e9007893489ee5733c2b82aed53f5a2a0c15ca9317ead9fde6c5d7046b923e28,[USER] I ordered a PS plus 1 year subscription but it says additional verification required help please,"[USER] Hello Tee, have you received any emails from us regarding the order? ^TE",153705,Fri Nov 24 16:12:22 +0000 2017,,,,
2985527,99c84b9dba0759727afc752ac3f7b449b92db2a13e1c1ce886862f6052ddb6d1,"[USER] trying to contact you about a parcel that’s was “handed to resident” on Tuesday, but wasn’t seems impossible 😳 help please! #Stressed",[USER] I'm sorry for the delivery experience. We'd like to help if we can. Please reach out to us here so we can look into this together: [URL] ^MO,2985526,Thu Nov 30 06:28:10 +0000 2017,,,,
1280782,554cb7e59b69e64446f8f18ec83ea8d8ed1b169f045df8c20d61363968933998,Very displeased with [USER]’s customer service. they will disconnect without giving a resonable solution. Will def. be cancelling Prime.,[USER] I apologize for the poor experience. This isn't what we like to hear! What options were you given when you spoke with us? ^FD,1280780,Thu Oct 26 19:18:26 +0000 2017,,,,
91241,96f7a64e4f9611a46060dd47988f8575f75b088b58f184717b4d7ae4a0e865e3,Ooh baby! Look what Just arrived in the mail [USER] ahead of schedule THX to [USER] [URL],"[USER] Hi Paulo, this book is amazing! You'll love it! 😍❤ ^DA",91240,Thu Nov 30 15:22:56 +0000 2017,,,,
2806617,badbd5bcdee7180a86c920e75f691126157851ec655f9eaafba6f5ba303a3609,Amazon really charged me for a full year worth of prime membership AND is charging me monthly. I hate my life,"[USER] This isn't what we like to hear! Are you seeing the charge on two different accounts? Also, to cancel Prime, please visit this page: [URL] ^BH",2806616,Wed Nov 22 03:44:57 +0000 2017,,,,
570820,db3151a468ae802407ce1f17c572268e0f74cd9ce6b4025e822fcd2d3ec4408c,"[USER] I know I’m using a free trial of Amazon Prime, but this really doesn’t bode well for me renewing it after the trial ends. [URL]","[USER] I'm sorry for the delay! Although rare, shipments can sometimes be delayed due to unforeseen circumstances. Please let us know if your order hasn't arrived on December 6 by 8 PM. ^LR",570819,Sun Dec 03 03:42:38 +0000 2017,,,,
810244,14cb2b78a172fbf3fca2930b4b2d8769d11a40ffaf9af4a6ee52de9bca284c47,[USER] j'ai commandé un article le suivi de commande le dit livré mardi hors il n'y a rien dans ma boite aux lettres,"[USER] Br, je suis désolé d’apprendre cela, je vous suggère de contacter notre SAV pour ouvrir une enquête à ce sujet. Merci ^RA",810243,Thu Oct 12 18:54:38 +0000 2017,,,,
1533666,568ab218263be98967951e8b7f19c03ae9efff14d395444fb7c00662a9cbb252,[USER] Apalling customer service for deliveries yet again!!!!!!!,"[USER] This isn't what we strive for! Without sharing any account or order details, will you tell us what happened? ^DW",1533664,Fri Nov 03 23:34:55 +0000 2017,,,,
2960491,e398bf1eaa42b3b3d4b0af08447997e7137a083c2469dde87a584ea86db30399,For fucks sake [USER] still not received my package that was meant to be delivered on Saturday!,[USER] I'm sorry your item hasn't arrived as expected! What's the latest tracking status show here: [URL] ^KP,2960490,Wed Nov 29 20:41:12 +0000 2017,,,,
815514,ea943ab685f814b84e847669c8b7d370bd15485ddf9b79bbdf80be464904aaa0,"[USER]  I have four orders which needs to be delivered by thursday.
Check with [NUMBER]/[NUMBER]","[USER] We dispatch packages to meet the estimate delivery dates. Could you please let us know the estimate dates for your (1/2) ^MO [USER] orders? Please don't provide your phone number, we consider this personal info. Our page is visible to the public. (2/2) ^MO","815513,815515",Tue Nov 07 14:58:06 +0000 2017,,,,
428277,b8e9cdb0f8e892281fd43b306f9028eaac9d4b411d48c852e483fac4b87a8145,"Mi niña ya llego 😍😍😍😍 
#ClarkeGriffin 
[USER] [URL]","[USER] Woow amamos tu nueva mini Clarke 😍, ¿es la única de tu colección ? ^MB",428275,Tue Oct 10 13:31:34 +0000 2017,,,,
512394,9d24c88d23e50bf022d738821cfa42a4b77e2fb91a799756e351284832a67fed,"Hey [USER] based on the current events in the news, it would be great if your rep didn’t say things like “I really like the sound of your voice.”","[USER] This is never the level of service we expect, Erin. We take these matters seriously, and we'd like to look into this. When you get a chance, please send us your details here: [URL] ^JM",512393,Fri Dec 01 23:20:13 +0000 2017,,,,
2226457,cf52788cfc68172faa031388c03500af71f2509eea1da07698b2d317e243ec30,Mi ha appena suonato il corriere di Amazon😏 #Repuation,[USER] 😍 ^PS [URL],2226456,Fri Nov 10 10:07:12 +0000 2017,,,,
602336,29420a34c560ea82078e111203f65131855ac9fd7df82d99b64141e3856a1e92,cuando [USER] perdio mi paquete [URL],"[USER] Hola Eduardo, lamentamos los inconvenientes que hayas tenido. Puedes indicarnos ¿en este momento tienes algún pedido pendiente de entrega? Estaremos encantados de ayudarte. ^MZ",602334,Sun Dec 03 21:45:00 +0000 2017,,,,
2019839,b9a09160d7281e080e0afcc3c9b6b192f4046f560777ac0024694376919a2816,[USER] do u work 24/7,[USER] You can contact in directly 24/7 by using this link: [URL] ^GL,2019838,Wed Oct 18 20:49:32 +0000 2017,,,,
150609,a7ead2c03f5b89d1bcb8f1f02c5e8772f235dc7c5674dde1eca1cb203b0b09f5,[USER] I haven’t received my email confirmation and ordered a few hours ago,[USER] I'm sorry for the trouble with your order. Are you showing the order in the Your Orders section of your account here: [URL] ^AN,150607,Fri Nov 24 15:15:43 +0000 2017,,,,
2171006,a7ead2c03f5b89d1bcb8f1f02c5e8772f235dc7c5674dde1eca1cb203b0b09f5,[USER] yet again you have failed to leave in my safe place as requested 😡,[USER] Sorry about this. Which Amazon website did you place the order on? ^KM,2171005,Thu Nov 09 11:43:25 +0000 2017,,,,
1163370,a2543d0ca9783d241fb3fefac14e7de0650518c154b296c5a7a6bc709933ce8c,Poi #Amazon ti regala un ebook gratuito perché sei iscritta alla sua newsletter(?)!,[USER] Ci piace sorprenderti! ;-) ^GD,1163369,Tue Oct 24 16:28:03 +0000 2017,,,,
2845476,9be78ed8aac60b1d48c8b69070c181faafb7b0297e9a5a55804317c9fe89a7f4,[USER] not that it matters with this order but this packaging is awful. It was shipped half open. [URL],"[USER] So sorry to see this!  It does matter to us- thanks for bringing this to our attention. When you have a moment, would you mind passing your feedback along here: [URL] ^BL",2845475,Mon Nov 27 18:03:10 +0000 2017,,,,
999130,112c4a2b3438f8ba0290321907f32a6c7294ef24e977d3df7f9c4cc3da213f8b,Esque la livraison en 1 jour ouvré est payante ou pas ?🤔 [USER] [URL],"[USER] Bonjour, la livraison en 1 jr est gratuite avec l'abonnement Prime. Plus d'infos: [URL] et 9,99 EUR sans Prime",999129,Sun Oct 22 16:58:32 +0000 2017,,,,
534958,71ecb2de6f3c3285bd249b541320b4157f0d81017a9d03bcf09d268758b49acc,"[USER] ça se passe comment les conditions de stockage dans votre entrepôt ? Car moyen l'état de cette boîte pour offrir , étant prime c'est la première fois que je suis déçu comme ça en recevant la commande [URL]","[USER] Bonjour Anthony, navrée pour cela 😓 L'avez-vous signalé à notre SAV je vous prie ? ^MA",534957,Sat Dec 02 12:15:18 +0000 2017,,,,
2279377,e89212511b721d7b7eacbb2575ea9434be7ffbb5bf24c1283f64043c71fe7a6c,Don’t return registry items back to [USER] - they keep your $ even though tracking (that they provided) says it’s delivered.,[USER] I am so sorry but the delay! You can check the status of your refund here: [URL] ^LS,2279376,Sat Nov 11 19:37:22 +0000 2017,,,,
2881836,42b483a6b4de47e0bdf43af9f5ef807aa0c8e944c20c343e46f02263d99fc7de,[USER] this is how we are getting our packages. [URL],"[USER] Sorry to hear you've received the package in damage condition. If you want to return the package, please visit here : [URL] to raise the return request. Also, I will be sure to forward your delivery feedback to our team internally for a review. ^HS",2881834,Tue Nov 28 09:23:37 +0000 2017,,,,
2937467,fac61b3d4afaaa05920ea14c391a6aba9978fe4ace3775b784270a0e75813e53,"[USER] tu peux pas leur faire confiance pour les cadeaux, ils envoient de la pub du cadeau au concerné 🤦🏻‍♀️","[USER] Bonjour, pouvez vous m'expliquer davantage?
^YL",2937465,Wed Nov 29 11:47:44 +0000 2017,,,,
300020,d575e4311943f0111f69b639d25f63cb25163a41fdfddd9e8e9261908aa60406,"[USER] hi I was told my parcel would arrive by 9pm tonight, it still says it’s out for delivery -am I assuming it won’t arrive today now?",[USER] I'm sorry for the delay! Late packages tend to arrive the following day. Please let us know if it doesn't arrive tomorrow.  ^AG,300018,Fri Oct 06 20:18:42 +0000 2017,,,,
1379339,4415b0d5454892bedb61b4241a4be1859b56eb8756647f03b85380d54d9cbc7d,[USER] [USER] C'è speranza di avere l'app #PrimeVideo sul Sony UHP-H1?,"[USER] Attualmente non abbiamo aggiornamenti, per vedere i dispositivi compatibili clicca qui: [URL] A presto! ^GA",1379337,Mon Oct 16 15:28:48 +0000 2017,,,,
2735511,bd286328de194e857e2e512aa5aa2bdff53ab050644458da8ec996a2521090dc,"And my Black Friday Trypticon is here. #Transformers.. Thanks, [USER]!",[USER] Woo hoo! Trypticons! Which one did you get? ^NN,2735510,Sun Nov 26 23:26:04 +0000 2017,,,,
2638453,9d192747f6e3cf9ba2abe70b09b6998b6aac8b2f2c27a80ab538f2db60ec2e02,My shower curtain hasn’t arrived and I’m bummed. You got 4 more hours [USER],[USER] Don't worry we delivery until 8pm! Let us know if you don't receive it by then! ^LS,2638452,Fri Nov 17 20:57:21 +0000 2017,,,,
1077774,572cf2566ada7b167f80cba67c3b7f513df5f7b42cfaa90c92860aeb19eb4453,"Amazon, honey, I do not pay for prime so that AMZL can mark things as delivered, not deliver, and then mysteriously drop them off 2wks later.",[USER] I'm terribly sorry for this conflicting information. We'd like to look into this further. Please pass your details to us here: [URL] ^RR,1077773,Sun Nov 12 01:35:31 +0000 2017,,,,
2379755,572cf2566ada7b167f80cba67c3b7f513df5f7b42cfaa90c92860aeb19eb4453,"Oh, hey, an AMZL package that was actually straight up stolen. I fuess I won’t be wearing that shirt to mechcon???","[USER] I'm so sorry to see this! Please reach us directly via phone or chat when you can, here: [URL] ^DW",2379753,Tue Nov 14 05:03:05 +0000 2017,,,,
2571931,ac3a53ba374050896a20da6dccd97d0fe7ebb77883369082073f911110397e0c,"[USER] I started the return process to return a book that I don't need, but this is the message I got. Do I really not need to ship it back? [URL]","[USER] Thank you for reaching out to us! We are unable to access account information via Twitter, but we would still like to help! When you have a moment, please reach out to us here: [URL] ^AL",2571930,Thu Nov 16 19:51:23 +0000 2017,,,,
198440,c7aa8a4bd4fa8efb6779e98e9f6bf5fc03bf2c4a0221e5352cfbc96d4bcd6238,[USER] Do you guys have the newest Best Am Short Stories in your NYC bk stores? [URL],"[USER] Unfortunately, we don't have access to their inventory. You can go here for some contact info: [URL] ^MJ",198439,Wed Oct 04 20:16:05 +0000 2017,,,,
1652952,07654d784a4b8f0623378db336f6a2364ae3cba9c982d0ba0358f5a94d47b596,My father ordered Nokia Mobile through [USER] [USER]  [ORDER_ID] Agent([NUMBER]) this what he got [URL],"[USER] Have you reported this to our support team here: [URL] ? (2/2)^HR [USER] I’m sorry about the issue you’re facing with order. Let us look into it. (1/2)^HR [USER] Also, as this a social medial platform, please don't provide order details. We consider it personal information.^HR","1652953,1652954,1652949",Mon Nov 06 07:10:56 +0000 2017,,,,
273625,961d8469396a4241eb16628aa2ec2176e9b80658276c7e2da8f1949428c9861f,Amazonからやっと火花DVD届きました！サイン書かれてるー！神谷伝記は大切に保管します [URL],"[USER] お待たせいたしました🙏
Amazonをご利用いただき、ありがとうございます😊✨ YM",273624,Fri Oct 06 04:52:42 +0000 2017,,,,
934371,cd2a02aff19d46ad4f68f9336e0fdc72c91c0175da94a82c448b408c0e0c21c6,[USER] i have requested a return request of my product but [USER] are not coming to pickup and even they didn't called me,[USER] We would like to help you. Please share your details with us here: [URL] We'll get in touch shortly. ^CB,934370,Sat Oct 21 17:32:01 +0000 2017,,,,
2805922,cd2a02aff19d46ad4f68f9336e0fdc72c91c0175da94a82c448b408c0e0c21c6,"Thankeew [USER] for solving my problem, good behaviour by customer care executive",[USER] You are most welcome! We are glad to know that your problem is solved. Do keep us posted on any further concerns. ^SC,2805921,Wed Nov 22 02:40:49 +0000 2017,,,,
1558701,1e21bf48045db05a41819115ab9c809aa1ac2cdc97ff042d51c68bebe520310d,[USER] An item says it has been delivered but I've not received it! Help!,"[USER] Hey, can you please follow these steps here: [URL] to try to find the parcel? ^RS",1558700,Sat Nov 04 13:01:58 +0000 2017,,,,
2933521,ca9e5c0bbf2ee30a808f069154cdbc798e11d39fdbd88b10238b9a942df55fca,"Ich glaube mein Amazon TV Stick ist noch im Sommerstimmung :D
[USER] [URL]","[USER] Du hast nicht zufällig kürzlich folgendes Lied über den Stick abgespielt? [URL] Spaß beiseite, stell in den Einstellungen mal auf Celsius um! 😉 Viele Grüße ^TR",2933519,Wed Nov 29 09:35:23 +0000 2017,,,,
674282,aed9d596e4dc74556810cae678e87d5dbc5668d7a925d0f95d9b56ebeca1c09d,[USER] can you help me with a quick question? I’m getting charged with some transactions that’s saying Amazon Video on Demand. I have amazon prime though. What’s the deal?,"[USER] Hey Omar, can you check to see if you have any Amazon Video subscriptions on your account? You can find more information about it here: [URL] ^PJ",674281,Thu Nov 23 10:13:21 +0000 2017,,,,
1730165,aad469d9cf2c1cd2c6b9b77e644beae804fd01050ab7637f433e62619f30fa08,"Hi [USER], this was left in the hallway of our flats with absolutely no detail of who it’s for! Not the only time either. Can you help? [URL]",[USER] Are you or anyone else expecting something? Have you checked any possible safe places? Keep us posted. ^PK,1730164,Tue Nov 07 11:17:56 +0000 2017,,,,
1730174,aad469d9cf2c1cd2c6b9b77e644beae804fd01050ab7637f433e62619f30fa08,[USER] this was left in the hallway of our flats with no info for who it is for! Can you help? [URL],"[USER] Hey, its not giving any order information but the order will have an address so the person at 8 will see who it is for. ^AS",1730173,Tue Nov 07 11:21:00 +0000 2017,,,,
396052,b4a1caf1349ea5ad197ccd1a2fb46a9f4d742f8d0b96f6fc0fcb9113d1436478,"So [USER] screwed up 3 out of 4 separate orders delivered to me, all today! A new personal best.",[USER] Sorry for the hassle Anant. Please report this to our support team here: [URL] and we'll check this. ^HN,396051,Mon Oct 09 17:48:46 +0000 2017,,,,
392194,296e6397654090ab5910e3c441119ab935b0675fc417f7892d7e4f68c8d39855,"[USER] Hi, i recently moved to the UK, do I need to get a local Prime subscription or can i move US one?","[USER] Hey Andre! In this case, I'm afraid you'll need a separate Amazon Prime subscription for [URL] ^BG",392192,Mon Oct 09 16:28:42 +0000 2017,,,,
1939153,b523030f384cc75590c1996953f1b317fb925f3a154e3797b66f754641064a40,My package didn't get delivered bcos the house was locked. The delivery guy should've atleast called before going back 😏 [USER],"[USER] I'm so sorry to know about that, Ankit. Have you reported this to our support team here: [URL] ? ^MP",1939151,Wed Oct 18 13:37:55 +0000 2017,,,,
1774000,8c2e3e640ec0da09d992bcc63a4fb7a1583336dccbfa0785fef2c5ddc0c32c00,Ok apparently with Amazon Flex they have the driver take a picture of my house to let me know my package was delivered. NO THANKS. Go back to using UPS so my shit will arrive at 5 instead of 9 at fuckin night,[USER] I'm sorry the order arrived late! Please submit your order details here: [URL] so we can take a closer look ^TN,1773999,Wed Nov 08 03:09:17 +0000 2017,,,,
842139,7d1961c5bc80f6579cf9d7b4f630f6202acd7654a319653f11f380c5d1890edc,"[USER] [USER] hi team, need to know if the balance in amazon pay can be made transferable to other users..as the balance lies idle..",[USER] Unfortunately there isn’t any option for transferring amazon pay balance from one account to another. ^SB,842138,Fri Oct 20 12:26:32 +0000 2017,,,,
2355229,90730d81ee4cbe26adfbea9baf3ec3993e15a17b6974a6bcfd5fb2c39d7c212d,[USER] hey what's up with my order? [URL],"[USER] I'm sorry your earphones haven't arrived yet. Is there a carrier assigned to your order currently: [URL] If so, can you tell us who it is? ^VS",2355228,Mon Nov 13 19:04:36 +0000 2017,,,,
2260753,5d1a40333b066a7cffb69d3307996fe8d2527c6cf9d969f501b06dffa3fd204b,"[USER] eu te amo ❤️ meus livros chegam rápido, são baratos e ainda manda descontinho pra compartilhar com os amigos",[USER] Olá! Saiba que o amor é mútuo. Só o melhor para nossos clientes brasileiros! <3 ^CR,2260752,Mon Nov 06 22:26:41 +0000 2017,,,,
1366162,8592d6bb5d55298804c0d0032a41135fbc207f6073d9c92df2e1a3802212db83,Why is [USER] 's  One Day Delivery on Prime only offering to get everything here on Tuesday 28th (3 days later?),[USER] Hi Bradley! Some deliveries may take slightly longer than usual due to this busy period. [URL],1366160,Sat Nov 25 12:30:27 +0000 2017,,,,
2132904,d53b4a4bbf77707987554fb4d09f4a8e0063f861fd9ed47980664865961f8a22,"[USER] [USER] Network up, unable to connect to servers. #WOW [URL]","[USER] I'm sorry for the frustration! Let's try some troubleshooting steps, found here: [URL] ^AC",2132903,Wed Nov 08 19:59:58 +0000 2017,,,,
2298714,fa68bf6f18c2cf52b0dc181b230c0c850d092bb2cea301dabdda8e0436894703,"[USER] [USER]
Sir, i ordered a mobile on 7.11.17, expected Date of arrival was 13.11. 
I requested Amazon customer service atleast 6-7 time to deliver the product before 12th. Nothing happened n so i cancelled it.
My expectations were alot from [USER] .
Really upset",[USER] All the packages are shipped on time so that it reaches you by estimated delivery date. We wouldn't be able to assure deliveries before delivery date provided. Appreciate your understanding. ^GD,2298711,Sun Nov 12 14:49:41 +0000 2017,,,,
292291,1de02ea20007755ff57a937e454493bbe67f8e1171f3c5631e02d60c860d4a2d,[USER] Order no. [ORDER_ID] Unable to track or call delivery guy. Please tell me where the package is,"[USER] Please don't provide your order details, we consider it personal information. Our Twitter page is visible to public. (2/2) ^SV [USER] Sorry to know you were unable to reach our delivery associate. Please reach us from here: [URL] (1/2) ^SV","292290,292292",Fri Oct 06 15:51:47 +0000 2017,,,,
76101,0ef441b029413b0c20862bdeb8c215516449d333f98ba314fabdc62c740ce6bd,"[USER] this is what I received in box, an offer,  for giving good review to product purchased. Good way to fool customers who trust reviews on your site. [USER] [USER] [URL]","[USER] Sorry for the disappointment. Believe me, this isn't what we intended. Please report the issue to our support team using this link here: [URL] and we'll have this checked. ^KA",76100,Thu Nov 30 05:35:24 +0000 2017,,,,
372863,06a769ee1f4aeb04f0be7cb873468b04595e10610e3c14372079082f1e4df819,Oi sumida [USER],"[USER] Olá, Bru. Como podemos ajudar você hoje? ^CR",372861,Sun Oct 08 23:50:42 +0000 2017,,,,
390421,06a769ee1f4aeb04f0be7cb873468b04595e10610e3c14372079082f1e4df819,Alou [USER] [USER] meu produto esta constando como entregue e eu nao recebi nada ate o momento [URL],[USER] Pode falar com o SAC ([URL] eles te ajudam! ^VL,390420,Mon Oct 09 15:32:40 +0000 2017,,,,
633697,06a769ee1f4aeb04f0be7cb873468b04595e10610e3c14372079082f1e4df819,"[USER] oi, como faço pra solicitar a troca de um livro que veio amassado???","[USER] Oi Bru, sinto muito pelo acontecido. Pode falar com o SAC ([URL] eles te ajudam! ^VL",633695,Wed Nov 22 16:35:17 +0000 2017,,,,
832655,07a7c0a96ebb1753acea24463afb8018a94394c0d293ad3d6abd08667f056477,"[USER]  - Return policy not processed for an order , faced 15 day turn around.",[USER] We have responded to your DM. ^SF,832654,Fri Oct 13 05:34:00 +0000 2017,,,,
158707,6adb9fbaaecdf731b6938cee7e9cde7b9a19281a25ac82f7239aef6985e2328e,[USER] black Friday offer which is on sale is stupid n iphone 8 plus is 4% off is that even a offer u gets ours hopes high and give such stupid sale,[USER] That's quite a remark. I'll be sure to forward your feedback internally to the team concerned. ^MK,158705,Fri Nov 24 17:50:46 +0000 2017,,,,
1131292,110f37f183c672c28e4f87f987f0c0077943bd1bdb6e247ac403003d41dc82d2,Really dissapointed in the German [USER] today. Expected more.. Your postman destroys my post box and I get no answer at all 😩 #Amazon,[USER] This shouldn't happen! :( Please get in touch with our customer support via [URL] ^SK,1131290,Tue Oct 24 11:59:41 +0000 2017,,,,
425064,9d19304e15e373addbf1d105a3894a1f3c83f3b37257e92366c637bb8efa82e5,[USER] I got 2 day shipping and it’s been a week... help,"[USER] Thank you for contacting us today! As we don't have access to account details via Twitter could you confirm if your order has shipped? Also, what was the delivery date provided in the order confirmation e-mail? You can find that here:  [URL] ^AZ",425063,Mon Nov 20 16:13:07 +0000 2017,,,,
2536374,9e3667f9db3f54d040dab53d1c5aa1359728067445df12aa7b281210e4224827,[USER] worst service from Amazon. Bought this watch and got defected one. I am a regular user of Amazon but never expected this kind of service. Need to improve your service.,[USER] I'm sorry you've received a defective product. Please report it to our support team here: [URL] we'll look into it and help you. ^AP,2536373,Thu Nov 16 08:17:01 +0000 2017,,,,
2335509,fa12f76be4f3840463d0b20f03b22ba8a41bb53ae74d5a3aae36c3650703568d,[USER] is really losing my trust lately. Since all of the recent things I’ve ordered have been wrong and/or defective #veryunsatisfied.,[USER] That's not what we like to hear. Are you having this issue with a recent order? ^GG,2335508,Fri Oct 20 02:42:54 +0000 2017,,,,
2725888,790c945904d23b66fd8443e2cd46bdb69a0d098813e131124da32ab72a8262df,"Sorry, [USER], Service geht anders. Den ganzen Tag auf ein #Paket warten, heißt nicht, am Nachmittag einen Zettel im Briefkasten zu finden. „Sendung beim Nachbarn“.","[USER] War deine Sendung denn beim Nachbarn abzuholen? Falls nicht, wende dich doch bitte an unsere Kollegen vom Kundenservice, damit wir das genauer prüfen können: [URL] ^AW",2725887,Mon Nov 20 13:15:14 +0000 2017,,,,
2105015,ef23b1ce7bd63c62fa41e0ee6677c0e37e614fa03986bb9a80f9056d7b7a9286,[USER] [USER] [USER] [USER] is this how a mnc online company deliver its promise by opening the package before its delivered to customer never cominv back to order anything from this website guys [URL],[USER] I'm sorry to hear about this. Kindly report this to our team here: [URL] and they'll look into this. ^VN,2105013,Wed Nov 08 12:22:34 +0000 2017,,,,
2508121,8a62c373f5349da6cd548c5c3f54ee02a1ad1c4240b532480f4bf090958c8b5b,[USER] I ordered a product from you and payed extra because I refuse to buy from Wal-Mart and you drop shipped the damn thing from Wal-Mart! 😡 now they got my money due to lack of info on your part and I'm pissed...,[USER] I'm sorry for any inconvenience. Please get in touch with us here: [URL] for available options. ^EZ,2508120,Wed Nov 15 21:47:23 +0000 2017,,,,
2128951,27722fe668eaa3118973196a9d3aebcd27b3923c74e3c10fa95e2c1eb9bc8073,"Bueno señores/as , mañana no empezaremos de nuevo el stream, ya que [USER] no cumple con las fechas y encima te enteras de casualidad.",[USER] Hola. ¿Cómo te podemos ayudar? ¿Tienes algún inconveniente con tu cuenta o con algún pedido? ^JJ,2128949,Wed Nov 08 19:05:17 +0000 2017,,,,
1638828,c3abea99985dc6769ba56fc80fde2a64ff35355d5cb301beb7894741985cbcf4,"[USER] My order hasn't ship it yet, it was a preorder. It's been 3 days since the release. Is that normal? 🤔🤔",[USER] Sorry for the trouble! We'd love to help! Could you tell us the delivery date for your order?: [URL] ^VB,1638827,Sun Nov 05 19:05:31 +0000 2017,,,,
425468,6ccf6acfabd595155b0d363b09b4544e90c03865b4f12ea4780cd7370de13664,"[USER] hi there. i made an order using amazon prime now, and for some reason the order was cancelled and i can't seem to log in","[USER] Hi Ryan, sorry to hear that, when you try to login, what happens? ^AS",425467,Tue Oct 10 11:45:28 +0000 2017,,,,
2532009,8a987f6da347fffeff82b1438e59201d55c59d61d87696985f778a2fc0c1c3a4,[USER] are quite literally the most useles company on earth. prime service and next day delivery is a joke. been waiting a damn week,[USER] My apologies Cris. What does the tracking information currently state? ^DC,2532007,Mon Oct 30 11:32:10 +0000 2017,,,,
987767,2915054707617648d11457898751cb7cd293fbd794fc92d0c0805f89891f5bc8,[USER] is the worst service ever caled 4 prioritizing an order & no one has any idea of it #disappointed #amazonprime [USER],"[USER] We always try our best to deliver the order before the delivery date. However, we cannot promise about it. 1/2 ^AP [USER] I'd request you to wait till the estimated delivery date for the order to be delivered. 2/2 ^AP","987765,987776",Sun Oct 22 11:49:13 +0000 2017,,,,
2402446,ae20a9a20d51a85019458426bacaa9b5cd754ad0490765c70c2f78fdcbab420c,"[USER] da nutzt wer euer Logo. Wurde beim aufrufen einer anderen Website umgeleitet zu einem ""sie haben gewonnen"" scheiß . Vlt könnt ihr was mit dem Link anfangen ^^ [URL]","[USER] Danke für deinen Hinweis! Die E-Mail, die du erhalten hast, stammt tatsächlich nicht von Amazon.de; wir sind aber bereits dabei, der Angelegenheit genauer nachzugehen. Viele Grüße - Ralph",2402444,Tue Nov 14 13:35:47 +0000 2017,,,,
456610,354bd8b1453d0462275469af2ea4ad7b0f514137722b1a8723a82718fd2f812a,2nd time in less than 2 weeks [USER] has failed to get a needed package to me on time. Now going to miss live streaming an annual event for the Chamber tomorrow. I’m done! 😡,[USER] I'm so sorry for the inconvenience this has caused. We're here to help however we can. Were both these packages delivered by the same carrier? You can check here: [URL] ^BL,456609,Thu Nov 30 23:55:23 +0000 2017,,,,
1786046,df7ad40af0a7920bdd0e78dfb3a79080bc473ddf53e9834b4555cb2aef8173ae,[USER] Irgendwas ist bei Euch los. Mein Konto zeigt auf einmal keine früheren Bestellungen... Schwierig wenn man was zurücksenden will! Bitte prüfen!,[USER] Eventuell im falschen Kundenkonto eingeloggt? Hier auf Twitter schlecht nachzuvollziehen ohne Einblick in dein Kundenkonto. Meld dich bitte mal über [URL] bei uns. ^AS,1786044,Sun Nov 26 06:32:30 +0000 2017,,,,
2613264,864f41a65ecf9d67c7444a627d18773bbe43e23f41ea1f3237f768da2f5e1cc6,"[USER] Please tell me that my order is gonna be at my place tomorrow and not on Monday 😭
( [ORDER_ID] ) 
I don't wanna wait the whole weekend for iiiiit ☹️","[USER] We are happy to hear that the order is being awaited eagerly, we do our best to ensure that the order is delivered as per the estimates. ^SU [USER] Please don't provide your order details, we consider it to be personal information. Our page is visible to the public. ^SU","2613265,2613263",Fri Nov 17 12:34:18 +0000 2017,,,,
2724985,864f41a65ecf9d67c7444a627d18773bbe43e23f41ea1f3237f768da2f5e1cc6,"[USER] Bonjour, étant donné que je ne serai pas présent, je souhaiterai modifier l'adresse ainsi que le destinataire d'une commande sensée être livrée demain, est-il possible de modifier cela ?","[USER] Bonjour, vous pouvez modifier l'adresse de livraison de votre commande si elle n'est pas encore expédiée. Veuillez trouver la démarche à suivre directement sur cette page : [URL] ^SB",2724984,Mon Nov 20 12:24:40 +0000 2017,,,,
307214,93dab55561fd739a704711c22078ec0a506f11d217286fc80297b198256b5afe,[USER] you just lost a very good costumer over this. I'm so fed up of your horrible costumer service. Last buy. [URL],[USER] I'm sorry for the poor experience! Let us know what's going on without sharing any personal/account specific information. ^EZ,307212,Fri Oct 06 23:47:01 +0000 2017,,,,
1601855,4ccf58af45f909c39b55ff437b5f70a46e6ca298716e4b491f39231788477f34,Amazon Is slower than a snail #freddyfiles is late [USER] do something pleaseee [URL],"[USER] quantity ordered and selected delivery speed. The orders are delivered as per these estimates. Please wait until the same.2/2^AP [USER] I understand your curiosity to receive the order. However, our delivery estimates are based on item availability, the 1/2 ^AP","1601853,1601859",Sun Nov 05 05:33:40 +0000 2017,,,,
93589,b70570d8f596648a1db8d9cdfcd902f69de6ebc58986c3884eb7ca4f99661354,[USER] can someone look into order [ORDER_ID]. Supposed to be delivered today but it hasn't even left the facility. What's up? Prime member ordered on 11/27,"[USER] Hi, can you see any updated information on the tracking to your order? We can't access order information over Twitter.^PJ",93587,Thu Nov 30 15:35:01 +0000 2017,,,,
453322,b70570d8f596648a1db8d9cdfcd902f69de6ebc58986c3884eb7ca4f99661354,[USER] [USER] if Amazon can't handle HDTV orders and get things delivered when their supposed to maybe leave that to [USER] or [USER] 3 days and no status update for prime member. Good stuff,[USER] Hi there! We're sorry that you're having some frustrations with your recent Amazon order! We'd love to help. Can you please let us know what the promised delivery date is the for the HDTV? You can find that here:  [URL] ^JD,453317,Thu Nov 30 22:38:13 +0000 2017,,,,
480407,b24313bb3e49bf36e212a74196e26aefea1f09f085f595d13be14ba70dc6eab7,Kinda irked that the deliver man handed my package to someone that DOES NOT live on he address that was on MY [USER] package...,[USER] Oh no! I'm very sorry to hear about this! It's not at all what we expect from our drivers. Were you able to retrieve the package from who it was left with? ^ZW,480406,Fri Dec 01 13:07:18 +0000 2017,,,,
480548,b24313bb3e49bf36e212a74196e26aefea1f09f085f595d13be14ba70dc6eab7,And what’s even more annoying is that the contents of MY [USER] package was a part of my outfit for our Christmas pictures... [USER] your customer service rep told me to wait for it to be delivered today... but it literally says that it was DELIVERED.,"[USER] So sorry to hear that your tracking is showing delivered, but you haven't yet received your shipment! In some cases, the package may incorrectly be marked as delivered prior to the delivery being completed. If you don't receive it today, please let us know! ^GS",480546,Fri Dec 01 13:10:08 +0000 2017,,,,
2612340,e31ef26ba23489b798d7702e26ce7c95a72940fe28e495a88318b46ea01315a1,"Amazon Logitics c'est vraiment une catastrophe ... [USER] [USER] 
Délais plus longs et non respectés, livreur qui ne prévient pas de son passage... C'était mieux [USER]","[USER] Bonjour Thomas, je suis vraiment désolée d'apprendre cela. Rencontrez-vous un souci de livraison avec une commande en cours ? ^SB",2612338,Fri Nov 17 12:11:15 +0000 2017,,,,
1741852,a707753ebe366d9b7037533da3ebbbcd33c3db6a0c23b7f242537d2da2fa0ef1,"1.  Dear [USER], Please don't allow YOUR branded delivery service to ruin your good logistic-savvy name.","[USER] I'm sorry to hear this! Without posting personal account information, can you tell us more? ^KP",1741851,Tue Oct 17 20:05:15 +0000 2017,,,,
2731195,8cdd77f157acd8e20854ae5ae07b8689cc33f8a441aeea9fc6c7ae97683fb7bf,"[USER] in the USA you can gift a years prime membership.  Can you do this in the UK and if so, how?","[USER] At this time, gifting a Prime Membership is not available in the UK. We value our customers' input. If you'd like to provide feedback you can do so by e-mail here: [URL] ^JF",2731194,Mon Nov 20 15:12:14 +0000 2017,,,,
1253859,8278102a862c850c275464015255b6d216da2d57191f310956e86bdefe339356,"[USER], new Kindle app design is terrible. Most of screen, top and bottom, taken up by book (cont) [URL]",[USER] I'm sorry for the trouble! Can you confirm which platform you're using the app on? We'd like to help! ^ST,1253857,Mon Oct 16 04:15:29 +0000 2017,,,,
712054,f920c56ed6a0e0d65a1020fccc77e36d3628a9362801fc44b4ed9dd2f3e960b3,[USER] I am furious!  Your customer service has been deteriorating over the years but today is an all-time low.  FURIOUS,"[USER] I'm sorry you had an upsetting experience with us. Without sharing account info, can you tell us what happened? ^VS",712052,Tue Oct 10 21:55:41 +0000 2017,,,,
2906668,80cac5315b227a49b992374b45bfd7a460ca4d39269eb04cb8feb0dbb5ae091d,"On m'explique l'utilité du Prime ? [USER] 
Non parce que au bout d'un moment j'ai plus l'impression que ça m'est utile, vu que tout arrive avec 3/4 jours de retards. [URL]","[USER] Bonsoir, désolé pour cela. Avez-vous reçu un e-mail expliquant la raison de ce délai supplémentaire ? ^KD",2906667,Tue Nov 28 19:44:28 +0000 2017,,,,
985088,e7a0d3be935271d8bccb9b7be6652b743121b3a77d03e8e27a28f9f8bc599e4a,Very disappointed!!on amazons attitude and approach towards customer. #AmazonIndia #Amazon,[USER] I'm sorry to hear that; have you reported this to our support team here:[URL] for assistance? ^GD,985083,Sat Oct 14 07:01:36 +0000 2017,,,,
319977,fff7a648254d6ff7c9be0b5cdc5f52014bc61abad4c0f2075660284dcbdc7e06,"Don't buy any product from [USER] .
I cancelled jeans request but can't get refund.
#HarGharDigitalSakshar [URL]","[USER] I'm sorry for the unpleasant experience, have you reported this to our support team here: [URL] ^MJ [USER] Please don't provide your order details, we consider it personal information. Our Twitter page is visible to public. ^MJ","319976,319978",Sat Oct 07 11:06:13 +0000 2017,,,,
2674362,96dbad9b0c3e12cc2a89fe50629225c8de8767309cf58118b9cc9a2b1742dd1a,"Amazon have put the SanDisk Ultra USB Flash Drive - 32GB & 128GB on sale, but haven't done the same with the 64GB version. It's frustrating as I've wanted to purchase it for a while. Will there be a sale for this model? [USER]","[USER] Hi Ashley, sorry we don't have that info at the moment but keep an eye on the website for the deals this year. ^JJ",2674361,Sun Nov 19 12:34:10 +0000 2017,,,,
345871,d3560d8a5095731df20525395fbd771eb74b204d281fd61a030ba2ba43a12f5f,Don't scale up if you can't deliver your promise [USER] [USER] [USER] Horrible SERVICE [URL],[USER] Seems like you had an unpleasant experience. Please elaborate on your concern. ^KA,345869,Sun Oct 08 02:47:58 +0000 2017,,,,
2983648,e37519fbb6675c7b7f015106b2ddc53bfc1c874fcc25ce2cccb7ff3a6b7b45fa,Hey [USER] it is the second time in 2 months I don't receive my package in time. Starting to feel that Prime is not very Prime anymore...,[USER] I'm terribly sorry to hear of this delay. Has the tracking updated to reflect: [URL] ^RR,2983645,Thu Nov 30 05:50:39 +0000 2017,,,,
1481178,98b6263c6deb68d93be6358f5d3279ccfaee945d59a04cc139b4e290bd88d4bc,[USER] RECEIVED A TAMPERED PACKING WITH SAMSUNG SMARTWATCH S2. 2ND HAND WATCH WITH MARKS ON THE STRAP. IMMEDIATELY PLACED,[USER] We've responded to your query via DM. Kindly check. ^PS,1481177,Fri Nov 03 07:58:57 +0000 2017,,,,
171010,fb884607cb1d4b99bb7b559507a48ed8e350b0bbccd16fc366623cbfbd47c417,[USER] I cancelled an order but had already been charged for it. Any idea on when I'll see a refund?,"[USER] This is not an actual charge, it is an authorization. Usually, this is released in 3 to 5 business days. For the best information regarding the release of an authorization, please contact your financial institution.  ^LM",171009,Fri Nov 24 21:38:32 +0000 2017,,,,
279224,04e51fe5203bbfb0f8b65ba11c68348c05720228109df0e42f2162750dc3bec4,[USER] Excited to get hands on for my Amazon Echo just brought it today.,[USER] We are happy to know that you bought an Amazon Echo. Happy Shopping. :-) ^RD,279223,Fri Oct 06 07:07:56 +0000 2017,,,,
2549520,4a5b7c141991dff9c7a57741d9c6f936e78dadae6c4b1b58bb0464ae7311c48b,"Faux mail reçu.
Ne jamais cliquer  bouton "" Annuler la commande "" Sinon le pirate aura accès à votre compte [USER]  [USER] [URL]","[USER] Bonjour Lucien, merci de nous l'avoir signalé. Veuillez transferer cet e-mail frauduleux à l'adresse : __email__.",2549518,Mon Oct 30 14:07:23 +0000 2017,,,,
736473,42298e280e9cbec8fa8993bf003c182f42e7237581e5969d0a9a1b37c470da57,"Unable to place an order at Amazon! Please help, facing major challenges! [USER]",[USER] Sorry to know about the problem with placing the order. What are the challenges? ^HA,736471,Wed Oct 11 12:03:04 +0000 2017,,,,
1936519,5928680c0c9dcd3f4cbe4ae07e39dea0e163da40a7b3b22d941a423f9d50b480,[USER] very let down. What's the point of Prime if you don't deliver for 2 days?,[USER] We'd love to help! Have we missed the estimated delivery date of an order shown here: [URL] ^NM,1936517,Wed Oct 18 15:26:27 +0000 2017,,,,
2855125,5928680c0c9dcd3f4cbe4ae07e39dea0e163da40a7b3b22d941a423f9d50b480,The service from [USER] is again frankly ridiculous. Yet another [USER] delivery delayed because they 'couldn't find us'. Prime subscription worthless.,[USER] I am so sorry for the delay in delivery! Can you provide us with the latest tracking information? You can find that here: [URL] ^LS,2855123,Mon Nov 27 20:56:24 +0000 2017,,,,
931360,f3a699330abea4ea0208ed40fac44e159755d505de656c72fa6ae7f3f66d0800,Amazon Delivery Tracking is silly part 2- upside down test tube edition. [URL],"[USER] Hi, it looks like you should receive your parcel today. Please keep us posted if you have any issues. ^TS",931358,Sat Oct 21 11:52:51 +0000 2017,,,,
1223749,693bbb7fa7b33eaa502d011b4ff8f518d7b8314aae6d9093c1042520bcd658b8,"[USER] hey guys, I ordered something on prime yesterday and today I was delivered a completely empty package. Can I have my item please??","[USER] Oh no! We'd like to look into this with you, Ross! Please reach out to us here: [URL] via phone or chat to review options. ^MT",1223748,Thu Nov 16 14:52:29 +0000 2017,,,,
1060448,c02faa9cc4447593744b3d595a38b6f9745e314a548c1d1c8a302360f6efa6a1,"[USER] , looks like u have been hacked! My account details have been changed & I was never notified. support team is blissfully ignorant",[USER] Terribly sorry about your account! Let's take the next steps to get this sorted for you here: [URL] ^JZ,1060449,Mon Oct 23 12:56:02 +0000 2017,,,,
1238795,79b07ba63d8f55ecd24330a7b5be2e6a08aa738105c0fb991ac902216d38f120,"Well [USER] you’ve delivered a rainforest of packaging all year. Yet at Xmas when it matters, it comes with none. Top work, the Mrs is pleased, but one month early #xmassurprise ?🤨 [URL]",[USER] I'm so sorry for this experience. Can you please share a link to the product in question as we are unable to view order info via Twitter? ^DO,1238793,Sat Nov 25 19:40:28 +0000 2017,,,,
2245392,023534c9d1ef0e3fbfd23e2af91887f5a370c73736876ce9d8a32223e0a0c382,[USER] My account was blocked by Amazon when I tried to purchase an item (I have no idea why!) and I received an email asking me to send my card statement to a US fax number. I'm in Brazil and I don't have access to fax. Can you please help me to restore my account?,[USER] I'm sorry to hear about your account! The Account Specialist will need this information faxed to them in order to work on a resolution. They're also in the best position to assist with the account. Please reply directly to the e-mail they've sent with any concerns. ^AB,2245391,Sat Nov 25 15:20:43 +0000 2017,,,,
2478887,d085b7fa9f0a2953572f6214494f57bc1163eed791f33da321565b95ea33948c,It is possible tu buy products of [USER] in [USER]?,"[USER] Hi Ligia, at the moment we don't have these products available, any news about it will be published in our social media and website. 😊 ^DA",2478885,Wed Nov 15 14:55:50 +0000 2017,,,,
390042,726af2dac2bde4c78232017b9c38016ee54e698d0df300374e6ca23849f1aa03,"[USER]  when am I going to get the hair spray of L'oreal
It was scheduled for 6th oct..till now not reached yet [URL]",[USER] I'm sorry about the issue you're facing with delivery. Let us look into it. (1/2)^HR [USER] Have you reported it to the support team here: [URL] (2/2)^HR,"390047,390040",Mon Oct 09 14:42:10 +0000 2017,,,,
1777977,3a644b1606e3c8a3ce8fd62bcd00dfc8e82e3fcbc9ca1292f316270bfcb6b158,1年ぐらいAmazon prime会員なのにPrime Video観れるの初めて知ったの控えめに言ってもアホすぎる,"[USER] こんにちは、Amazonです🙏
よろしければ、プライム特典の一覧をチェックしてみてください✨[URL] YM [URL]",1777975,Wed Nov 08 00:13:10 +0000 2017,,,,
686783,20984191f777cc3b7745f9501646d956fd3ed119c66d8a408c612278f5bd33b6,"[USER] Hi there. I have an Echo dot. I used to be able to access my partner's audible library (she's part of my household) using the app and play her audiobooks through the Echo Dot. Now I can't do this, has an update changed this?","[USER] Sorry to hear you're having this issue with Audible on your Echo Dot, Edward. Please check here for some troubleshooting tips and a 24/7 contact link: [URL] ^RB",686782,Thu Nov 23 13:23:18 +0000 2017,,,,
2828821,50e8b107dea716409e10a12f86d45c5ab6bb06d69cf0aec5929faa534271c0b6,"Prime ""FREE One-Day Delivery""... will arrive in three days. Several items in this order and none of them can promise to make the ""one-day delivery"" that I've selected. Think I've seen this a few times recently [USER], is something up? [URL]","[USER] Hi Richard, really sorry to hear your orders have not arrived. During this busy time, some orders can take slightly longer than usual to arrive. Please check out this link for more info: [URL] ^JC. [USER] Hi there! It's that time of year again. During Black Friday and Cyber Monday weeks, the sheer volume of orders being placed means that deliveries slow down. This help link explains it better than I can: [URL]  ^SP","2828822,2828820",Mon Nov 27 11:35:49 +0000 2017,,,,
1687276,d422cb0dc784bf24f8844bf65be153160cb37456e225bdc839d04895d3cc6609,[USER] hi Amazon. I ordered Sonic Forces last week to arrive on release day tomorrow but apparently it has yet to dispatch?,"[USER] W/o posting account info, what is the delivery date according to the order confirmation e-mail? ^DD",1687275,Mon Nov 06 17:45:06 +0000 2017,,,,
1127977,adc48ebc8d642969783d029068e9bedd08e7a4c85120e597bb3c82a736e98868,[USER] when is my echo coming ? 😔,[USER] The Amazon Echo device will be dispatched on 30th October 2017 to all the customers who've placed an order for it. ^RS,1127975,Tue Oct 24 10:39:38 +0000 2017,,,,
2886526,adc48ebc8d642969783d029068e9bedd08e7a4c85120e597bb3c82a736e98868,[USER] [USER] for some reason I don't get a lot of India specific content. My Alexa language is Indian English.,"[USER] That's quite a feedback, I would share this internally. ^MD",2886524,Tue Nov 28 11:59:10 +0000 2017,,,,
446877,d85de6b6d63aadcb23f52c8386dc5ba8a71fe47395df2493b5fb05164b93c6cd,Seriously considering cancelling my [USER] Prime. Amazon Logistics are a constant nightmare. Lost packages and frequent delays. I seriously miss the service [USER] used to provide when they had the contract.,[USER] Oh no! I'm sorry to hear about this! Are you having an issue with a current order? ^SW,446875,Thu Nov 30 19:23:40 +0000 2017,,,,
679013,78795a20606bcd0c31f6f42544aabac7dc90b1dd0795ddcaa59575c902eec13b,[USER] distressed at the level of customer service I have received when trying to cancel an order. Said order has since been dispatched and I have been charged for it especially as I was ensured this would not happen. I spoke to someone but not convinced it’s sorted #poor,[USER] I'm sorry to hear this. Were we able to help request a stop and return for your order?^PJ,679012,Thu Nov 23 07:24:55 +0000 2017,,,,
402612,c9bf7775de1af54ffcd7946387901e331c516e51f8b6e274feba19fcda06aaf3,[USER] please can you send my ‘verifying it’s you code’ - been trying to login for a few days now on new laptop and still no code! :-(,"[USER] I'm sorry you're having trouble logging into your account, Andrew. Please reach us here: [URL] ^CE",402611,Mon Oct 09 20:10:15 +0000 2017,,,,
404642,c9bf7775de1af54ffcd7946387901e331c516e51f8b6e274feba19fcda06aaf3,[USER] [USER] still waiting for my ‘we’re verifying it’s you’ code to come through after a few days of trying :-( can you fix or sms?,"[USER] Sorry to see your'e still waiting! When you contacted us earlier, dd we provide any insight? ^DW",404641,Mon Oct 09 21:11:27 +0000 2017,,,,
249908,480b009ab9d27b4710fdbc1bc41f7466af230ced0f0b236e0295edf58fb3a005,[USER] #poorservice #primeNOprime ......,[USER] That's quite a remark. Could you please elaborate on what went wrong? We'd like to help. ^AS,249906,Thu Oct 05 16:43:06 +0000 2017,,,,
462538,f0b00b62bbbf818f465041b4c3e64d99865207bcc5667360247dac90be0c0ff7,[USER] I am trying to Livestream from my LG v30 to my new fire stick to play a movie and it is very choppy. I'm using a 5ghz network and it works fine on my Roku.  Any firmware update to fix this?,"[USER] I'm sorry you're encountering issues streaming to your Amazon Fire TV Stick! You can check to see if your software is up to date here: [URL] Also, for further troubleshooting check out our tips: [URL] ^AM",462537,Fri Dec 01 02:27:25 +0000 2017,,,,
18985,9e2c420e28f08f02b63f3be2ed8e99dd94275380144761fbd08957ff69f44de2,[USER] again acted as disappoiment and spoiler. This is 2nd time when delivery of order was confirmed on call and then it was canceled,[USER] I apologize for this. May I know if you've connected with our support team regarding this? ^SK,18984,Tue Oct 31 14:38:59 +0000 2017,,,,
2935203,d02942a0c5bfd2446de2c0049cc303a0137f98b43ee5d5266201ebfdc4778cad,[USER]  Plz add English subtitles to vaastav the reality Hindi movie,"[USER] Thank you for your suggestion, Ashi. I'll ensure to forward this feedback to our concerned team internally and get it reviewed. ^RI",2935202,Wed Nov 29 09:48:04 +0000 2017,,,,
2680877,ebfe78c551792ef02ff62376dcea6dfa660387184e941ccc5b56250aa5a42c04,According to [USER] tracking these packages were handed to me. Real life says they were left on doorstep in rain. Fucking useless. [URL],"[USER] Truly sorry to see this occur! Please, reach out so that we may leave carrier feedback on your behalf: [URL] ^JE",2680875,Tue Oct 31 15:46:03 +0000 2017,,,,
1598713,7830b3626c827e381bf121c6c186e2dfbd4147191f8ad0db86ba4846e0d8441c,When amazon says they “attempted” to delivery your package but you know they’re lying bcus you’ve been at home specifically to not miss it,[USER] Oh no! Can you please clarify who the carrier was? ^BA,1598711,Sun Nov 05 03:24:41 +0000 2017,,,,
465753,c58f30f42ae5420cb4dced52256fa2eb7d73610e64fbd4221a794ec7324965cb,"[USER] i paid $40 for a nintendo ds lite that doesn’t work, although it was said to be in “good” condition. how can i get my money back?",[USER] I'm sorry the Nintendo isn't working! Was the order shipped by Amazon directly or one of our sellers: [URL]  ^EP,465752,Wed Nov 29 03:12:41 +0000 2017,,,,
1602357,d72c2ffecd7eb25620dc2c0df614881e7a7b663aab46986b50cfe15488489552,"Have had a Echo for a year. But now with the Alexa app launching in India, it is coming into its own. More skills & an Indian accent.",[USER] We're constantly working on expanding the options and features. I'll surely pass on your feedback to the relevant team. ^EM,1602356,Sun Nov 05 05:56:42 +0000 2017,,,,
1028949,c5cdd229c3480f76b6c9f3bb88aabf9434e84a182c9bee25a364d78361d6ee51,"#AmazonPrime #fail ! My prime order was supposed 2 B here Oct 20. Yet, I'm still waiting. Guess I should of just driven to Target. [USER]",[USER] I'm very sorry you haven't received your order. Reach us here to look into this for you: [URL] ^CL,1028948,Mon Oct 23 03:52:25 +0000 2017,,,,
183237,dfc166e0ab369daec520be5fd263faa56299b09a6a52796d3fe9e909ea780826,amazonのprime musicにドリカムが入ってきてた！ さっそくエンドレス再生開始！,[USER] ごゆっくりお楽しみください♪ （ドリカムは名曲揃いですよね～♪）Oo｡.(*´︶`*) TN,183236,Wed Oct 04 12:15:00 +0000 2017,,,,
2767559,d525b4e5c9fd1bb72836deed52db6819be67d11eb123616f77b2ca48d7bdf3b6,[USER] your company is a disgrace no parcel yet saying delivered at 1041 and no-one can track the driver fuming I am,"[USER] Hello Louise, have you checked the surrounding area in a possible safe place? ^BD",2767557,Tue Nov 21 10:58:51 +0000 2017,,,,
1601049,0b5d89fb2867578226abc968185c895cfebc506c51e319d6ed210f9d6ccd8809,Das der Lieferservice von [USER] mal besser ist wie von [USER] hätte ich auch nicht erwartet. - Heute leidvoll für euch getestet. 😒,[USER] Können wir dir behilflich sein? Der Kundenservice geht dem Verbleib deiner Sendung gerne nach: [URL] Grüße ^UK [USER] Konnten meine Kollegen dir helfen? ^DW,"1601048,1601050",Sun Nov 05 00:19:46 +0000 2017,,,,
1375714,cc9e27516a9b83b81e35a1c4c6ee01eec9122b2c9a6fd73398773781869bbf33,[USER] I'm trying to place an order on your website but it keeps asking me to fill in my card details which I've done several times!,[USER] Are you shopping on [URL] or [URL] Which web browser are you using?^LJ,1375712,Sat Oct 28 01:25:44 +0000 2017,,,,
472495,1ffb952ac0f8f34323bf8b24d8d1d4464e03793bec2f3128d7c970053956ba7d,[USER] I think you need to work on your app some more. [URL],"[USER] Thanks for highlighting this for us, it is much appreciated. Enjoy the rest of your day!^SM",472494,Fri Dec 01 08:52:58 +0000 2017,,,,
2841846,1ffb952ac0f8f34323bf8b24d8d1d4464e03793bec2f3128d7c970053956ba7d,[USER] why have I now got two out for delivery notices hours apart? Guessing you can't believe any of them them. [URL],"[USER] I can see why you'd be uncertain. Rest assured, we always aim to meet the estimated delivery date provided and deliveries occur until 21:00. Please keep us posted! ^FD",2841844,Mon Nov 27 16:54:47 +0000 2017,,,,
2754633,257ac4bf3674a178688e17434ad5d1648bcc0097ab30130613b8453403345687,Seriously [USER] !!! Was all of this packaging necessary ... I think not!! [URL],"[USER] Oh wow! That is a bit excessive. At your convenience, you can help us improve here: [URL] We'd appreciate any feedback! ^SK",2754632,Mon Nov 20 21:13:01 +0000 2017,,,,
1769437,8daa3dc1d65541068dfaee953dcb6aa03cb6ee69814de0188af2cd2dcb5cf1b9,"[USER] I had The Grand Tour: Guide to the World pre-ordered in mid-October, when should it be arriving?",[USER] What does the status on your order say here: [URL] ^JF,1769436,Tue Nov 07 22:59:16 +0000 2017,,,,
1383887,7130dbc8c69967e08bd42cb9d4a44c6e9ec38b7be6102ad493fd7192a2b51ba8,"[USER] - Ordered on Now, stayed up to wait for ice cream...1 hour late then ""undeliverable' - no way to call driver to let them in! :'(",[USER] My apologies for this. Please get in touch: [URL] and we'll be happy to investigate. ^DC,1383886,Sat Oct 28 08:14:30 +0000 2017,,,,
1205446,ba6b5df4c2a481396ae002522b90e27ae657e49424e803d9ea4b4985375fe3cf,6th generation Kindle Paperwhite’s latest firmware update 5.8.11 has made it buggy. 😔 [USER],"[USER] In that case, you can reach our Kindle support team from the website using the following link: [URL] ^RS",1205445,Thu Nov 02 05:26:16 +0000 2017,,,,
2238177,433461281f843ad5e8ff4db3ecced1b91165d318cac9cce1961723f332c7a6e9,"Wow, Just got scammed on several orders on Amazon, they was listed as PRIME! Never had this before, watch out people. [USER]",[USER] I'm sorry for the poor experience! Do you have a current order that is late/delayed that we can help you with? ^ZW,2238175,Fri Nov 10 18:14:28 +0000 2017,,,,
1727453,3467df351275c405dcea82ec0dbd82610f921558c58f2f1af988a0e048906a3a,Dear [USER] My order number [ORDER_ID] has not been delivered. Been a month now. Maybe someone gives a shit and gets in touch?,"[USER] I apologize for the miss. Kindly report this to our support team here: [URL] we'll get this sorted. 1/2 ^VH [USER] Please don't provide your order details, we consider it to be personal information. Our page is visible to the public. 2/2 ^VH","1727454,1727452",Tue Nov 07 05:48:54 +0000 2017,,,,
803946,703a73efe0950d7cefdd8966358d7a7480aec809dbb460776bc4ddf06d639971,"[USER] [USER] now you started giving false information also?? really pathetic poor amazon ..read my chat with cc 
Arun Prasath,",[USER] Could you please tell us what went wrong Raman? ^HN,803943,Thu Oct 12 17:10:00 +0000 2017,,,,
659360,3efce3491b57098215677caed2527541d7c14666267b12ec832da161d8e3a646,あまぞんさまからでっかい箱買い届いたので開けてたら中にも大きな箱が！その中にはお弁当みたいな箱(笑)さすがプレミアムBOX！パールたんは箱を見ると入らずにはいられない(๑´艸`) [URL],"[USER] いつもAmazonをご利用いただきありがとうございます😉
（´ω`*）.｡oO(パールたん・・・Amazonのでっかい箱にもぜひ😍)　MH",659359,Wed Nov 22 14:33:11 +0000 2017,,,,
526202,0c97036db003b414187e1cbdb56f8e2893858f76638d280c90eb9efd0d6862f8,".[USER] - Add 90s cartoons like The Real Adventures of Johnny Quest, The Centurions, Swat Kats, The Flinstones, Scooby-Doo, Captain Planet, and I guarantee your popularity will grow like clockwork. [URL]","[USER] I can recollect the epic intro of Swat Cats and Johnny quest. Guess what, we have Johnny Bravo and Dexter's laboratory hustling on Prime Video. Do stay tuned for future updates. ^RW",526201,Sat Dec 02 06:15:01 +0000 2017,,,,
535729,9fb6794d34ada0e6e1351a242e6e9b3cbb6d36d96f9b45b75fee5e0d816634a7,[USER] my amazon account was locked. I uploaded the credit card statement as requested but it keeps getting declined. Pls help.,"[USER] Hello, we can't see personal details like that on twitter please follow this link:  [URL] and we can assist you further. ^HS",535728,Sat Dec 02 12:38:37 +0000 2017,,,,
1266402,36abf017400f318f29e558851d4a5d908435e664e3c0468c1d8d44492ec5c786,[USER] why is your mobile app saving the credit card data automatically.There shld be an option to proceed without saving card details.,[USER] You can edit your payment options in the following link: [URL] 2/2 ^BV [USER] The details are saved to provide faster and safer checkout while placing an order. 1/2 ^BV,"1266400,1266407",Thu Oct 26 12:18:50 +0000 2017,,,,
827921,5db3a202f6c5f1d06da78105dc51708ab39a311944de006302b6497e261f86f5,How broken is [USER]? It can't cancel a replacement order it couldn't get right the first time. [URL],[USER] I'm sorry for the inconvenience. Have you had a chance to report this to us? You can reach us here: [URL] ^GM,827917,Fri Oct 13 02:16:05 +0000 2017,,,,
149147,57b545253a7c652d9b39d007503c64ef09bf73e5b94ccf8f29a196db7ebb6364,"Não vou mais comprar livros até ler os que eu tenho em casa!
Não vou mais comprar livros até ler os que eu tenho em casa!
Não vou mais comprar livros até ler...

Compra cinco livros na Black Friday da [USER]","[USER] Oi Gabriela, muito legal, sempre e importante aproveitar as promoções 😉!!! Quais livros você adquiriu agora?  ^AG",149145,Fri Nov 24 14:59:26 +0000 2017,,,,
2940277,4a3f8cf8a6b0ff2d3e977c90af501e0205de3af54cb695c3b77d05f35eacf84d,"[USER] Ordered an item last year, never arrived. Contacted seller twice and no reply. Told by Amazon to file A-Z claim but no option to file a claim anywhere. Seems impossible to get my money back","[USER] Thanks for reaching out to us, Louise! Have you contacted our Customer Service team? We are unable to view orders via Twitter, but you can reach out to us via phone, chat, and e-mail here: [URL] ^SW",2940276,Wed Nov 29 13:00:47 +0000 2017,,,,
834197,5e54baa2292b84c34ea4db20f2dff5df25fe0c1c7da0ece78b3baceb5722765f,can’t get my echo dot to play Bollywood music or add items in my shopping cart. Couldn’t find iOS or android apps also? [USER] [USER],"[USER] Amazon Prime Music will be available to Indian Prime Members exclusively on echo devices starting 10/31 and in near future 1/3^MJ [USER] would be available across other devices & operating systems including Android, ios, Fire tv , PC etc.2/3 ^MJ [USER] For other details, refer: [URL] 3/3 ^MJ","834199,834198,834195",Fri Oct 13 07:19:44 +0000 2017,,,,
147350,85cd23fd4da5a21e18109103e3243fcb2b4d5c44a54b11771045ce13b859b269,"[USER] -very poor customer service, promised refund 2 weeks ago for a scam on my account and no joy","[USER] Hi Sue, sorry to hear this. Without revealing any account information, can you advise what has happened? ^JC.",147349,Fri Nov 24 14:13:45 +0000 2017,,,,
317279,65d323d8847d2e3e3a0e934ea4f1315073869ad6e154642cbc44d2e88d19fe25,"[USER] order still says ""expected 30th Sept"". Am I not getting it at all then?","[USER] Hi Ivan, sorry to hear that! Is the order sold by Amazon or a marketplace seller? ^AT",317277,Sat Oct 07 08:19:00 +0000 2017,,,,
423481,65d323d8847d2e3e3a0e934ea4f1315073869ad6e154642cbc44d2e88d19fe25,"[USER] order was despatched to wrong address where I no longer live, what can I do? I'm sure the adress was correct when I was ordering",[USER] Sorry to hear about this. Have the order dispatched yet? ^PK,423479,Tue Oct 10 10:43:40 +0000 2017,,,,
2835662,b1c596317d3a9a106e1d92213b3a5f72cb8a3f61e785cbcc7141f05a3d668bcf,"[USER] Necesito ayuda para desbloquear mi cuenta. No recibo el mail con las instrucciones de como hacerlo. 
I need help to unlock my account. I do not receive the email with instructions on how to do it.","[USER] Hola Eduardo, lamento saber que se ha presentado este inconveniente. ¿Podrías confirmarnos el mercado al que pertenece tu cuenta: [URL] Amazon.es? ^DA",2835661,Mon Nov 27 14:43:15 +0000 2017,,,,
1258566,fcfe6e69d064599b3c728ec416e3006c2dbc15cf1e6e82bacd47ec0a70994980,"Dear [USER] I think your recommendations is broken? I listen to Foo, Fall out Boy and Blink182. Not sure why you are giving me this? [URL]",[USER] That is strange. Are you sure you aren't a Little Mix fan? ^KM,1258564,Thu Oct 26 08:34:08 +0000 2017,,,,
361354,25c74efc93c1df791bf113d5564785d900e43b5703f036903792adff06ae6c9f,"[USER]
Stop selling products like CCTV cameras to mothers saying that it can b self assembled n works on Jio Wi-Fi etc. 
Plz stop selling",[USER] I'm sorry about any inconvenience. Could you let us know what went wrong? We'd like to help. ^SG,361351,Sun Oct 08 14:46:25 +0000 2017,,,,
2467647,bdf5164a337962706740ee22fb3ddd7989da94e7ed9efa8257e747a802980eea,"[USER] My Prime order was due for delivery by 9pm today.Been in all day waiting, and no delivery. Disappointed.",[USER] I'm very sorry for this delay with your order's delivery. Let us look into this with you here: [URL] ^DO,2467645,Sun Oct 29 21:00:15 +0000 2017,,,,
459905,1820c495930eac540b4cb52a31b5199d5302f6fd000746b626b6ae5d4710badb,[USER] Got a package that was open and no merchandise inside. Your site says to get a refund I need to send the item back. I hope someone can help because otherwise this holiday season is starting off crappy. #icantsendbackwhatididntget,"[USER] With this refund, you would need to contact us directly so we can assist you further. You can contact us here: [URL] ^BT",459904,Fri Dec 01 01:46:22 +0000 2017,,,,
2263049,87384ac1e339880bc514f5cf0487cabd0c700bf611a74c031f83cc5e23700431,So [USER] you courier Hermes have basically lied about attempting to deliver my purchase. I was in at the time they claim and now will have to wait an unacceptable time to get it. Not good enough is it?,[USER] I'm sorry your order wasn't delivered! What is the new delivery date according to the tracking info: [URL] ? ^DD,2263047,Mon Nov 20 23:25:39 +0000 2017,,,,
1326961,90933f8bed5e8e62d941434cdc4d9fea4d63affb2d3452f2576643460e049189,"[USER] I've been trying to download the Amazon music app all morning, but as soon as it opens it says I need to update my chrome app. My app is fully updated and I still can't open Amazon music. What should I do?",[USER] I'm sorry you're having trouble downloading the app! What device are you trying to download the app onto? ^AH,1326959,Sat Nov 25 21:05:09 +0000 2017,,,,
298960,5b481c454aab9c3f62a96d3e7f1413b4495e59cca0890666a4a5d6a5de2aa265,[USER] You POS fix whatever you did. I tell you someone gets into my account now you have blocked ME from MY own acccount.,[USER] I'm sorry for the frustration! Have you received an e-mail asking for more info from our Account Specialist? ^AC,298957,Fri Oct 06 19:51:37 +0000 2017,,,,
1175591,5b481c454aab9c3f62a96d3e7f1413b4495e59cca0890666a4a5d6a5de2aa265,"[USER] I have sent 2 emails and am locked out of my account, no response. Fix this.","[USER] Sorry for the issue with your account. So we can look into this for you, click skip sign in: [URL] ^JA",1175590,Sun Oct 15 20:53:02 +0000 2017,,,,
500743,f438c12adcc81d10bac61cf01f7653c5813e4b94d61347b6e3f0c1fb578d9c30,[USER] i want to purchase 1plus5t in my company. where can I put my gst details to use gst benefits?,"[USER] I get your concern, business accounts will receive tax credit invoices with GSTIN #. For additional details, please refer: here [URL] ^MJ",500742,Fri Dec 01 19:41:45 +0000 2017,,,,
453314,e03e5f04efa866ad4fdb7d246fb3a4bbb9c9ec7dc0042b79ffcf66fd6bd9ae2f,"[USER] hello,my echo dot has stopped connecting Bluetooth devices,the app pairs with a device but the echo dot says device not found",[USER] Thanks for contacting us over Twitter. Let's try these troubleshooting steps here: [URL] and please let us know if the issue continues. ^GG,453313,Thu Nov 30 22:30:15 +0000 2017,,,,
532693,e03e5f04efa866ad4fdb7d246fb3a4bbb9c9ec7dc0042b79ffcf66fd6bd9ae2f,"[USER] hello,I have received my order but as you can see it is already opened and the cd ""who built the moon"" is missing, customer service have reordered it for me,either it's been opened deliberately or the seal has failed and the cd has fallen out [URL]","[USER] Hi, thanks for confirming a replacement is being arranged for you. Please let us know if you've any issues with your replacement order. ^TS",532692,Sat Dec 02 10:56:16 +0000 2017,,,,
2901000,fc429b74a1d2a17011a05d90b6b908011d05ef2248e43f29bcdec43c4853014f,[USER] shocking delivery service. Always been so good. Clearly not what it used to be [USER] [URL],"[USER] I'm so sorry to hear we have disappointed you! Without revealing account information, will you please tell us a little about your situation? ^RO",2900997,Tue Nov 28 18:18:12 +0000 2017,,,,
1061334,106a05a95e693000f84635a8a57afea9c51c93546313801048dd5a2bc22bf030,[USER] [USER] ORDER # [ORDER_ID].#horrified customer care  #horrified delivery # horrified delivery time,"[USER] Apologies for the trouble with the order. We'd like to have a closer look at this. Kindly report it to our support 1/3 ^KH [USER] Please don't provide your order details, as we consider it to be personal information. Our Twitter page is public. 3/3 ^KH [USER] Team here: [URL] And we'll resolve it for you at the earliest. 2/3 ^KH","1061336,1061333,1061335",Mon Oct 23 13:07:04 +0000 2017,,,,
486769,142eaeec04f0bd1fb837cc73c51fa7cb514b5d6865784e938cfefcadc0ae1e56,"[USER] os dejado una consulta en MD, cuando podais por favor echadle un ojo, gracias por todo :)","[USER] Hola, claro. En breve te estaremos dando una respuesta a tu consulta por MD. ^KA",486768,Fri Dec 01 15:31:19 +0000 2017,,,,
2345588,142eaeec04f0bd1fb837cc73c51fa7cb514b5d6865784e938cfefcadc0ae1e56,"[USER] Hola! Os mande un MD con un problema urgente y bastante complejo, espero ayuda por favor un saludo.",[USER] ¡Hola! Acabamos de enviarte la respuesta 😄👌 puedes verificarla y cualquier consulta adicional que tengas no dudes en contactarnos. ¡Un saludo! ^MZ,2345587,Sun Nov 26 16:46:56 +0000 2017,,,,
2871621,098d74a095586d2a46d9552df20c9df4967bde21efe229dfb0654fb4250d40fe,[USER] what’s up with the site can’t get on????,"[USER] We appreciate you reaching out. Let's try clearing the cookies/cache from your browser, or try the site on a different device/browser. Please keep us posted. ^GG",2871620,Tue Nov 28 02:17:43 +0000 2017,,,,
920655,00acfa8bfe031e6ed2a1ecdc04243d0d421b184984a1305f32002ae692d0fba2,"Even [USER] is taking Hindi promotion movement, Calling customer service in Tamil they started speaking in Hindi happens around 6-8 times","[USER] Sorry for the miscommunication. This is definitely not what we want our customers to experience. 1/2 ^RS [USER] If you're being replied to in Hindi, you can certainly request your call to be transferred to a Tamil support team. 2/2 ^RS","920656,920654",Sat Oct 21 04:19:12 +0000 2017,,,,
1735197,e5b65ac498b7a04513307f8846ee5dacf749f1094cea1e4d00189a0b9e671783,Hey [USER] any idea why am not able to use my gift card money??,"[USER] We have to look into this, Kanak. Please connect to us here: [URL] and we’ll check this out for you. ^NK",1735195,Tue Nov 07 13:37:19 +0000 2017,,,,
2935852,aff9628fa3585fbac4691d77a797f46b46f1a8509fd5ac79785e6db3968e8376,[USER] why do you use [USER] ? Terrible delivery service. Waiting in all morning and then this... (did Rashid even bother to get out of the van?) [URL],[USER] Hi Sarah! Did the carrier leave a calling card?^CN,2935851,Wed Nov 29 10:52:30 +0000 2017,,,,
142839,18a6b2a1f3f34a1057071aeeb210ff5906bc389fb2ff0ac57756350a9833f956,"[USER] 

My refund of Lehnga Choli is not completed. yesterday
I tried to reach you through FB chat also, haven't received reply. Plz help [URL]",[USER] I get your concern regarding the refund of your order. We'd like to help. Kindly report it to our support team here: [URL] and we'll have this sorted. 1/2 ^KH [USER] Please don't provide your account details as we consider it to be personal information. Our Twitter page is public. 2/2 ^KH,"142840,142838",Fri Nov 24 12:55:56 +0000 2017,,,,
2683536,d654477ff719e924047fe6beb8bd50b7716bc9041c13559aa4658a25b648f201,"Oye [USER] ([USER]), ayer tenía que haber llegado mi paquete y nomás no. Veo el estatus del pedido y dice que se hizo un intento de entrega cuando no pasó nadie. ¿Le pueden dar prioridad a mi paquete hoy o igual me voy a tener que quedar todo el día junto a la puerta? [URL]","[USER] Hola Sebastián. Lamentamos las molestias. Nos comentarías, ¿has intentado contactar al transportista? ^HC",2683535,Sun Nov 19 15:18:24 +0000 2017,,,,
1445465,7e3e5ef63c5fd3491a0d2e5661ffc5213d107d040b1c9a279c305e8f306d0c66,[USER] received an order today. Pretty sure we ordered more than the cardboard sleeve #hydrometermissing #emptybox #dudewheresmystuff,[USER] I'm sorry to hear this. We'd like to look into the delivery and available options here: [URL] ^LI,1445463,Thu Nov 02 15:46:37 +0000 2017,,,,
1887357,bb403e43f1454299ed3e5b2855b3eaff77ad38ce5908c3ed45dd9a8ee1ef14dd,"[USER]
1.I sold my second hand device on amazon, i provided box,charger,data cable with the device.",[USER] Sorry about the bad experience. It appears you are a seller on Amazon.in? ^HA,1887355,Wed Oct 18 11:20:46 +0000 2017,,,,
386512,41d191a47ef7cf629be63deb8678a5b3dceee601811b33b95f19a6fa3b696990,"Why can't I order L.A. Noire for Switch yet on [USER]? It'll be out in a month, right?","[USER] Hi, the website will be updated as soon as orders can be placed. ^JJ",386510,Mon Oct 09 12:52:02 +0000 2017,,,,
725276,28666b0488ec782acab58218cf6b1f21f28b85104b6f39ed98fa472caed89a02,やってみようの買い方がわからないって先輩に言われてAmazonで購入する押したら支払い方法とか確認画面とかなしに買えちゃった😡😡もうauので入ってるからいらない😡😡キャンセルもできない😡😡誰か助けてAmazonの人〜😭,"[USER] 失礼します、Amazonです。
今回は1-Clickにて注文確定されたこととお察しいたします。[URL]
ご注文のキャンセルについては、こちらをご参照ください。[URL] RI",725275,Wed Oct 11 04:26:50 +0000 2017,,,,
1094095,9c0bdd0dbb5e4f5ea78ffa72950eb8496858ceca091191b3de8e7b88f3a754b5,"[USER] 
hola busco lazos de lana tipo Don Algodón y no encuentro en amazon.es","[USER] Hola. Estos son los resultados que me ha brindado la página al buscar ""lazos de lana"": [URL] ^JQ",1094094,Mon Oct 23 21:08:29 +0000 2017,,,,
2766250,28c52e5eec3a6b454ddf7c7d8f79cb53f7bc301444c63a52651994d0fb5066b2,Where the HELL is it coming from [USER]?  It'd be quicker to expect delivery from THE MOON!  No mention of an international shipping on the order page. [URL],[USER] It looks like it is sold by a marketplace seller. What delivery date was advised when you placed the order? ^PK,2766249,Tue Nov 21 10:08:12 +0000 2017,,,,
287432,fa02b2eaf8cbc7b120989674cecbc6412d22bf96f90dc08eabad53e1eb4d0aa4,Really [USER] [USER] ?? This is your idea of delivery? Not to mention is was delivered by a creepy white van #fail [URL],[USER] Oh no! This is certainly not what we want to see. One of our specialists will look into this asap: [URL] ^SD,287431,Fri Oct 06 14:31:59 +0000 2017,,,,
297933,c8dac7d29d4e8301f0169df15ffc171eb3ee22825478003b8f8212a2ddde87d4,"I don't know what the fuck Amazon Logistics think they're playing at, attempting delivery to a business address at 8:15pm.",[USER] I'm so sorry about this. Please reach out to us by phone so we can investigate this further with you: [URL] ^GR,297932,Fri Oct 06 19:18:49 +0000 2017,,,,
1330262,c8dac7d29d4e8301f0169df15ffc171eb3ee22825478003b8f8212a2ddde87d4,"Hey [USER] you didn't actually deliver my stuff. Does this mean you delivered it to the wrong place or that you only THINK you delivered it, and will it be resent today as the card I got through the door states it will? [URL]","[USER] Hi, apologies for the lack of clarity. Our carrier deliver until 9pm today. Have you set a safe place/neighbour preference? ^TS",1330261,Sat Nov 11 09:08:16 +0000 2017,,,,
2111040,aed8a4bf4093b00202be98bb746ce5fe9f799669904bc0d61db664c1c810961e,[USER]  me hace suscribirme de nuevo a Prime y me ha borrado la lista de deseos que tenía. ¿Alguien sabe algo?,"[USER] Lamento el inconveniente, ¿has contactado con nuestro Servicio al Cliente para reportar lo que nos comentas? ^KS",2111038,Wed Nov 08 16:20:07 +0000 2017,,,,
1479477,69960895b38b9710d2ad6ecdbefbb8afc64b03aeb31e59a4d26e148f373504c3,"[USER] order#[ORDER_ID]
Return completed on kast Saturday till now no refund #poort service #amazonIndia #customersatisfcation","[USER] Please don't provide your order details, we consider it to be personal information. Our page is visible to the public. 2/2 ^SC [USER] That's strange. Please reach our support team here: [URL] We'll give it a look and help you out. 1/2^SC","1479476,1479478",Fri Nov 03 06:38:12 +0000 2017,,,,
2901105,33a57bcd412883e475909a2909aae222d8b587494b954df3d9ee260413ce374e,[USER] [USER] this is frustrating! You promised refund also items were not delivered to the said address and the person you named doesn't live there!,[USER] I'm sorry you haven't received your refund Donna. We'd like to take a closer look into this for you and see what's going on. Please reach out to us by phone at this link here: [URL] ^VS,2901103,Tue Nov 28 18:03:10 +0000 2017,,,,
508158,f37f5511146f999641c8d32c56daad23a963e6a391664e703dcaa3c22e2d65ed,Hey [USER] I didn't write this review or ever order this product?? [URL],[USER] Hey! Are you able to see these reviews when you check your account here? [URL] ^TK,508156,Fri Dec 01 21:28:11 +0000 2017,,,,
746765,a476759b2a67c60434808cec9da8e2c0739b3e25b5d75705fb3ecb4846304358,Another [USER] delivery triumph: unable to deliver clearly means unable to press doorbell,[USER] I'm sorry for the poor delivery experience! Has there been any updates to the tracking info: [URL] ^TG,746763,Wed Oct 11 16:44:16 +0000 2017,,,,
155189,1a6c0c2e214bbaaf81bb5fca781d5c10421f7ce0236c4f4a1d04010aaadb2a58,Mobiles exclusivity making my hyper. [USER] giving better deals but [USER] has my choice. [USER] When u r making Mi A1 available on ur platform?,[USER] We haven't made an announcement surrounding the release date. Kindly stay tuned on our webpage for an update.^GD,155188,Fri Nov 24 16:33:03 +0000 2017,,,,
2966424,ae1955f2c5d9436db1fb38ffbae45a608923adc7f9e0d328e7fd829929d47548,Hey [USER] you really need to get your act together....  (this was your driver in Austin) [URL],[USER] Hello! I'm so sorry a package was delivered to your address by mistake. Thank you for your kindness and honesty! We appreciate your patience. ^LH,2966423,Wed Nov 29 22:38:09 +0000 2017,,,,
1497007,e7aa97d635ce5a5d2a74b8f6b06db6830c79246aebf3f6bcab6bad2b7e4a7de7,"[USER] tbh I'm really sick of prime items saying ""get it tomorrow"" and .... I don't get it the next day.. just quit lying to me pls",[USER] I'm sorry for any frustration this may have caused! Is this regarding a current order shown here: [URL] ^AG,1497006,Sat Oct 28 21:28:30 +0000 2017,,,,
729036,064dc05b3b76bb32a061a6e7a96066985363768c1a853bfda89502b4d9f67b35,"[USER] hey guys, can I use an amazon gift card on tickets.amazon?","[USER] Hi Paul, we don't accept Gift cards but you can find other forms of payments here: [URL] ^RS",729035,Wed Oct 11 08:24:35 +0000 2017,,,,
729237,064dc05b3b76bb32a061a6e7a96066985363768c1a853bfda89502b4d9f67b35,"[USER] hey guys, can I use a Amazon gift card on Tickets.Amazon?",[USER] We don't accept Amazon gift card as payment for tickets. You can review payment methods here: [URL] ^PK,729236,Wed Oct 11 07:31:13 +0000 2017,,,,
1430628,ea957ea038d18ffdfa3aa92f508d229cc5de187b15ce4c2b0fd25732e74b36c2,[USER] need your help. I received different product and instead of refund I chose replacement. Need to fix it. Help?,[USER] Sorry to know you've received a different product. Please contact us here: [URL] and we'll assist you further.^AR,1430626,Thu Nov 02 07:30:26 +0000 2017,,,,
1623449,ea957ea038d18ffdfa3aa92f508d229cc5de187b15ce4c2b0fd25732e74b36c2,Love the way [USER] [USER] customer service function. Proper follow-up email and next steps about my refund. 👋👋👋,"[USER] Thank you for your feedback, Anand. We our try our best for you to have a positive experience always. ^KS",1623448,Sun Nov 05 17:03:46 +0000 2017,,,,
2852232,3ff3e1c67768cbb1e0a3cb6f9306633dec42be71da1aa8c5403696ca66439799,[USER] are very happy to take my £8 a month for Prime but now it’s almost December their “one day delivery” takes 3 days!! What’s the point #cancelprime [URL],"[USER] If we miss the delivery date provided here, please let us know! We want to be sure you receive your order on time, Jonathan. ^MT",2852230,Mon Nov 27 19:50:20 +0000 2017,,,,
429933,3ac6b34123604b2c6d114da4663c437a04501664503391e6b5867acc2028dec6,[USER] Why no Malayalam films ?,[USER] We launched Prime Video today. Regional content is an integral part of our content in India. (1/2) ^CB [USER] Please stay tuned as we expand our content selection.(2/2) ^CB,"429937,429931",Tue Oct 10 14:17:08 +0000 2017,,,,
2482101,db85c8f7d453591ecea8a30636f626d3985bca701ccfb1754a59e39df80732dd,[USER] how can you guys forget to add freaking subtitles to an anime you are simulcasting???,[USER] Subtitles are provided by the content distributor. What is the title so we can take a look? ^AM,2482099,Sun Oct 29 23:01:26 +0000 2017,,,,
1228664,f3545603ad409de3a9efe6200571d05e64c429411ff9b8d715dcba237739da8e,Did *I* just order 3 packages of La Croix via Prime Now because it's hot and I'm lazy or did YOU?!,"[USER] Did *I* just totally enable this by responding via Twitter, or did YOU?! ^FD",1228663,Wed Oct 25 20:22:31 +0000 2017,,,,
483142,f33dcf2b17963f751560b0fb7318db23e91acf08cb597a826d34da91ecd9ab93,j’ai passé une commande d’un miroir lumineux chez [USER] et surprise quand je recois mon colis tout est cassé et bah merci!!! Meme AliExpress ne m’ont jamais envoyé une catastrophe pareille. Je ne commanderai plus 🤬 [USER],"[USER] Bonsoir, navrée pour cela 😓 L'avez-vous signalé à notre SAV je vous prie ? ^MA",483140,Fri Dec 01 14:03:28 +0000 2017,,,,
231766,06a0fc45a2556622dd9f3cb1bbffeb6d49b0901b970f46ca3b339ecd568a7e54,"[USER] I ordered a [USER] hot chocolate mug set and its arrived with the spoon inside broken, can I have a replacement/refund?☹️","[USER] Hi, I am sorry to hear this. You can certainly check the options for a replacement here:[URL] ^CR",231764,Thu Oct 05 10:36:43 +0000 2017,,,,
2759714,9b9bb7fcd50e46aa0f15f6524871c7e1bc2364d770ee42ed7534e5cf36e431bd,"[USER] [USER] this is reg ORDER # [ORDER_ID] which was taken on no cost emi with [USER] . Bank says not a NCE, and amsazon says it is now am stuck inbetween these two. My due date is 27/11, fed up with follow ups","[USER] We'd like to take a closer look at this and help you. Kindly share your details here: [URL] and we'll contact you soon.
Please don't provide your order details, we consider it to be personal information. Our page is visible to the public. ^SY",2759712,Tue Nov 21 04:13:38 +0000 2017,,,,
2538189,5105641acda4b7f35931edf71931fe20fa9a31a73421bbf44aa326809d061f13,"[USER] hi i purchased one mobile phone of mi4 on EMI, phone delivered today but I want to get it changed with mi y phone of same value..he can I get change....PL reply thanks",[USER] I get your concern and understand that you've purchased Mi4 instead of Mi Y. Please understand we wouldn't be able to accept remorse returns for mobile phones as mentioned here: [URL] ^AR,2538188,Thu Nov 16 09:12:49 +0000 2017,,,,
2230534,a87ccfbbffdd15bff54ec508c12821c63b80bece838d29995070e2dbc4d885cf,[USER] Im getting married&ordered ties for my men-theyve been delayed 2x&are 90min from me but no1 in the callcenter can expedite!Help!,[USER] I'm sorry for the delay on the ties! Have you tried contacting the carrier for the order: [URL] ^EB,2230531,Thu Oct 19 16:21:11 +0000 2017,,,,
2832940,c1ce7421bba1bb8bc16158cd36c70f51a40012b27ac320b568e877f40261ff3c,[USER] need to return a defective selfie stick. Option of only replacement . How come Amazon is showing authoritative behaviour . I need my money back for a defective product. What is the guarantee of good quality of replaced product?,"[USER] I get your disappointment, Vivek. It was never our intention. Allow our support team to look into this. You can connect with us here: [URL] ^NK",2832938,Mon Nov 27 13:39:03 +0000 2017,,,,
1469954,a2f3364a462c7e868835cefaeed2042c0c957e5530dcf3af5b7021ce6a4c2e93,"[USER] wind turbines are great,  but if you truly care about the environment you'll change the millions of daily wasteful packaging jobs [URL]","[USER] We're always looking to improve! To ensure this gets to our packaging team, please visit us here: [URL] ^WT",1469953,Fri Nov 03 00:30:58 +0000 2017,,,,
635698,a4be236e178d231c14bf03a838ee5cda4c8120a8921595e4d9986250e03fa2e4,[USER] why can't I check out? [URL],[USER] You're purchasing an Add-on item that is only available for purchase with orders that contain $25 of items shipped by Amazon. You can find more about our Add-on items here: [URL] ^MI,635697,Wed Nov 22 17:12:55 +0000 2017,,,,
205698,608657d8db9ae03b71c590e6804b7efb7cb547845af701b0982fff7c34310a37,"Hey [USER] , tell [USER] they're full of shit. I've been home since 530pm waiting for my package. No delivery attempt was made. #stoplying","[USER] I'm sorry that we didn't get your order to you, Joseph! Have you contacted the carrier yet? If so, what was advised? ^FR",205696,Thu Oct 12 00:41:23 +0000 2017,,,,
418780,fd15426e9b34c96832aa74afc51bd0204f85d1e25ee58091c96a850262ee87ce,"[USER] Status says, ""Delivered yesterday"" but I didn't receive anything yet. Please assist.",[USER] Apologies for the unpleasant experience. Kindly reach our support team here: [URL] We'll have it checked. ^GS,418779,Tue Oct 10 04:09:15 +0000 2017,,,,
781685,fd15426e9b34c96832aa74afc51bd0204f85d1e25ee58091c96a850262ee87ce,[USER] There is no follow-up support from your team for the request for damaged product received. Please help,[USER] I'm sorry to know about this. May I know what if you have requested for a return from here: [URL] ^SH,781684,Thu Oct 12 06:25:57 +0000 2017,,,,
1572817,fd15426e9b34c96832aa74afc51bd0204f85d1e25ee58091c96a850262ee87ce,"[USER] Hello Team, Return order request has not been done yet. Please help. Urgent..",[USER] Apologies for any trouble. Have you tried reporting this to our support team here: [URL] ? ^AB,1572815,Tue Oct 17 06:10:16 +0000 2017,,,,
2310055,fd15426e9b34c96832aa74afc51bd0204f85d1e25ee58091c96a850262ee87ce,[USER] Will I be able to change the payment method of the order I placed recently?,"[USER] I'm afraid, you would not be able to change the payment method once the order is placed. ^AH",2310053,Mon Nov 13 03:57:49 +0000 2017,,,,
493368,bd12f2aebf171b5006d731272ec568adf948dad2836822a8a4759929f9e2cc68,"Amazon logistics, c'est le pire service de livraison du monde, on est d'accord ?","[USER] Bonsoir, avez-vous un souci avec une commande en cours ? ^MA",493366,Fri Dec 01 17:30:18 +0000 2017,,,,
1320499,6196fe612676f743c48242592f89e7ae9f91d000a05b8beb78de38e9199518ef,[USER] come posso fare a riavere 163€ che vi siete scalati dalla carta a fronte di niente ????,[USER] Puoi darci maggiori informazioni su quanto capitato? ^ZC,1320498,Fri Oct 27 08:57:48 +0000 2017,,,,
832136,c8111cf36812b62ef76bf0573959a958ab7f7e1e4dc74fa1a55112dfd3fa3560,"[USER] 
Very dissapointing [USER] showing item delivered but not delivered yet and didn't get my refund also nd not for first time [URL]",[USER] I'm sorry the tracking has been updated as delivered even though you haven't received the product. This could 1/3 ^SH [USER] be due to incorrect tracking scan update. Kindly contact our support team here: [URL] and we'll 2/3 ^SH [USER] be happy to help. 3/3 ^SH,"832138,832137,832135",Fri Oct 13 04:44:46 +0000 2017,,,,
775041,bf0fddf99097d8abf5e98711f755b263662bfc66dcc0959f9ccd799b6840dadc,[USER] next Telugu releases,[USER] We are always adding new content to the Amazon Prime Video library. Keep an eye out for the Latest (1/2) ^GK [USER] Movies & Latest TV sections on the homepage. (2/2) ^GK,"775040,775042",Thu Oct 12 02:18:18 +0000 2017,,,,
1362435,d23aac18e3034dc3ae53ee823f4ec495ee7392c44609e2a37764d4b037d9061c,[USER] I think you guys need some math tutoring. I ordered a halloween costume item and selected Prime 2-day shipping. You guys shipped it UPS 3-Day Select instead. It's really of little use to me to have it delivered on November 1.,[USER] Hi there. Our Prime two-day shipping is referred to transit time as some items may need additional processing. ^HC,1362433,Fri Oct 27 20:42:29 +0000 2017,,,,
2978873,9de232c90fa5924470f770cdfe514035eb94a11a52a77983443c875af1a27951,"[USER]  ‘package left behind wheelie bin’ no it’s not! Have neighbours either side why leave it there? This was a bday present, Advise?",[USER] I'm sorry for the difficulty! We'd like to look at this with you. Please call or chat with us: [URL] ^MH,2978872,Tue Oct 31 20:33:56 +0000 2017,,,,
4859,6fdb468a5e3c8796ff5f24874738a07b26e1a501ac47760dd46ac715d49755a4,[USER] Im not receiving 2step code by text or call in my smartphone can't log in into my account already got help by phone with no luck,[USER] Sorry you're having problems logging in. Please let us know which Amazon site you are using (.com .es). Thanks. ^SE,4858,Mon Oct 30 23:53:59 +0000 2017,,,,
17641,ac80cb8e6e2a36f4635f3e4dbfe5d2156172a07201e97c544e24067f3d6caea8,[USER] #pathetic customer service. New low in e-commerce. Trying to raise a return request 5 times. #Fail,[USER] Sorry for the trouble while raising a return request. May I know if you have been asked to self return the item? ^SH,17640,Wed Nov 01 04:10:09 +0000 2017,,,,
2480952,e04a282b176272dda764283b6c234e12f7060a8443500b1ab5a7099279a5c424,"[USER] so do y’all wanna explain how I could give reviews on products I never purchased, one of which is in a language I don’t speak? [URL]","[USER] Just to confirm, are you seeing the same reviews here as well: [URL] ^BH",2480950,Sun Oct 29 22:11:31 +0000 2017,,,,
1170076,280a074bfeb1f4005eca89f0f9064c1e12c62617a14704ce877d814b7dc613cb,"[USER] ""The carrier was not able to access the front door to deliver your package""  I need this package today.
[URL]","[USER] I apologize for the trouble, Andy. Who was the carrier for this order? Please check here: [URL] Thank you! ^FD",1170073,Tue Oct 24 19:17:25 +0000 2017,,,,
1239489,8a665609765cd9c2e1538aaa8730448abc8f23f19cdd568f3a3692c19a1e085a,Ordering from [USER] has become less about getting new food and more about getting rid of all these freezer totes.,[USER] I'm sorry for the trouble! We'd be happy to look into a pick-up request with the following link: [URL] ^ST,1239487,Mon Oct 16 02:07:46 +0000 2017,,,,
649644,10b46dac6dd9966b8019051f4af39a37ba023e450d5b444a2474002cfc960be0,[USER] trying to buy this watch and the order doesn’t go through so i wait till i get home to order and it goes up in price by £85. Just been on phone for 20mins to customer support and they haven’t helped at all. Please tell me why this? [URL],[USER] Deal of the Day items are only available for a limited time. More info here: [URL] ^BA,649642,Wed Nov 22 21:08:29 +0000 2017,,,,
268159,6c5e47078633e1d2cc3593441608db7bf8f71077b034e8150afbb739207828d1,[USER] what the hell is wrong with your NFL stream? Just stops and never reloads?,[USER] I'm sorry for the trouble. Please restart your device and try again in a few minutes. ^CL,268157,Fri Oct 06 00:31:28 +0000 2017,,,,
1228706,9ace5a4f2bdcd464005cc8b4712adfe2e8a83f2e7e0418a4d255d7cafae029ae,[USER] Where's my parcel?? Paying for next day delivery which hasn't arrived!?! Disgraceful! [URL],"[USER] Sorry for the delay, Andy! Let's find out! What does the updated tracking info state here: [URL] ^JZ",1228705,Wed Oct 25 20:16:06 +0000 2017,,,,
1230279,9ace5a4f2bdcd464005cc8b4712adfe2e8a83f2e7e0418a4d255d7cafae029ae,So Amazon Prime have failed to deliver my parcel which has been quoted as 'out for delivery'!Not worth £7.99 a month!Subscription cancelled!,"[USER] Oh no, Andy! Is the order showing a new delivery date? You can check here: [URL] We want to help! ^EA",1230278,Wed Oct 25 20:23:33 +0000 2017,,,,
572463,a71aa0aeea0b2fcd75cfc681cb9465bfbcbfa63713e199b3ba910bb2474e9020,"Amazon said shipment delayed..... I need my stuff today, now. I paid extra for one day shipping!!!!!","[USER] I'm so sorry for the delay! Have we missed the delivery date given in checkout?  [URL]
 ^AG",572461,Sun Dec 03 04:41:22 +0000 2017,,,,
2935107,cc4461bf6a6a980e3f8087a453eb7e7325bc1729fe0e43add55b543747d72473,"Amazon, idiot driver. First your sleeping on the job, then you give us the wrong packages...as this season gets going, my patience for you will become non-existent. This is PUTNEY not Newfane. Wake up! #alreadypissed",[USER] I am sorry you have received the wrong packages! Please contact us here as soon as possible so we can review the options to correct this  [URL] ^DJ,2935105,Wed Nov 29 10:34:06 +0000 2017,,,,
164885,14067d13f23507d1683cc5584e23627bfa21fca6ddefbee636459d34aaa5292e,[USER] hey guys! Had an issue with a order that I asked to be delivered to a neighbour but was posted through letter box and is now destroyed by dog.,"[USER] Hello Ella! I'm terribly sorry to hear this has happened! Since we do not have account access over social media, we'd be more than happy to help w/ this issue via phone or chat here: [URL] ^TM",164883,Fri Nov 24 20:00:49 +0000 2017,,,,
832359,e13d93a6b272df4576523bcb520f25f0e0b2456fc9d5bb0d2434b7d6b014a5e5,[USER] tell me a good reason why cant I cast the vdo to a smart TV?Why i need to spend ~3k just for casting.The app itself can do it [URL],"[USER] You can watch Prime Video on 2015 and 2016 smart TVs from Samsung, Sony, and LG. We don't have any announcement (1/2)^KA [USER] about Prime Video for other living room devices, but stay tuned. (2/2) ^KA","832364,832357",Fri Oct 13 05:17:15 +0000 2017,,,,
2308308,fdc1b0e26721b751d2ed282ba99d74b325b8645a0ae1586ff290fb2a68187ee6,Hi [USER] my order was supposed to arrive yesterday and hasn't even been shipped. Is it possible to get and ETA please?,"[USER] We don't have access to accounts via Twitter. We'd be happy to look into this, pls contact us: [URL] ^BA",2308307,Thu Oct 19 21:07:00 +0000 2017,,,,
2606169,0b14fa2ead7569b7e62aa0e4c26d4d3fd1c789ab2c2fafb839a03e73253069cd,[USER] it’s 20:30 here. Where’s the 2xhr delivery slot?? 👎🏻 [URL],[USER] The deadline for 0:00 delivery has passed. The deadline for each delivery window is 15 minutes before the start of the window ^BH,2606167,Mon Oct 30 20:33:26 +0000 2017,,,,
2746017,0b14fa2ead7569b7e62aa0e4c26d4d3fd1c789ab2c2fafb839a03e73253069cd,#primenow basically isn’t. #primetomorrow #sometime #maybe,"[USER] So sorry for the trouble! Without providing account and personal details, could you tell us more about the issue? We are here to help! ^VB",2746015,Mon Nov 20 21:54:41 +0000 2017,,,,
2468673,8465e792ddbcf0ea3cfb9698e06059a74bbe70751779d595df557b8f3d9b8ffa,Beware of #amazonindia as they extra charge for #onedaydelivery and this one day they count from date of dispatch of product and not from placing of order. Means they can keep your order pending for dispatch for days and still call it one day delivery....isnt this fraud ?,[USER] One day delivery is a next day delivery where the order is delivered on the next day if the order is placed in the given time frame mentioned on the product page. Please let us know if there are any pending issues so that we can look into it.(1/2)^SU,2468671,Tue Nov 21 12:54:13 +0000 2017,,,,
2291258,9554c0c21d555fa9e8a9849d2cd9f3d519c81f9dbfaef5d537d3021ec143c2bc,"Instead of [USER] , I used the new [USER] app for grocery shopping and got the order items neatly packed and labelled with zero shipping charge in 4 hours. #navalsmusings [URL]",[USER] Thank you indeed for keeping us inspired to do such great work. Have a super Sunday. ;) ^SG,2291256,Sun Nov 12 10:46:25 +0000 2017,,,,
2451678,420b3f885914c92210a69b016dbe8f850b3708cc2a7aae71a96dc07284ea9fd3,"Hey [USER] thanks for leaving my package from [USER] out in the pouring rain today. Thankfully the contents seem ok, but what the heck? Glad I was checking periodically or it could have been ruined.",[USER] I'm sorry your package got wet! Let us help you file the proper carrier feedback here: [URL] ^JF,2451677,Sun Oct 29 17:02:35 +0000 2017,,,,
708567,c2d1a48270373f68f12101798548bfb5a6456b0f8699bb37807963a128ad3a4c,It is so easy to o̶r̶d̶e̶r̶ ̶f̶r̶o̶m̶ return products to [USER].,"[USER] We're here to help! Without posting personal account information, please tell us more about how we can assist. ^FR",708565,Tue Oct 10 19:54:16 +0000 2017,,,,
2429498,c2d1a48270373f68f12101798548bfb5a6456b0f8699bb37807963a128ad3a4c,Some [USER] delivery van/Dad around here has his son running the packages up to the doors for him. 😂 #familyhustle #winterbreak #waitaminute,[USER] We'd like to make sure this is looked into. Please provide more details here: [URL] ^DD,2429497,Tue Nov 14 19:33:05 +0000 2017,,,,
25293,763a944ef354292eaf4737c90cae9fa7fde15a7b14786d4a38bc5c38d827b05f,[USER] where is my order? I paid for 1 day delivery yesterday and no notification to say to pick it up at the pick up point.,[USER] I am sorry for the wait! What's the latest tracking/delivery date shown in Your Orders here: [URL] ^LM,25292,Fri Nov 03 20:23:07 +0000 2017,,,,
2545420,d398e7553730f3416352eadeef91e06dd70ce5f5d7519611a7d7c7c164cb0ef4,[USER] you guys are useless you said you tried to delivery my parcel and you couldn't yet the building has open door and a Reception person there 24/7. I need my parcel.,[USER] Sorry you're still waiting for your delivery. Who is the carrier for the order may I ask? Was tracking provided? If so what does the tracking advise now? ^NV,2545419,Thu Nov 16 13:44:41 +0000 2017,,,,
2283976,1d7258003997dd822c11b59fc9326e7340ccbfdca7fd0e6e72edf73907a3570c,"[USER] I have a defective item that I need to return. Quiklok ql742 keyboard stand, however I don't have the box anymore. Would a return still be accepted. Can I get a refund without returning?","[USER] Happy to help, Tom! Shipping boxes are required for returns, but carriers usually have shipping boxes available when you go to make the return. You can start the process here: [URL] Keep us posted! ^SD",2283975,Sat Nov 11 14:27:14 +0000 2017,,,,
2379830,140b5371dd5a1bc067c95b2e3efa3f1561ad6de555909309125f887f6ebb5c0a,Never expected this from [USER] . Awful service. Something that I paid for and never received. Best part is even they dont know where the product is. [USER] [USER] [USER] #needhelp #CustomerService #Amazon [URL],"[USER] I'm sorry for the unpleasant experience you've had. . Kindly share your details here: [URL] & we'll look into it. Also, please don't provide your order details, as we consider it to be personal information. Our Twitter page is public.​  ^EM",2379828,Tue Nov 14 04:21:21 +0000 2017,,,,
2791964,1575de2ca4fb074b713dc6b834df27b5ceea0cd742522e774df74d628a5007fb,La raza se alocó con el #BuenFin de [USER] [URL],[USER] Hola M!GUΞL. ¿Que fué lo que pediste? ¿Algo bien chido? 🎁❤️👏 ^JJ,2791963,Tue Nov 21 20:43:16 +0000 2017,,,,
174558,2451f03d0ad99491fcd6588d31f2d8a3d6b0fbb3f553d84183cdca9fcc971ee4,"[USER] was charged for one of my orders but not the other, can you help me with this?","[USER] Hi! If you pay with a credit card and the item you order is sold by [URL] or one of our Merchant partners, we won't charge you until the order ships. Once the second order ships, we will charge your selected payment. Hope this helps! DA",174557,Fri Nov 24 23:19:41 +0000 2017,,,,
2841869,5511d219b6a8d32683c9df96b0c20057e3ef1086dcbdc056f8e83afe0bc97734,"[USER] i've mad an enquiry via message, could you respond asap please","[USER] Hi there! If you sent the enquiry through email, it may take between 12 and 24 hours before you get a response.  If you need a resolution now, please reach out via phone or chat, here:  [URL]  ^SP",2841868,Mon Nov 27 16:44:40 +0000 2017,,,,
1038855,73038248e5f6e70b57634ffeec14d2a7638c36853dafdf4a6e7c73d12c581cc5,"[USER] Wanna know if Cloudatail is listing Wildstone, Denver & Kamasutra deodorants in blockbuster or lightning deals?","[USER] There are loads of discounts and offers and I'm sure you'll find something you'll like, take a look at the website. ^MS",1038854,Sat Oct 14 18:32:53 +0000 2017,,,,
1509255,2a95928160197b707ad60d7b4356db029cb550f8d4488980148a0622efd99787,Dear [USER] what i have ordered and what i got ... i have always going to return ... [URL],[USER] Sorry for the hassle. Please report this to our support team here: [URL] and we'll check this. ^HN,1509254,Fri Nov 03 14:10:00 +0000 2017,,,,
1515354,97ba30205e0d9798bec161d267c320f9a16e74f6a260e3e46b9b5d2a74363c7f,[USER] Bonjour j’ai une question vous pouvez venir dm,"[USER] Bonjour, vous pouvez nous contacter en DM.",1515353,Fri Nov 03 18:27:25 +0000 2017,,,,
1568715,03df6fdf748030380e335432252f255ddd1974a99ba371526c944082cc9a23b8,Cedere ad #AmazonPrime e farsi male... #shopping,[USER] Hai detto shopping?!? 😈 ^FA [URL],1568713,Sat Nov 04 16:18:14 +0000 2017,,,,
579119,a58229c4f2eed0e16404c13b2c4957ce7b05548ef88decb86a7abf5998b08557,[USER] I thought being a Prime member meant free next day delivery ? My order is going to take Five days to deliver !,"[USER] Some items may take a bit longer to fulfill, you can learn more about one day delivery here: [URL] ^BD",579117,Sun Dec 03 10:52:27 +0000 2017,,,,
2367260,028ad33318f229a548ccc44989106cf8f834a7e3b24afbc68131ca5a951a354b,[USER] impossible d’utiliser votre code promo pour ma première commande en tant que nouveau client SCANDALEUX !!!,"[USER] Bonjour Jamel, avez-vous vérifié, si l'article dans votre panier, est éligible à l'application du code promotionnel ? ^ASZ",2367259,Sun Nov 26 17:19:48 +0000 2017,,,,
2032943,d36ce7813e4743488afe6bbc3f9237f35873569dbd83180814f90d67ff80ac13,"I’ve been shopping on [USER] since, the 90s. Not once have I ever been disappointed.",[USER] Thank you! It's great to hear this type of feedback. Let us know if there is anything we can help you with!! ^MI,2032941,Sun Nov 26 11:28:27 +0000 2017,,,,
2298775,e578c6539f3b564b8da14fea61708e439f6cc8a18eaa6b4045b25028cafea227,Yo [USER] and [USER] we having issues?? [URL],[USER] I'm sorry for the trouble with delivery! We want to make sure you receive your package too. Please give us a call or chat here so we can investigate this together: [URL] ^TG,2298774,Sun Nov 12 15:12:14 +0000 2017,,,,
292873,b3de0be08cb7ef47fc8eb522efa729cec32a9723e7b8bd488e860aaa100cc74b,[USER] ohne Prime ist man bei euch echt ein Kunde zweiter Klasse. Mittwoch bestellt und kein Versand bis jetzt und das bei Ware auf Lager,[USER] Welcher Liefertermin wurde dir denn in deiner Bestellbestätigung angegeben? Gruß ^SI,292872,Fri Oct 06 16:38:39 +0000 2017,,,,
2824029,a182420f0a4c937cf861853ac20791dbd8fd444f58f172b888a5889382e05b7b,"[USER] [USER] [USER] 
 I askd for the refund on 21-11-17 on Amazon app. I entered my bank details. I haven't received the refund till now. On Amazon support they are saying that i'll get a cheque. Why will I get cheque i entered the bank details. I want my refund today. [URL]",[USER] I understand your concern regarding the refund. We'd like to look into it. Please share your details here: [URL] we'll look into it and reach out to you. ^AP,2824027,Mon Nov 27 08:15:56 +0000 2017,,,,
2884138,a182420f0a4c937cf861853ac20791dbd8fd444f58f172b888a5889382e05b7b,"I am not getting what you have done and how I will get my refund today in my bank account. I have 2 messages from your end both says different story. [USER] [USER] [USER]

That means I will only need to wait for today? [URL]","[USER] I'm sorry about the confusion. We're following up on this and we'll reach out to you soon with an update on this. Also, please don’t provide your order details as we consider them to be personal info. Our page is visible to public. ^SG",2884137,Tue Nov 28 10:50:53 +0000 2017,,,,
2980890,a182420f0a4c937cf861853ac20791dbd8fd444f58f172b888a5889382e05b7b,"What a fake support [USER] have. Fist you give fake promises to customers and then show your true​ colors [USER]

Worst support guys... Worst support. [URL]","[USER] For further assistance on this kindly reply to the same email. Please don’t provide your order details as we consider them to be personal info. Our page is visible to public. 2/2 ^AH [USER] I understand your concern regarding the refund, Yashwant. We have escalated the issue as mentioned in the email. We request you to please wait till the mentioned time frame and the refund would be processed to your account. 1/2 ^AH","2980887,2980892",Thu Nov 30 04:41:33 +0000 2017,,,,
1567069,ac500bd8f76143cdf27e863ef0e554c7392800e8590f19d0188915aae83f2af5,"[USER] very disappointed. Ordered something for BhaiDhuj 2 days ago and it is yet 2 b dispatched.
Nvr had such experience with you guys.",[USER] Kindly contact us here [URL] and we'll get this sorted out right away. ^RD,1567068,Tue Oct 17 05:21:17 +0000 2017,,,,
465162,2f75ce5d3601f63bb7ba1feb076dc83e3f8de3ba6ac43df956af1cb573e1764d,"Ever since moving to California, the wife and I have discovered that [USER]'s two day shipping is really just a suggestion, and not a statement of fact. So glad we pay for that service! [USER]","[USER] I know delivery issues can be frustrating and we'd like to help! Just to clarify, are you having trouble with a current order here: [URL] ^SG",465161,Fri Dec 01 04:05:50 +0000 2017,,,,
493396,2f75ce5d3601f63bb7ba1feb076dc83e3f8de3ba6ac43df956af1cb573e1764d,"Hey [USER] [USER] , what the heck is this? First: there was someone at my residence all day, and more importantly I was home at this time. Second: A DELIVERY AT 9:17PM AT NIGHT? This is a blatant lie, and I'm not happy. [URL]","[USER] Hey there, Steve! I'm sorry to hear about this! Typically, packages like this are redelivered the next business day. Please keep us posted on if it arrives today. We want to be sure you receive your order! ^MT",493394,Fri Dec 01 17:27:34 +0000 2017,,,,
1307799,5489be94c99610dd4d1047dd367f42af9496ac00afa6d99e5b3dc3240998c018,[USER] making false promise n not deliver service in time,[USER] Sorry about the hassle. We'd like to help you. Please fill in the details here: [URL] & we'll reach you. ^BS,1307798,Mon Oct 16 10:15:04 +0000 2017,,,,
1323371,5489be94c99610dd4d1047dd367f42af9496ac00afa6d99e5b3dc3240998c018,[USER] one of yr [USER] executive told me on  12th Oct tht 1 man visit me on 13th Oct by 10:00 AM no 1 came. N evn no comm. Till date,[USER] We've received your details and shall reach out to you with an update soon. ^GS,1323369,Mon Oct 16 11:45:09 +0000 2017,,,,
2216565,d3523da4238371fc74192505863f8a1ff0b34795833b00d3de2bfa5efa800f29,Hey [USER] why can't I search for items in my wish lists anymore?,"[USER] I'm not really sure what you mean, can you view your wishlist and the items on it at all? ^AS",2216564,Fri Nov 10 07:12:53 +0000 2017,,,,
2725918,579bd15a63115c708a1d3b32e03e1150c17638cf5884ffa0a2b61d315c173307,[USER] very bad delivery services.Opted for one day delivery at office address the delivery boy is not picking up the call and the product has not been delivered till now.,[USER] I'm sorry about the hassle. Due to the nature of duties (driving most of the time and delivering the packages) they may not be available all the time. Kindly connect with us here: [URL] we'll check this for you. ^SG,2725917,Mon Nov 20 12:55:20 +0000 2017,,,,
2725921,579bd15a63115c708a1d3b32e03e1150c17638cf5884ffa0a2b61d315c173307,[USER] [USER] the deliver is very bad even after paying 100 rs for delivery on the same day the product has not been delivered moreover the delivery is also not picking up the call. Very disappointed in Amazon.,"[USER] We apologize for the delay in the delivery, even after you have selected the faster shipping sheep. May I know if you have reported this to our support team, if no please do it here :[URL] so that they can take immediate actions. ^PR",2725919,Mon Nov 20 12:59:18 +0000 2017,,,,
274603,61dc8ee33df6713cdf818f71247d37af2430227fa9a1bc642c4aec8d93071ce0,Sad that my amazon prime now order never arrived. Guess there will be no drunken photos taken tonight for me to cringe at another day :(,[USER] Very sorry to hear Angelos. Have you been in touch? Has a refund been issued? ^TP,274601,Fri Oct 06 06:00:41 +0000 2017,,,,
713328,f46d1f3c06794c64637d92a96ea52fea0cae0bc5f1aa81dc81e7814bc012cbdd,[USER] I would like to file formal complaints with a recent order and be informed of what happens with them. 1 month prime isnt enough,[USER] We're sorry for the trouble you've had! Could you give us a bit of insight regarding your issue w/o personal info?  ^WM,713324,Tue Oct 10 22:45:39 +0000 2017,,,,
2510880,03242c8a0cee4c19979a769f8d91d2731862d4f90fde8c1f16a3ae0ab276b4c0,"what happened to [USER] , did not deliver as promised, i am waiting, look at the screenshot, promised delivery time over.!!! [URL]","[USER] Sorry for the wait! Typically, late orders arrive the next day. If yours doesn't contact us here: [URL] ^NN",2510879,Mon Oct 30 04:41:54 +0000 2017,,,,
2107221,67f2eacbb83beb191f04add8def01ded42f063c32b6b342f0d0595cb0d432944,So far [USER] [USER] has only lost 5 packages of mine this holiday season - not good. Everyone I talk to has a different story with “we have a lot of new people” as the most popular excuse. #Amazon #JeffBezos [URL],"[USER] Apologies, this is definitely not the service we expect. Have you noticed any trends, such as a particular carrier or address? Have you been in touch? If so, what was advised? ^TP",2107220,Sun Nov 26 12:51:04 +0000 2017,,,,
108217,980bbdd792b571891dd910c9fbd48cc4a2c5c7dc8759a0d2eb909a4684a78bcd,[USER] Obrigado por colocar o Kindle em promoção,"[USER] Olá, Parzival! Só o melhor para nossos clientes! :D Me diga, você já aproveitou as nossas promoções? 🤔 ^CR",108216,Thu Nov 23 19:24:29 +0000 2017,,,,
120154,980bbdd792b571891dd910c9fbd48cc4a2c5c7dc8759a0d2eb909a4684a78bcd,Comprei um Kindle na [USER] as 5:30 da tarde 9 da noite na enviaram,"[USER] Olá! Conte para nós, você sabe qual conteúdo vai ler no seu Kindle?. Ficamos curiosos. 🤔😃 ^NB",120152,Thu Nov 23 22:59:06 +0000 2017,,,,
659390,eed27a110e78321d067af9429cb393081fb961d302b8eb223e88dbf0e28ec82a,"What kind of delivery is this? Not even close to my front door, and the driver didn't even ring the doorbell. Smh... this is why/how packages get stolen. [USER] package delivered with ""AMZL US"" 😒 [URL]","[USER] Our team would like to make sure your feedback on this poor delivery is escalated, please send us your info via this link: [URL] ^JR",659389,Wed Nov 22 23:39:28 +0000 2017,,,,
69731,a6b2d8da1438a6547c906d20b61a0920499465e172674e06b6493c23876b21c7,am͜a͉zonさん予約したのに支払い番号も来ないし酷いや,[USER] コンビニ・ATM・ネットバンキング・電子マネー払いのお支払番号は、ご注文の出荷準備が開始されるタイミングで発行されます。出荷準備開始後は、注文履歴の「領収書／購入明細書」からお支払い番号を確認頂けます。発行まで今しばらくお待ちください。 EK,69730,Thu Nov 30 09:41:04 +0000 2017,,,,
288644,d39ca9b641f0619a5c005e4e2d35e0cea747f4528c5339dd9d4b7cab0b1c9e58,I love you [USER],[USER] Yes! We here at Amazon love customers like you! ^NN,288643,Sat Nov 25 03:25:40 +0000 2017,,,,
580652,7bb60530c6b5f00eaa9cb289651ad6612e3a3bef7e01647e1a5f235b0a36e754,[USER] [USER]  Price can be difference in ₹100 on a only ₹999 cover . #mrutunjaym. #AmazonPrime [URL],[USER] The prices are offered by the sellers and the current price is the lowest we can offer at this moment. Appreciate your understanding. ^KK,580650,Sun Dec 03 11:20:10 +0000 2017,,,,
133836,30aaf88b29af48f51411da283f3847d0f095c290b18d7beb6912695769138d10,"[USER] Bjr! J'ai téléchargé l'application pour bénéficier des 5€ de réduction mais au moment de payer, le montant total n'est pas déduit ! Merci de m'aider","[USER] Bonjour, où avez-vous trouvé la promotion ? ^ARC",133834,Fri Nov 24 08:12:47 +0000 2017,,,,
2667409,34ff3f64fdf980bd551daeb92623579dc1c8d83e891baa8abb52a8c11b103f6e,[USER] my order by e com tracking #[NUMBER] is delayed? I used same address for last  years.Ask them to deliver at my address promptly.If they have any problems ask them to call me.,"[USER] We'd like to help you. We certainly did not expect the delay. Did we miss the estimated delivery date? 
Please don't provide your order details, we consider it to be personal information. Our page is visible to the public.^AR",2667407,Sun Nov 19 09:22:40 +0000 2017,,,,
1152585,a22b247bdccec892bafaefddf0b230dd539f1f2c8e2a7f2677436dd8a4b55fba,"[USER] 
When will i get refund on these following order which waa damaged by your delihvery agent.
Order no.[NUMBER]","[USER] Please don't provide your order details, we consider it to be personal information. Our page is visible to the public. 2/2 ^HS [USER] Sorry to hear that, Piyush. Please contact our support team here: [URL] for the assistance.1/2 ^HS","1152584,1152586",Tue Oct 24 17:00:02 +0000 2017,,,,
2200695,f248aa67f5fab6c5e888d7e4522aeb2cb425376d06086a02ba061e5157d95490,Segun [USER] acaban de entregar un paquete... en domingo. Gracias pero no era necesario. #noesprecís,"[USER] Hola Raul, ¿qué ha sucedido? ¿Se ha presentado algún inconveniente con un pedido pendiente de entrega? ^KS",2200693,Sun Nov 26 14:18:30 +0000 2017,,,,
281376,2f2160906c6662d35d9bd53212c6b1cd5fd95032922e6bee7d42250f824e39ad,"If you order an item that turns out to be something other than what u wanted on [USER] & want to return it, be prepared for a rude chat.",[USER] I'm sorry for the unpleasant experience. We'd like to look into it closely to help you out. (1/2)^AP [USER] Kindly fill in your details here:  [URL] we'll get back to you soon. (2/2)^AP,"281375,281377",Fri Oct 06 10:25:24 +0000 2017,,,,
555291,8baa8ef88ec0e9ac8ff703ae5842295c48961baa983f16a2291f52880cd11813,"I pay $100+/year for [USER] Prime and in 5+ years I’ve never had any issues. Until yesterday, when a Prime package was “Guaranteed” to arrive by the 1st and now it’s not until the 3rd?? Wtf do I pay for?! Guarantee means nothing to [USER]",[USER] Oh no! I know how frustrating this can be. Did you receive an email regarding the delay? ^BA,555289,Sat Dec 02 20:51:23 +0000 2017,,,,
62131,ae424433b161212e116ec93c8fc3e4a37694b60d45e28dbdbe1c847fe5603f66,"AmazonからめっぞCD届いたんだけどさ、
まじでこんな梱包してくる奴あるかよ！！！？！？
特典裏向きで直接テープ付けるか普通？！？！？袋ぐらい入れろよな
まじでありえないんだけど！！！！ [URL]","[USER] アマゾンです。梱包についてご不快の念をおかけし申し訳ございません。特典に汚れなど問題があった場合は交換(可能な場合)または返品を承ります。お手続き方法はこちらをご参照ください。[URL]
今回の梱包の問題点については社内に報告させていただきます。ET",62129,Thu Nov 23 03:34:16 +0000 2017,,,,
2507292,f4efe0c4a32774924346261ca5b91051ab5b3d48c1438920deaed2b18eb4f2f7,If you’re trying to budget and save money amazon prime + product subscription is where it’s at 😍 thank you [USER],[USER] ❤️ Thanks for the shout out! We hope you enjoy the rest of the day!  ^EP,2507291,Wed Nov 15 20:50:09 +0000 2017,,,,
1626331,8f4f9d8c88e96bf65981c2e79f9e26583ae72fcdc2173bfba07abe11423f7ed8,[USER] When [USER] delvry doesn't come bc carrier says biz closed when its ur home then usps cust serv asks to put on hold & hangs up.,"[USER] I'm sorry it wasn't delivered today. If you don't receive it by 8pm tomorrow, phone us via: [URL] ^MG",1626329,Sun Nov 05 18:24:24 +0000 2017,,,,
2378219,b361f9ff461c2e830a30e5885ca19307952ef3eec58a00b52b7163b77a8ded02,I just love seeing my [USER] prime order sitting at the post office since Friday,[USER] Uh-oh! I'm sorry you haven't received your order yet! We may need to contact the carrier on your behalf! Please phone or chat with us here and we'll look into this for you: [URL] ^BN,2378218,Tue Nov 14 03:53:41 +0000 2017,,,,
565799,9050993c99694a3575870e9c93edc19e57962a8ce68a655c7a0dc981e5411035,[USER] [USER] VERY frustrated. My delivery scheduled at purchase for 9-12 tomorrow was just moved to 3-6. Not home then. Purchase made 7 days ago & JUST now getting notice that delivery time moved? Unacceptable. Order# [ORDER_ID] Tracking ID XPO000061360,"[USER] I understand your frustration. We don't have access to your Amazon account via Twitter, but we'd like to help. Have you tried to contact the carrier about this change: [URL] If so, what options were provided? ^KB",565797,Sun Dec 03 01:07:06 +0000 2017,,,,
2960533,3ab31bd7621d4dba12ec76b9d0563fd9e5fb9b33498d377b557d56a4e4957f53,"[USER] courier saying my order has been handed to the resident. Ummm I'm the resident and there hasn't been a car down my lane, god knows where my parcel is 🤷🏻‍♂️","[USER] I'm sorry you don't have your parcel! We'd like to help! To start, here are some quick tips to help locate a parcel that's been marked delivered: [URL] ^TK",2960532,Wed Nov 29 20:15:59 +0000 2017,,,,
476175,4b2b4859e324e2b21ff8f1304ffe8e390b8e719d7f1b3eb5fd6f2e94433f5c00,[USER] as a very regular customer so disappointed with my experience of returning a faulty TV and the time spent contacting you and being given incorrect information and still awaiting a refund.....,"[USER] I'm sorry to hear of your negative experience. Without revealing any personal or account information, could you please let us know what's going on? ^RB",476173,Fri Dec 01 10:49:55 +0000 2017,,,,
1089822,0141aec74ebe46280742c40c26c0578c9647eb19db31296af3533797d1a82070,"Fraud activities running in Amazon India, Order no ([ORDER_ID]).  Order was virtually delivered, [USER] , [USER] , [USER]","[USER] I'm sorry about the trouble with the delivery. We'd like to help, kindly connect with us here: [URL] 1/2 [USER] Please don’t provide the order details, we consider it to be personal info. Our Twitter page is visible to public. 2/2 ^MA","1089823,1089821",Mon Oct 23 18:50:58 +0000 2017,,,,
1516091,f0641b88e8fec03e2b563b1d7db976a2cd809ce99dae34c874f0a067787d77b2,[USER] J'ai commandé un truc hier je devais le recevoir aujourd'hui j'ai rien du tout. Je pars lundi il me le faut absolument,"[USER] Bonsoir, je suis désolé d'apprendre cela. Quel est le transporteur qui s'occupe de la livraison de votre colis ? ^ME",1516089,Fri Nov 03 18:43:18 +0000 2017,,,,
372845,138ece4fcc0abe3dbb5ff133bea83e682a3430001df04bfc1724a11d503403ad,[USER] Why can't I talk to Alexa in the Alexa app?,[USER] We're always looking for ways to improve. You can submit feedback directly to our Alexa team: [URL] ^KB,372844,Sun Oct 08 23:52:58 +0000 2017,,,,
372850,138ece4fcc0abe3dbb5ff133bea83e682a3430001df04bfc1724a11d503403ad,[USER] my FireTV locks up constantly when in YouTube and Auto/4k mode (and actually 4K). No problem when in 1080p,[USER] Oh no! I'm sorry for the trouble. Have you checked the tips located here about Fire TV: [URL] ^TG,372848,Sun Oct 08 23:49:56 +0000 2017,,,,
125384,9a96f79f5cf274101c6985933270c18763e533523f2333614d6bc73fb5443a49,"tem um box na [USER] que eu tenho o dinheiro pra comprar mais não posso comprar poe que só pode cartão, oh meu anjo, por que vcs não trabalham com boleto? seria tão mais fácil","[USER] Olá! Atualmente aceitamos cartões de crédito pré-pago, você pode carregá-lo usando boleto bancário e, em seguida, usá-lo para fazer compras na [URL] Para mais informações acesse o seguinte link: [URL] ^NB",125382,Fri Nov 24 02:10:31 +0000 2017,,,,
2762696,d10fe768fbe023539b55ba8b2c8cf0230383bd83fb945d86c139447f2c51bc8b,"per la cronaca, un pacchetto spedito il 15/11 da Roma per Padova via [USER] per conto di [USER] (riparazione in garanzia) risulta oggi ancora in transito a Piacenza, il numero verde di Poste mi dice che non mi può dare informazioni.",[USER] Lo hai già segnalato al nostro Servizio Clienti? ^FS,2762694,Tue Nov 21 07:48:50 +0000 2017,,,,
459956,7a53c5cdfcab87dc09ccdd052602d06e499fbd27768a3e0ccea289bf6266c2af,"[USER] [USER]  Cancel my prime membership and refund the unused portion.  Horrible experience with your customer representatives this week.  I would prefer an ""I don't know"" versus I confident but false statement.  4 interactions with your help department and no solutions.","[USER] I'm very sorry for any poor experience, Tysen. Without disclosing your personal information. Will you tell us more about the issue you're experiencing and what insight was offered when you spoke to us? We'd be happy to help in any way possible! ^SK",459953,Fri Dec 01 01:43:24 +0000 2017,,,,
362969,adb2e3216d5d5de584752eee1ee60cda8f6264e7b94c2a5556bce26dc0300c05,Dear [USER] what kind of sorcery is this. Regular price: 1675.00 and lightning deal price: 1674.00. Wow. Just #wow [URL],[USER] The price offered is the best available. ^HA,362968,Sun Oct 08 18:13:04 +0000 2017,,,,
333146,dad55e3d0d2a3a1d7aef87bf932fd5f622078e506d3a01cbd8139e5db0bf7fc5,[USER] Why are there no contact details for Amazon UK? Such poor service.,"[USER] I'm sorry for any trouble, Nick! We're available via Phone/Chat/E-mail here: [URL] I hope this helps. ^EZ",333145,Sat Oct 07 19:31:24 +0000 2017,,,,
947703,41ae4cf2c51ae819304b36138df6a83873e52353e1f61e0d2d6bf49c94c36b0b,Just got home. No package. Going to Best Buy because it says they still have copies of the special edition. Thanks [USER],[USER] I'm sorry for the wait. Please feel free to look into available options for your order here: [URL] ^AN,947701,Sat Oct 21 19:32:00 +0000 2017,,,,
370344,37dca9bdd71d0f2a051b8dd61bc5fab9a0602b42bd15cb211e8d84e885ed76df,Sérieusement [USER] ?? [URL],"[USER] Bonsoir, je suis désolé pour cela :\ Vous pouvez demander le retour de l'article en ligne via : [URL] ^MH",370343,Sun Oct 08 22:11:59 +0000 2017,,,,
1310060,37dca9bdd71d0f2a051b8dd61bc5fab9a0602b42bd15cb211e8d84e885ed76df,"Faites pas les cons [USER], je suis présentement sur le paillasson avec de quoi tenir s’il le faut. [URL]","[USER] Bonjour, Je suis sincèrement navré pour ce désagrément. Contactez SVP notre SAV pour qu'ils vous aident [URL]",1310058,Fri Oct 27 01:20:53 +0000 2017,,,,
331648,a3e337e8898c2b779b8ca3946838b7a82a3b0a29b472f2e2f6bfcf3992db2588,I love my skull dress! It's cute and fits perfectly! Thanks [USER] for the perfect October find!! #ootd [URL],[USER] So spooky! I love it 💀💀💀 ^NM,331647,Sat Oct 07 18:22:45 +0000 2017,,,,
2390477,83c8d015a842843bd84a12a28d986a283134b7d100a399802544b96ac97eef93,"[USER] I have recharged my mobile number (Jio) using the balance I loaded in my Amazon pay wallet.. So actually there is an offer that If we recharge in that manner,we'll receive a cash back of Rs.99 with in 7 days,But still I didn't get my cashback,plz respond [URL]","[USER] I understand your concern regarding the cashback. However, I see the recharge was made on November 9, 2017, as per which the notified 7 days haven't passed. I'd request you to wait till the time period, I'm positive the cashback will be credited. 1/2 ^AP [USER] Please don't provide your order details, as we consider it to be personal information. Our Twitter page is visible to the public. 2/2 ^AP","2390478,2390476",Tue Nov 14 09:07:19 +0000 2017,,,,
2807523,2b7282822344ed7ed2c1cb72720cf1393552b3fdb3d7edd449550c32fd07678b,[USER] get your warehouse together. I'm tired of receiving the wrong or broken products and then having to go back and return it. It's happening at an alarmingly increasing rate.,[USER] I'm sorry to hear you've experienced issues recently with wrong and damaged orders. We'd like to look into this further. Please reach out to us by phone or chat here: [URL] ^EA,2807522,Wed Nov 22 03:31:20 +0000 2017,,,,
861845,82e1d5031e8f8d8f08eb50fc70c5325f05b691b64fa5d23571b5878cf5e9be50,"This product hasn't been delivered to me.
And they ([USER], [USER] ) claim that it has been delivered to me and signed by me. 😂
Reply. [URL]","[USER] That's strange. We'd like to help. Please share your details here: [URL] We'll reach out to you. ^VN(1/2) [USER] Please don't provide your order details, we consider it personal information. Our Twitter page is visible to public. ^VN(2/2)","861847,861846",Fri Oct 13 14:17:42 +0000 2017,,,,
1347548,2653f2ff8b86738a45571394b5d26020e4706de0bb96cd0ecc4b0f6d990476ed,[USER] sucks at delivering video games on time. Wednesday until receiving my copy of #Wolfenstein2  ... No way!,[USER] What was the delivery date given at checkout? It should be in your confirmation email located here: [URL] ^DA,1347547,Fri Oct 27 17:24:18 +0000 2017,,,,
347589,6a1fa11f15b07bc417fadc438c0c25f7f002655f907fe7facef94eeffac36a97,[USER] got a message that my order was shipped yesterday. This morning I get a refund of the purchase amount on my card. Confused!!,[USER] Sorry for the confusion. Please contact us here: [URL] and we'll be glad to help you. ^SI,347588,Sun Oct 08 04:19:23 +0000 2017,,,,
2783151,828392ebd0f46a4f2b83fbd887dc0f354dcd213d7f8f41b124b2cc9cb47124b8,I can’t believe how brands outright lie to their consumers [USER] [USER],"[USER] Looks like you have faced some trouble, Gautamm. Could you please let us know what went wrong so that we can assist you accordingly ? ^KS",2783149,Tue Nov 21 17:33:20 +0000 2017,,,,
991731,66d1531bf8b75a300553fda51d5dd6ec61357776e4b3f7b1f18c8e4f7feff32c,1st time shopping with Amazon now went amazing thanks [USER] #amazonnow #amazonnow [URL],"[USER] Our success lies in your delight. Thanks for sharing this, much appreciated. ^CB",991729,Sun Oct 22 13:15:08 +0000 2017,,,,
629616,11f8093b3492a47502439f1afca51bfa78e5d84dffaf0aa20147067ad0bb3f62,[USER] Las preguntas y valoraciones de este artículo no concuerdan con el producto. ¿Es normal? [URL],[USER] Muchas gracias por informarnos. Vamos a enviar la información al departamento encargado. ^KA,629614,Wed Nov 22 15:31:38 +0000 2017,,,,
2669236,b6b5d729ecb3a67345e13554fc6df8047b87698f59eb7d7f0f400f6cf11ccb61,"[USER] how come i can not log-in even with the new password i just changed it to? 
Primevideo, not working, Amazon, not working either...
Hoped i could spend my sunday not being frustrated :D","[USER] Hello, which site are you having problems accessing ? Have you tried to use a different browser ? ^CR",2669234,Sun Nov 19 10:57:35 +0000 2017,,,,
1136236,28e72bef5613fbec5f41b1f5b5b9139fdcea4144283ed1c23ca659daf0aa40e1,Euh [USER] ma commande n'est jamais arrivée mais je ne peux ni demander un nouvel envoi ni être remboursée... WHY ?! [URL],"[USER] Bonjour, que dit le suivi de votre colis actuellement ?^AR",1136234,Sun Oct 15 15:12:17 +0000 2017,,,,
455460,3593e9dd32cdb3216063987f1e514d8bc59a215fe1e2445f247b593667b0cf5d,[USER] [USER] Alright. Your delivery guys are beginning to outright lie. And you want us to give them codes to our homes? [USER] [USER] [URL],"[USER] I'm sorry to hear about this negative experience! Have you received this package yet? Also, which carrier was assigned to deliver this package? You can find this information under tracking details here: [URL] ^JS",455459,Thu Nov 30 23:48:35 +0000 2017,,,,
2825544,f4edb97b2ea198568447b8eb0c63fbb66bb3184140a98558170f75ae0458de07,[USER] Commande ok mais j'avais demandé des emballages cadeaux mais rien. Produits dans la boite d'origine...Pas super ça :s,"[USER] Bonjour, je suis sincérement désolée par rapport à cela :/
L'avez-vous signalé à notre service client? ^FT",2825543,Mon Nov 27 10:03:52 +0000 2017,,,,
2987268,f4edb97b2ea198568447b8eb0c63fbb66bb3184140a98558170f75ae0458de07,Livraison prévue aujourd'hui à Strasbourg mais le colis est Lauwin-Plan dans le Hauts-de-France. Ils sont fort chez [USER] :),"[USER] Bonjour, nous venons de répondre à votre autre tweet. ^FA",2987266,Thu Nov 30 07:38:40 +0000 2017,,,,
2630105,0d982ddd885e63fde7525e8c7edf23c3e54fd017d04afb94ce3942b5a7dbef9e,[USER] thought you reduced your packaging waste this is how much paper you wrapped a babies changing mat in I can’t even fit it in my bin 😵 [URL],[USER] I'm sorry for the poor packaging! We are always looking to improve. Please provide feedback here: [URL] ^AL,2630103,Fri Nov 17 17:49:09 +0000 2017,,,,
2252989,e0ee2a69978de4cd4ac4fae8bb1854004c9e67b686fa4bf25451037a06794a80,[USER] [USER]  Any issues with the site now. Not able to place orders.,[USER] It looks like everything is working on our end. What happens when you try to place an order? Have you tried clearing cache/cookies and restarting your device? ^VS,2252987,Fri Nov 10 20:25:45 +0000 2017,,,,
2930732,44be2a06118d56893cb4229c8c655a07a3c5c7678fa2c8c7dc6957c144ccd5e6,"Is it just me, or is [USER] using exceptionally large boxes to ship my packages? [URL]",[USER] We're always looking for ways to improve! Please provide direct feedback regarding packaging here: [URL],2930731,Wed Nov 29 07:16:12 +0000 2017,,,,
2538960,2045ded93ddc97d31f058f9cd2210bb3b394e290873a86f21147d8990de8b206,"[USER] 
I need to know about Amazon pay",[USER] Amazon Pay balance is a digital wallet solution provided to you by Amazon using which you can make online transactions on Amazon.in and our partner websites & apps. For more information pelase go through the link: [URL] ^JS,2538959,Thu Nov 16 09:20:38 +0000 2017,,,,
2881949,2045ded93ddc97d31f058f9cd2210bb3b394e290873a86f21147d8990de8b206,"[USER] 
Hii I'm Amazon prime member & i had question that when is dheeran Tamil movie will be available in Amazon prime video ?","[USER] As of now, we're not having any update on this. I've noted your comments and will forward this feedback internally. 

We will continue to add new content. Keep checking [URL] where we highlight the latest movies and TV shows we have available.^SC",2881948,Tue Nov 28 09:04:31 +0000 2017,,,,
1222604,9e461119601a442dd078efa8a2cb1ecedd532b18918c9f1fe5e1a161c6db5d6e,[USER] [USER]  Hi does the Fire HD range support both Minecraft and Roblox on the Google Play Store or Amazon Apps? Thanks,"[USER] If the apps are available on the Amazon App store, they should be supported for your device. ^GL",1222602,Wed Oct 25 15:47:03 +0000 2017,,,,
972784,f5b47cf6c2b0d339579f6da816743a5fe9509cc1e868f4627d7bf674287e9953,"How [USER] is cheating wid us!
MRP of phone is ₹2059, Amazon selling it on ₹2230.
#DiwaliKiTayari [USER] [URL]","[USER] We try to ensure that MRP mentioned on the website is same as the MRP mentioned on the product that is delivered. (1/3) ^SF [USER] post changes to MRP, Product belonging to a different batch, Manufacturer specifying diff. MRPs in diff. regions. (3/3) ^SF [USER] However, occasionally it might differ. This could happen due to several factors including: Time lag in updating prices (2/3)^SF","972786,972783,972785",Sat Oct 14 04:31:57 +0000 2017,,,,
1558960,f5b47cf6c2b0d339579f6da816743a5fe9509cc1e868f4627d7bf674287e9953,[USER] where is my order ? When will i get it ? 😤 [URL],[USER] Apologies for the trouble. Kindly reach out to our support team here:[URL] & we'll look into it. ^EM,1558959,Mon Oct 23 10:50:56 +0000 2017,,,,
1627624,f5b47cf6c2b0d339579f6da816743a5fe9509cc1e868f4627d7bf674287e9953,"[USER] U sent me an old item. mfg date 04/16 & best before 18 mnths, which has been expired. What can i do instead of using a exp item ? [URL]","[USER] I'm sorry for this, it was not intended. Reach out to our support team here: [URL] for assistance on it. ^RW",1627623,Tue Oct 17 11:19:10 +0000 2017,,,,
1939058,0996869c2c547818ed4f49fa52574f4325125f3ef63124fde1398c74d790f584,"[USER] [USER] tem mais informações sobre o desktop dx210 atlas de 8GB e 1,5TB? Ele vem com mouse e teclado?","[USER] Olá, na seção de ""Detalhes do Produto"" é possível verificar os itens. Caso não tiver, recomendamos contatar o vendedor. ^DA",1939057,Wed Oct 18 15:46:45 +0000 2017,,,,
1710800,141f17d542b2ef77cdffacc3985ed68d35be247ac2035487d6e89b1932ce4aac,Love how I was “guaranteed” delivery by 8pm today by [USER] but my package has sat in Twinsburg for over 24 hrs. 😒😒,[USER] I'm sorry your order didn't arrive by the delivery estimate. We can look into you options here: [URL] ^AF,1710799,Tue Nov 07 01:35:10 +0000 2017,,,,
536509,5eb8cadea817d5abb75b79e9c6f57860a3d33599fbee1f3f3bc09355f63034ed,"Liebe [USER] ,muss mit Euch schimpfen. #Pakete bei #Leichen abgeben,geschenkt.Den Nachbarn immer #neueNamen  geben,ok.Die #Benachrichtigung vergessen,kann passierten-hab ja ne #app. Aber das hier geht echt gar nicht. #amazonlogistics #Amazon #AmazonPrime [URL]","[USER] Hi, OMG! :-( Ich kann mich an die LeiChen erinnern! ;--) Nee, das geht gar nicht! Bitte sei so lieb und melde dich nochmal bei uns: [URL] ^AK",536508,Sat Dec 02 13:10:07 +0000 2017,,,,
735052,5eb8cadea817d5abb75b79e9c6f57860a3d33599fbee1f3f3bc09355f63034ed,Da muss ich mir wohl noch mal Gedanken über meine Nachbarschaft machen [USER] Die sind hier doch noch gar nicht so alt&wie spät ist #leichen jetzt genau? #AmazonPrime #BlackFriday #logistics #Frankfurt #amazonlogistics [URL],"[USER] Hi, oh! Das sollte nicht so laufen!  Sorry hierfür! Bist du bitte so lieb und meldest dich direkt bei uns, dem Amazon.de Social Media Team: [URL] Danke! ^AK",735050,Sat Nov 25 08:04:12 +0000 2017,,,,
1072667,cea8c9c1c4c275d75b1b2298b7a00f60918df72ed32417b76b0e10b43159dd48,[USER] why hasn’t my package I ordered from last week shipped yet?!?,[USER] Have we missed the expected delivery date on this item? Items can be shipped up to the expected delivery date. ^ZW,1072666,Mon Oct 23 16:01:49 +0000 2017,,,,
39592,ad96121850d9d2943f8dac5f91d80b5a3f439adafc7ad4c6d9d86aabf4f4b2a3,"Argh, Hey Amazon! WHERE IS MY PACKAGE? Arriving between Nov 1&3 doesn't mean shop Nov. 2 and maybe you'll get it the next day. WTF?","[USER] If your order doesn't arrive on the 3rd by 8:00, please contact us for options: [URL] ^AF",39591,Wed Nov 01 14:53:08 +0000 2017,,,,
725265,ab5c11d2a058a62b9f7d74a22bc871869caaf63c817b8e565bf0c3021f15c8a5,"Just got off the most frustrating 35min call w [USER] . I get hacked yet,I get treated like the criminal. Where did good customer serv. Go?",[USER] That's not the experience we like to hear about. What options/info did we provide you when you contacted us? ^GG,725263,Wed Oct 11 04:34:43 +0000 2017,,,,
2277124,7297bae3c6cafe3bde65450a1a1accc8907a94eea5f93d627e2df1a3841a44e9,".[USER] Thanks for charging me $80 by a sneaky behind the scenes policy I couldn't see. Also, the item I ordered on Amazon Prime for ""1 Day Delivery"" was delayed 3 days, yet I'm still getting charged for Prime. Do the math on that? #Sketchy","[USER] I'm sorry for the delay and unexpected charge! As long as the benefits haven't been used, you can cancel your Prime membership for a refund here: [URL] To confirm, have we missed the date provided on your order confirmation e-mail? ^MB",2277122,Sat Nov 11 18:00:34 +0000 2017,,,,
497294,c300d91da9fbb580174a42cb77ddbaa14118c22bf38d306f3da9d4ea2a777f65,Livraison de sapin en 2h par #amazon #primenow ils sont incroyables #shoppermarketing [URL],[USER] Yupiii !😛  Je suis content d'apprendre que vous avez reçu votre sapin 🎄 en 2H. C'est votre prémire commande Prime Now ?  ^MB,497293,Fri Dec 01 18:08:07 +0000 2017,,,,
64214,0ad973a04a0ac2e28480508db9a9427d659344baec80774df5fc1c0a450365b3,"[USER] Been waiting for my order for over a week now, the first time it said it was “delivered” at 11:45pm 🤔 now the replacement said attempted delivery last night when I was sat in waiting all evening...customer service are useless.","[USER] Sorry to hear that, Dan. Can I ask what the latest tracking update has been? You can check here: [URL] ^TI",64213,Wed Nov 29 13:07:09 +0000 2017,,,,
2929571,bdce726d13f73a6139818e79a4ed7a1b2eafbdc25790539e26c8ed1c57a4efbe,"Bonjour [USER] [USER]. Malgré ma demande au sav hier, ma commande de lundi reste en préparation ... deux jours pour deux articles ? Est-ce normal ???","[USER] Bonjour, je suis désolé pour cela, quelle est la date de livraison indiquée sur l'email de confirmation?
^YL",2929569,Wed Nov 29 06:22:23 +0000 2017,,,,
2880452,26f7c9be85d034e2bca07f38e033bf64828efbcdb25e3c1526a2d86592039eaa,Such a tricky T&C [USER] . I missed 1500 discount because I added the suggested mobile case in the same cart. Disappointed! [USER] [URL],"[USER] I understand your disappointment with the miss on cashback. However, as per the terms and conditions, if the order has been placed, the discount will not be eligible. ^AP",2880450,Tue Nov 28 08:28:44 +0000 2017,,,,
2303624,49130467ab6561f6926a60024519f37a7da305a03dae63c3c9bc96df69e23d6b,[USER] bring your sound bar's to India too,[USER] We haven't made an announcement on it yet. I'll be certain to pass this on as a feedback internally. &PB,2303623,Sun Nov 12 19:16:01 +0000 2017,,,,
2685347,581c95b04827f84303bc4c63f40cd448233ddb7a7d3779d451a6c197cdd54415,"So my package from Amazon is coming from NJ... And it's now in East Petersburg, PA... but it's delayed because... [URL]",[USER] That's rather odd! Please give us a call here: [URL] so we can take a look at this with you! ^TR,2685346,Tue Oct 31 16:59:16 +0000 2017,,,,
458927,a00405367a1dc4fe7df02aa0f334e467e48fe539c75414c498dcfe19eb51d05d,[USER] this is not why I pay for Amazon Prime 🙄 [URL],[USER] Oh no! Did you receive an email regarding the delay? ^BA,458925,Fri Dec 01 01:06:17 +0000 2017,,,,
33308,73becfa6349bdd32a69d7ff8e02db36141b9ee57a44a9cd8377f1849988a130b,[USER] are the servers having problems.   I'm unable to stream music past the first song on the station.,"[USER] Hey there! We're not able to replicate any issues on our end, but we'd love to help! Is your app up to date? ^NM",33307,Wed Nov 01 12:39:49 +0000 2017,,,,
2624136,4892e2859093b874192556f4c220bcce9928c75a391ace97ca409c30bee6ddae,[USER] The new app for iOS does not alert you that you’ve already purchased a book,"[USER] Hey there, we'd like to help! Do you know if you purchased a different version or edition of the book? ^GM",2624135,Sun Nov 19 22:25:39 +0000 2017,,,,
2625667,4892e2859093b874192556f4c220bcce9928c75a391ace97ca409c30bee6ddae,[USER] The latest revision app for iPad is messed up!,[USER] I'm sorry to hear you're having trouble with the app! Could you tell us a little more about what's happening? ^DG,2625666,Mon Oct 30 21:50:32 +0000 2017,,,,
2599714,90bf8c690e2a9e7ba8713644108dbc2eb16433ba8c8ee0b5c790c433daaf7b1c,"[USER] sending you 2 recpts of pick up by [USER], crashing their version of my area being non serviceable by Haldwani branch. [URL]","[USER] I get your concern with the return slip, email us the snap shots here: [URL] & we'll get back to you with an update. Please don't provide tracking details, we consider it personal information. Our Twitter page is visible to public. ^MJ",2599712,Fri Nov 17 06:17:56 +0000 2017,,,,
2616337,90bf8c690e2a9e7ba8713644108dbc2eb16433ba8c8ee0b5c790c433daaf7b1c,"[USER] [USER] Just got ths msg from [USER]: Dear customer, Your return pickup request from Amazon has been cancelled/can't be executed. For queries, please contact Amazon","[USER] That wasn't expected. Did you report this to our support team? If not, can report this here: [URL] Keep us posted for further support. ^CB",2616335,Fri Nov 17 14:26:38 +0000 2017,,,,
1190828,c849d010350be99be400ccc2f013268d4c394a42f1a1c24550329b010e46a5a4,Hey! [USER] ! [USER]! How the hell do I get Twitch Prime WITHOUT signing up for Amazon Prime?!,"[USER] Hi, Twitch Prime is one of the many benefits of Amazon Prime! Here's more info about signing up: [URL] ^JJ",1190826,Wed Oct 25 07:17:49 +0000 2017,,,,
2317300,492a5425c4145aca119e905789642a1b285918eb9b508f90bc82871307a99b18,[USER] who writes you recommendation engine it is truly terrible offering me something I just bought again and the category is also wrong for it.,"[USER] Hey, sorry to hear that, can you send us a link? ^AS",2317298,Mon Nov 13 08:03:57 +0000 2017,,,,
180689,4b45619b0e991ef405c575ed7ffc624ad71afeae5932cb3a4cf7d9bb2454667d,[USER]. I cancel my free trial and u guys still charge me...why?,"[USER] Hi, sorry to hear that, did you get an email to confirm the cancellation? Have you been able to cancel since? ^JJ",180687,Wed Oct 04 11:53:35 +0000 2017,,,,
1378694,5f14936580cdb39dced544d445fc837c36d7e172c689eaea060afc57c4fd394b,"[USER] Ya se dieron cuenta que el botón de eliminar todo el texto, no funciona ? Uso iPad y iPhone iOS 10.tengo que borrar letraxletra [URL]","[USER] Hola Christian, lamentamos lo sucedido. Contáctanos para reportar esto: [URL] ^AV",1378693,Sat Oct 28 04:07:33 +0000 2017,,,,
1860198,f5055114497bb40e23d769661ba418ecaa984542d3495dd7bd065b9bb48edb4f,"[USER] I have ordered an item but still it is not delivered ,it's been 2 months over . seriously it's rediculous service from Amazon.when I calls to customer care,just I get the reply that unable to fetch the order, eventhough it is showing in my account. Kindly help me amazon",[USER] Sorry to hear that your order hasn't been delivered post the delivery date. Let us look into it. Please share your details via the link here: [URL] and we will assist you accordingly. ^HR,1860197,Sun Nov 26 07:09:34 +0000 2017,,,,
1661806,6bd0271d7d4576925ec75f597cf8a0a7c26503db1032e5bc0ebe2b7a23daeb4b,Amazon Echo: Awesome device with a lot of potential. Does need work on a bunch of things though.,[USER] [URL] and we'll look into this for you. (2/2) ^VM [USER] Alexa has thousands of skills with more added regularly!! ^RR,"1661807,1661805",Mon Nov 06 08:32:13 +0000 2017,,,,
2721720,6bd0271d7d4576925ec75f597cf8a0a7c26503db1032e5bc0ebe2b7a23daeb4b,"Definitely did not say that. 
#AmazonEcho #Alexa [URL]","[USER] That's odd, Alexa is misunderstanding you. Have you tried repeating the same command? Also, please use the feedback option on the Alexa app to help us improve. ^PS",2721719,Mon Nov 20 10:05:24 +0000 2017,,,,
2824712,565859d3353bae363e986cbcc2b589291649bf00d24f73f73404691d94fd5b48,[USER] I file a case against your fraud scheme of Amazon Pay Balance . This fraud you have introduced to only earn money. I MAKE A STAND YOU IN CONSUMER COURT OF NOT DELIVERING PRODUCT AS SHOWN IN ur WEBSITE AND CANCELLED MY PRODUCT SEVERAL TIMES WITHOUT ANY ACCURATE REASON,"[USER] Please tell us what went wrong with your order, so we could have a closer look on your concern. ^BS",2824711,Mon Nov 27 08:58:22 +0000 2017,,,,
1620635,c8bea398ee792be86d8df5b83f1ff9a090d5b2992d676919f394c8ee9877de9b,[USER] I have ordered products through AmazonBusiness.in on 8/10/2017. Still I haven't got products. [ORDER_ID],"[USER] I'm sorry about the delay. Kindly report this to our support team here: [URL] for assistance. (1/2) [USER] Please don't provide your order details, we consider it to be personal information. Our page is visible to the public.(2/2) ^GD","1620636,1620634",Sun Nov 05 14:52:22 +0000 2017,,,,
1706516,48e166c14a8f315656a3ff8eae4ebb932c0dc6b7fe48ac8962f57da8a7ae09c2,[USER] Why my order no. 4__credit_card__ was cancelled..?,[USER] I understand your concern. Please contact us here: [URL] so that we can assist you accordingly. ^BV,1706514,Tue Oct 17 17:18:20 +0000 2017,,,,
1875465,fc3182112d641680e250de3bbe7b72d51dfb78efe3888439d758cbbda404886b,[USER] when will I get my refund or claim refund from seller ?  Faulty roduct have been couriered to them and was delivered 4 days back.,[USER] I'm sorry for the trouble caused over this order. Please connect with our support team here: [URL] ^RW,1875466,Wed Oct 18 09:17:44 +0000 2017,,,,
44544,730b93558e11bb7b45ee1d09a35f351589cfdb104c3849f5b1831f0c661071e3,Was it really necessary [USER] to send 3 x safety posters to my office in 3 separate boxes? [URL],"[USER] We're always looking to improve! When you have a moment please, submit your packing feedback here: [URL] ^JE",44543,Wed Nov 01 15:16:18 +0000 2017,,,,
734663,ecfab2a45013fadb88c5b0e224e578b9cef3dc7a575e40d72b860853273a5476,[USER] how the fuck can u mark it as delivered and not deliver the product on the day it was supposed to come..pathetic service [URL],[USER] Sorry for the wrong update. Kindly report this to our support team here: [URL] and we'll look into it. ^AK,734662,Wed Oct 11 11:21:42 +0000 2017,,,,
734703,90ea3397461a3e6727696090718edddf96f8be4bba7928ff1d167d413a252098,"[USER] hi I accidentally bought a,prime membership how do I get a refund",[USER] Sorry to hear this. You can cancel it here: [URL] ^PK,734701,Wed Oct 11 11:18:32 +0000 2017,,,,
932250,02eec47af77899f40747806f8c86278a42b00dc681c3507c6f82170c74a5f0dd,I'm meant to be in Glasgow now but I've been waiting for this package from amazon that's out for delivery and I'm fucking furious?,"[USER] I'm sorry that you're having a poor experience w/us! Is your order late? If so, what's the status? [URL]  ^FR",932249,Sat Oct 21 11:53:42 +0000 2017,,,,
1477530,3f3e27c7168bb9e7e397adae5511c0aebc9d363ec228189d78fbccf84fd1610d,[USER] hello. How do I go about getting the postage and packaging refunded for this? Or do I need to cancel the item? [URL],"[USER] I'm sorry it hasn't arrived. At your convenience, contact us via phone or chat here: [URL] ^SJ",1477529,Thu Nov 02 22:51:46 +0000 2017,,,,
379819,3a12e2dd337fed9fd668711010bb94a37650019ae5f72c4008f14d86cb095af8,[USER] facing issues with my checkout. This is all I am seeing since 2 days. [URL],[USER] Sorry about that. Kindly get in touch with us here: [URL] and we’ll be glad to help you. ^NS,379818,Mon Oct 09 07:11:37 +0000 2017,,,,
2943143,c343dfc40c9f5bd4499156f49390fa304c45c92a4639cdc3c88c953294716fbe,"[USER] Hi, I just noticed a transaction on my Credit Card for €10.59. I have no order recently amounting to this amount. How can I find out what this was for?","[USER] We're here to help any way we can! I'm sorry for the unexpected charge. Just to clarify, are you showing a description of the charge on your statement? ^AL",2943142,Wed Nov 29 14:27:36 +0000 2017,,,,
735332,7cc00e9083cd1fd757b630f71d3c20a5164540ff9dadac2d68a5bdaf43b9595a,"[USER] I have a order to be delivered at Sarbhog, Assam but Blue dart (located about 10 kms away) is not delivering it. Could you help?",[USER] We apologize for the hassle. Allow our support team to investigate this. You can report this here: [URL] ^CB.,735330,Wed Oct 11 11:38:29 +0000 2017,,,,
1311288,891fc3cce7c1daa915b1feae5e3b5d31fe5e35a5377b814af12703f36d7b0f07,[USER] (2) please update the list of your season for ben 10. So we dont misguided,[USER] Thank you for bringing this to our notice. We'll definitely forward this to the concerned team internally for a review. ^SK,1311286,Sun Nov 05 12:22:29 +0000 2017,,,,
1544131,891fc3cce7c1daa915b1feae5e3b5d31fe5e35a5377b814af12703f36d7b0f07,[USER]  no surprise why you update such a flop movie... upload some good movie amd new.,[USER] We will continue to add new content. Keeping checking [URL] where we highlight the latest movies 1/2 ^SH [USER] and TV shows we have available. 2/2 ^SH,"1544129,1544135",Sat Nov 04 05:07:22 +0000 2017,,,,
1613547,891fc3cce7c1daa915b1feae5e3b5d31fe5e35a5377b814af12703f36d7b0f07,"[USER] Here you upload actually 2,3,4 season .<4> [URL]",[USER] Please fill this form: [URL] with details of the issue and we'll make things right for you. 2/2 ^RI [USER] Thank you for flagging this. I'd like to have a closer look on this issue so that we can fix this. 1/2 ^RI,"1613545,1613550",Sun Nov 05 12:35:38 +0000 2017,,,,
756315,9cb67205c95cfd0c53b7f17b84f08f9b38ce6bd1dc29cca0134819a76a53e2a4,"Merci [USER] ! Acheté hier et reçu aujourd'hui en livraison simple 
#voyages #solotravel [URL]",[USER] Ravie d'apprendre cela 😊 . Commandez-vous souvent des livres ? ^BR,756313,Wed Oct 11 18:37:28 +0000 2017,,,,
529063,e9366dd6ee93db746800e28677ba5f1ed065fee0f73150720b2fc15ad2eb82eb,"[USER] I am highly disappointed with Amazons service, my order# [ORDER_ID] was supposed to be delivered by yesterday as a gift to a friend and yet not delivered. Your customer support has been of no help in tracking my. Disappointed!","[USER] Please don't provide your order details, we consider it to be personal information. Our page is visible to the public. 2/2^KK [USER] Sorry for the trouble that you have faced with the delivery of the order. Kindly fill in the details on the secured link here [URL] we would investigate and connect with you shortly. 1/2 ^KK","529064,529062",Sat Dec 02 08:57:52 +0000 2017,,,,
96830,ff7792563598078e263fc348e27c90a77d31134a10471a48aa492a595bc9506d,"Can only imagine what's going on inside [USER] warehouses... a majority of the items I've ordered since #BlackFriday2017 arrived with crushed corners (admittedly many were for me 🙄, nbd). Anyone else?",[USER] I'm sorry to hear this. Were the contents of your orders damaged? ^GR,96828,Thu Nov 30 16:22:35 +0000 2017,,,,
2437720,1a6f7589d0dad16fc0b03098d21065e43c460cef4f4fe8202ed4561d1f0e7952,[USER] Had some issues with my order and your online returns system has been down for hours. Can someone please look into this? Thanks,[USER] Sorry for the troubles! We're unable to view your account via Twitter. Please reach us here: [URL] ^AB,2437719,Sun Oct 29 15:50:37 +0000 2017,,,,
2249763,18fa1281b8fcd9d35d813f267d46650066b0068916d17a40ff79eff04f2c7424,"Schade, dass [USER] die Pakete mit [USER] versendet. Nach 3 Tagen versprechen ist mein Paket auf dem Rückweg zu Amazon...",[USER] Oje :( Hast du dich schon im Kundenservice gemeldet? [URL] ^AV,2249760,Thu Oct 19 17:25:25 +0000 2017,,,,
511652,d8efa99bc78aff6ce59d16ff3f77dd915f41062f6307348e708ab9767c19025a,"[USER] warum wenn ich Filme in Amazon Prime fernsehe, bekomme ich Werbungen vor dem Film???? Habe ich nicht dafür bezahlt, dass ich Filme ohne Werbungen fernsehen könnte? Sag nichts über diese ""Überspringen"" Funktion, es ist Quatsch!","[USER] Diese kurzen Videoclips erscheinen vor ausgewählten Prime Video Titeln und sind dazu gedacht, über Vorzüge der Prime-Mitgliedschaft zu informieren. Dein Feedback gebe ich gerne weiter. ^NW",511650,Fri Dec 01 23:00:08 +0000 2017,,,,
2680358,f9c49ddacfdc936babfcb68412c479932c728dcdf66c1f46556c13eec5f4f5f9,Hmmm...what about Echo Spot? [USER] [URL],[USER] The Echo Spot isn't listed there because it has not yet been released. The Echo Spot will be compatible with Routines. ^CH,2680356,Mon Oct 30 20:03:42 +0000 2017,,,,
1723899,4fcb6054c42a35c40ec127b10e9bef2cabfa51953309482bb0f69f5134940e6d,ログインID忘れてアメリカで登録したAmazonプライムの退会できなくてパパ激おこなんだけどなす術なさすぎてどうしよう,[USER] よろしければお調べいたしますので、お手数ですが、こちらのリンクよりご連絡ください。[URL] サインインは不要でございます。,1723898,Tue Nov 07 08:25:21 +0000 2017,,,,
268703,8befb5546586b396206b548df8b6bd8d94eff4829daa0fc1b26fa2f40ea9ff63,[USER] trying to add prime to our order and can't seem to add! Help!,[USER] Can you tell us more? Are you trying to apply for the Prime membership? Are you trying to get your items for Prime delivery? ^TG,268701,Fri Oct 06 00:31:54 +0000 2017,,,,
629563,782d9944ebc42ee6b1b8ab158c5e7c871ad58c57fcdd9e46f9c44682f4eb5dbb,Purée [USER] !! Comment  te débrouilles-tu pour TOUJOURS prévoir mes livraisons pour les samedis quand les gardiens sont de repos ???? Sérieusement ?,"[USER] Bonjour, rencontrez-vous un problème de livraison avec une commande en cours je vous prie? ^BR",629560,Wed Nov 22 15:36:53 +0000 2017,,,,
1474814,cbbda60fce99458f10b651daa54df8e105cef53a180f38d4f047a2c6ca926ae9,[USER] and your representative just gave us the phone number for the person who ordered it. Pretty sure you can't give out private info,[USER] I'm so sorry! We'd like to look into this for you. Please provide any order/contact info here: [URL] ^AG,1474813,Sat Oct 28 20:57:41 +0000 2017,,,,
689273,28459de0f3020d52331221f983c00ce744dd8bcd5d39dc2b5df682307b0a35b4,[USER] brings me the best parcels 💕😘 [USER] [URL],[USER] Adorable!! I think this little dude deserves a gift!! 😎 😁 When you have time please fill out this form:[URL] ^CN,689271,Thu Nov 23 14:15:42 +0000 2017,,,,
729689,cc725347d83f696b0f5f3f663a0f017cc1acdc392fe27192effaecda45f225e7,[USER] where is customer panel in app,[USER] The last option in our App menu takes you to our support page. You may also use this link: [URL] ^HK,729688,Wed Oct 11 09:23:59 +0000 2017,,,,
2769770,081ca86c3279905484fbfba215d9e5b5903b1a429dc09c02542dbf61e26cf109,[USER] why have I got a pending bill for amazon prime when im not a prime member ?,[USER] Hey Matthew! I'm not sure why that is. Please check out this page: [URL] to edit your Amazon Prime membership. Thank you. ^AP,2769769,Tue Nov 21 11:54:43 +0000 2017,,,,
1716724,abcfbc6dd73c8ddd99eddcbaa169f4003b2c4ed8706b77ad258daccc0ee769da,"Hey [USER] what's up with being able to download music, but not use it offline? Kinda annoying.",[USER] That's odd! We'd like to help! Have you had the chance to try these troubleshooting steps: [URL] ^HM,1716723,Mon Nov 06 23:55:39 +0000 2017,,,,
2609927,5ea477e53d05dc5cf1727ae60d0f552c26ffd7d98c112c0c00da5f1b159bb80b,"[USER] I bought a Benro Tripod T880EX got a T600EX. The Box's seal & tripod bag's zip was broken. The Box has an eKart sticker on it which means it was sold from Flipkart & is used but sold to me as a new. The condition of the box, bag, and tripod is pathetic. (1/2). [URL]",[USER] We apologize for the situation. Allow our support team to investigate this. You can report this here: [URL] ^CB,2609926,Fri Nov 17 10:55:29 +0000 2017,,,,
2269133,0841cb2f1d7eb84845d0c296bb579f706d8640f8f86e5e22482e8997073462c7,"[USER] How come your website quoted me a ""Guaranteed"" delivery date of today - and then dispatched it for Monday - 2 days later. I've been told there's a website glitch but the only warning I got was when the item was dispatched!","[USER] Hey, sorry to hear that. Have you received any email about your order? ^AT",2269131,Sat Nov 11 10:18:55 +0000 2017,,,,
2626973,6e58dbfd9e9cdbe59c740f72b8eeeba692a521efdfa6373af72dcc4bbc5ed34f,[USER] my package shows delivered but I did not receive it. I’ve asked postal service and apartment manager and nothing!,"[USER] I'm sorry you didn't get your order! Sometimes carriers accidentally scan early. If you don't see it soon, let us know! ^SB",2626971,Tue Oct 31 00:39:35 +0000 2017,,,,
1267585,2fa54a413e4ca1295fc8c7375e00f57a8e563f13de57c8415fdf618ecb69aa33,"[USER] pésimo servicio, nunca más. Desde el día 6 esperando, quedan de llamarme para anular el pedido y nada. #Verguenza","[USER] Hola Lobelle, lamento las molestias. ¿Podrías comentarnos un poco más sobre lo sucedido? ¿Deseas cancelar uno de tus pedidos? ^LG",1267583,Thu Oct 26 13:21:48 +0000 2017,,,,
863883,6b368aee0c6571582a002ed42a202f837f8bd148f45d7f22b94eb8f473a2516e,[USER] why do y’all disconnect while in cut when you’re in the wrong? I’m so upset with your CS and would like to speak to a Supervisor,"[USER] I hate that this happened. Without providing personal info, can you tell us what's going on? We'd like to help if we can. ^AL",863880,Fri Oct 20 17:24:54 +0000 2017,,,,
582642,c057dbeabe0823476d07c58e47aac4e30c421f2bc85e52f059fe363a055481cd,"One Click + One Swipe & you are done, placing order. That's most customer friendly & true example of #DigitalIndia
Thank you [USER]
for #AmazonPay  feature.",[USER] Thank you indeed for keeping us inspired to do such great work. Have a super Sunday & party hard ;),582641,Sun Dec 03 13:28:39 +0000 2017,,,,
2382469,c057dbeabe0823476d07c58e47aac4e30c421f2bc85e52f059fe363a055481cd,"[USER] often mocks you & makes you feel like a beggar.This👇is what they replied when I enquired about my cashback, offer they had from 7-11 Nov. & this kind of loiter by them us regular now.
Team forget being India's
No.1 online marketplace,with this kind of professionalism [URL]",[USER] I understand your concern regarding the cashback. Kindly share your details here: [URL] we'll look into it and reach out to you soon. ^AP,2382467,Tue Nov 14 06:05:56 +0000 2017,,,,
1519835,bca91e0da33a61c582fe612f3b6ffd50b0e342613719290d2c1b1c4d315e2687,[USER] worst service no pickup after16 call and 10 days.. [NUMBER] every tym asked to wait for 24 hr.. Unexpected,[USER] Apologies for delayed pickup. Please share your details here: [URL] & we'll get in touch with you. (1/2)^BS [USER] Please don’t provide account details as we consider them to be personal info. Our Twitter page is visible to public. (2/2)^BS,"1519836,1519834",Fri Nov 03 16:48:45 +0000 2017,,,,
1961013,ff107ede59e803e7fe8d219050772322410137aebbe75056412d9ba3e3983467,"[USER] Hi I have tried Sell On Amazon to sell my book.My book was received by amazon guy on 18th Sep but even after a month ,1/2",[USER] I'm sorry for the inconvenience. Request you to get in touch with our seller support 1/2 ^MK [USER] team : [URL] and they'll get in touch with you. 2/2 ^MK,"1961014,1961012",Wed Oct 18 15:20:05 +0000 2017,,,,
689254,a9edfb8451c4089632be3be3d832c924a9f0f7e72c058abd02808dab9714aabd,I ordered 18x18 pillows on [USER] prime then why does it say its prime when they are coming from China?  🤦🏼‍♀️,[USER] Sorry to hear this. Please reach out to us directly here: [URL] and we can look into this for you. ^PK,689253,Thu Nov 23 14:28:43 +0000 2017,,,,
1616776,d018b6ea79c8245e70b25194ef20155cc59eca724f91f09a042a0be6676c401c,"Not only did Amazon not do release date delivery for .hack, but they sent it to the wrong place, so I'll get it even later. [URL]",[USER] Terribly sorry for the delay! Who was the carrier responsible for the delivery? Let's check here: [URL] ^JZ,1616774,Sun Nov 05 13:18:26 +0000 2017,,,,
351681,4f03c01961e73ea393e90b3889f1991a9aad8b68b3c740f63681cf5b7e291ef8,"[USER] is your customer service team blind or extremely ignorant? ""Sorry, Nicole, I can't guarantee your order will come today"". 
????? [URL]","[USER] Hi, what's the current status of the tracking and who is the carrier: [URL] ^JJ",351678,Sun Oct 08 11:42:10 +0000 2017,,,,
787589,de1a993e8e7da6c4f9704bc49694e4e16eb9f2fab88e6b576b3842ae9393c065,"Used [USER] card for an order at [USER] didn't ask for OTP, asked for PIN code instead and order is still pending verification?",[USER] Sorry for the trouble you've had. Kindly reach out to our support team here: [URL] and they'll help you. ^MM,787588,Thu Oct 12 10:17:45 +0000 2017,,,,
2115627,9d279cf859836aad1296ca718a4c615c86c3f05b68004727da0a8ee914dfca09,Xbox one x arrives a day late. Now it's dead on arrival. Just can't get a break with this Scorpio edition console. First [USER] mess up. Now the machine just doesn't work.,"[USER] I'm sorry for the frustration! If you'd like to, you can return the device here: [URL] ^AC",2115626,Wed Nov 08 17:11:23 +0000 2017,,,,
1413760,9ee154dd4be98b588e3113e918cad1e11653d1a11fd2b6fdebb337c6f3b129df,"Highly upset bc I never signed up to be an amazon prime member, and they’ve been taking $12 out of my account monthly for a good minute. 🤬",[USER] I'm sorry you were charged unexpectedly. You can review and make changes to your Prime here: [URL] ^EA,1413759,Thu Nov 02 01:40:00 +0000 2017,,,,
1159259,76f3c2986482c01d993f138c5ef80dc51567f23b7383ae397c0abe492baa11ae,"[USER] Hey ich habe eine Bestellung die bei mir nicht angekommen ist und als angekommen angezeigt wird. Sie wird als ‚Zugestellt‚ in einer anderen Stadt angezeigt, wobei die Lief.-Adresse richtig ist. #Hilfe #Why #AlleAnderenPacketeSindRichtigAngekommen #Komisch","[USER] Hi, leider habe ich hier über Twitter keinen Einblick in deine Bestellung. Meine Kollegen vom Kundenservice helfen dir aber gerne weiter: [URL] Lieber Gruß ^SI [USER] Hi, konnten dir meine Kollegen denn weiterhelfen? Gruß ^JS","1159257,1159260",Sat Nov 25 18:36:58 +0000 2017,,,,
1737080,3c7a9616af858097399bcb73783809d7f2786bc0d9a266b426ebe2f5dfde3313,If everything happens on website or app toh phone number kyu de rakha hai?? No options to speak to an advisor. #amazonIN,"[USER] Harsh, you can request a call back from our support team here: [URL] ^JC",1737078,Tue Nov 07 09:51:41 +0000 2017,,,,
1426205,6dd53cfb3806c8d6e9be86491be493ca486049465b120f69a6bab3e878deda91,AMZL delivery is awful. I literally dont understand why I've had 3 late packages through them when UPS is almost always on time.,[USER] I'm sorry for the inconsistency! Do you have an issue with a current order with AMZL: [URL] ^JP,1426203,Thu Nov 02 04:37:53 +0000 2017,,,,
2553941,b5bda236641f3b9068fe1c7f9a544373a2ad84659e8edf29790c8895075fd2a9,"Bjr [USER] pk  2 articles commandés en même temps (2 commandes différentes) ne sont pas expédiés en même temps, la commande la plus récente est déjà expédiée alors que l’autre est encore en « pas encore expédiée »? Membre prime, j’aimerais recevoir mon colis à temps (demain)","[USER] Bonjour, sSi les articles ne proviennent pas du même centre d'expédition ou non pas la même disponibilité, ils ne peuvent pas être regroupés dans le même colis. ^ASZ",2553939,Thu Nov 16 15:09:47 +0000 2017,,,,
1533727,654009d83d355a71343621c4dfd72cb103943c1b586f6b1552bc5e152c683e37,Come on [USER] You can do better than this. [USER] [USER] #yyj [URL],[USER] I'm sorry your order arrived this way! Please make sure to leave us feedback on the packaging: [URL] ^VS,1533726,Fri Nov 03 23:26:33 +0000 2017,,,,
2802347,0376247e07a3def61368b25c746a5df45adf8531e437b934ad21906d37fe435a,Did not get my package on time. Thought 2 day shipping actually meant two day shipping. Not cool [USER] [USER],[USER] I'm sorry you haven't received your order yet! Can you please tell us the intended delivery date stated in your order confirmation e-mail? ^AC,2802346,Wed Nov 22 01:05:53 +0000 2017,,,,
1208366,b2bc03041fdc3e5e1b2c648abf9ca2265cac46d66adf595dd313aa43ebe59d53,Hi! [USER] is there any chance to get support from you in english? I need to solve a problem!!!,[USER] How can we help you? What's the problem? Kind regards ^MF,1208365,Wed Oct 25 10:22:07 +0000 2017,,,,
1627678,b2bc03041fdc3e5e1b2c648abf9ca2265cac46d66adf595dd313aa43ebe59d53,"Es una VERGÜENZA que me roben la cuenta de [USER] hace más de un mes, y que no haya visto aún mi dinero. Servicio de att DEPLORABLE","[USER] Hola Aída, ¿podrías comentarnos más sobre lo que ha ocurrido sin publicar detalles de tu cuenta? ^DA",1627677,Tue Oct 17 11:47:10 +0000 2017,,,,
1916390,b2bc03041fdc3e5e1b2c648abf9ca2265cac46d66adf595dd313aa43ebe59d53,"Que no vais a hacer nada verdad? De momento y hasta que no vea mi dinero de vuelta, NI UNA COMPRA MÁS A [USER] [URL]","[USER] Lamento cualquier inconveniente, Aída, ¿Podrías informarme lo que ha ocurrido?  ^AZ",1916389,Wed Oct 18 13:56:29 +0000 2017,,,,
1333581,34e61a7e9b807117a79438aabf6baf5729adbe52625b24e54d02a6f92cd58c45,"[USER] Your own delivery service is terrible! 4 days for prime packages. Packages thrown in bushes, left outside of apartment buildings.",[USER] Oh my! We'd like to have someone look into this with you. Please provide some details here: [URL] ^MT,1333580,Fri Oct 27 13:21:27 +0000 2017,,,,
2678086,143d39c10d458aaab53ba4799f75e3341df281842432ccadc9fe3823d01d14c0,Of course I'm trying to upload the cover for Something Just LIke This for the cover reveal tomorrow and that feature is down on the KDP dashboard. #authorproblems #KDP #Amazon,"[USER] Oh no! I'm sorry for the trouble with your cover. Please contact us here, [URL] so we can investigate this together. ^TG",2678084,Sun Nov 19 12:55:29 +0000 2017,,,,
2802302,d7a70d566c91323beb09c69730cbd787803b99f0362ff32e60429348a2e72622,[USER] Cheated me by selling a damaged item and now not replacing it. Please be aware.,[USER] I'm sorry for the unpleasant experience. Please report this to our support team here: [URL] and we'll look into this. ^SD,2802301,Wed Nov 22 01:05:08 +0000 2017,,,,
1276237,86c71d986160bed5924e346fd6fe8bb5f05246cc37e6d4baf168e2528ae9ace6,"[USER] BTW, the link in your Treasure Truck texts is broken: [URL]",[USER] Let us know if this link works for you: [URL] ^AF,1276234,Thu Oct 26 15:51:05 +0000 2017,,,,
1499742,86c71d986160bed5924e346fd6fe8bb5f05246cc37e6d4baf168e2528ae9ace6,Woke up this morning to an [USER] delivery driver blazing down my road blaring oldies music. #unsafe #dangerous #shocked,"[USER] Thanks for bringing this to our attention. Please provide us with the date, time, and location here: [URL] ^RA",1499740,Fri Nov 03 15:07:09 +0000 2017,,,,
2336608,86c71d986160bed5924e346fd6fe8bb5f05246cc37e6d4baf168e2528ae9ace6,[USER] spellcheck much? #customerservice [URL],[USER] Thanks for bringing this to our attention! I've escalated it to the appropriate department. ^BH,2336606,Fri Oct 20 02:16:30 +0000 2017,,,,
1547609,a9d209bf918c5ca9ca04d114e120fe9ab0ef6245c4e05428e6cbb84f0c9c5006,"[USER] when I requested you to reschedule the delivery.. Could you please clarify?
#Feelinguselesswithamazonprime
#amazonprime [URL]","[USER] Sorry for the wrong update. We'd like to help. Kindly report this to our support team here: [URL] ^AK (1/2) [USER] Please don't provide your order details, we consider it personal information. Our Twitter page is visible to public. ^AK 2/2","1547610,1547608",Sat Nov 04 07:16:57 +0000 2017,,,,
1547902,a9d209bf918c5ca9ca04d114e120fe9ab0ef6245c4e05428e6cbb84f0c9c5006,[USER] I don't mind providing it... Because I already escalated this to your team and nothing happened so far... [URL],[USER] I'd like to take a closer look into it. Please fill in this form: [URL] and I'll revert accordingly. ^AB,1547900,Sat Nov 04 07:55:57 +0000 2017,,,,
799628,bb8eee279b764f44a98497154fb6654c63c3e5c616290a47f59b96b342b60b9b,[USER] Bought an electrical product from Amazon. Developed fault after 10 days in use. No way to return it back to either Amazon or manufacturer as its bought over a month ago. No cust serv details available on [USER] website to contact.,"[USER] Hi Harsh, I am sorry to hear this please get in touch with us using the following link so we can assist you futher: [URL] ^HS",799627,Tue Nov 21 09:17:50 +0000 2017,,,,
1429497,76a0aff1c1075b659b63cfc07cadcbd295e7da7b7e4f12ba9b9de7bf9b63aa54,Anyone else charged for [USER] PRIME even after cancelling subscription & [USER] can’t just cancel it?,"[USER] Hello, I am sorry to hear about this. You can cancel and manage your subscription here:http:[URL] ^CR",1429495,Thu Nov 02 06:23:37 +0000 2017,,,,
2587857,d56cd2a51bc69b1d081bf62eca989c3a5257fe789b91773613851ef37efebe8a,[USER] I've got a parcel containing face paint supposed to be arriving today and I have no sign of it? Any idea! Need it for tomorrow,[USER] Parcels can be delivered up to 9PM. What does your current tracking show: [URL] ^AR,2587855,Mon Oct 30 18:07:41 +0000 2017,,,,
1665339,62e8af44dda9a74a8e7442c12a222708d069a186c93fc477ef441ea20d7b4274,[USER] [USER] #pathetic products #faulty products #disgusting customer service,"[USER] I think you had an unpleasant experience with us. Could you please tell us more about your issue, we'll assit you accordingly? ^VH",1665338,Mon Nov 06 10:32:57 +0000 2017,,,,
979490,48e9a35c62f22d2a5eff9652f2fec94c49523df5bd5201faed33f239c6e2289c,"Almost a week from the ETA, four escalation calls and my order is still not in [USER] #dissapointed",[USER] I'm sorry for the trouble. Please fill this form: [URL] and we’ll contact you at the earliest. ^AU,979489,Sat Oct 14 08:22:25 +0000 2017,,,,
1560852,18332e8903a73312ef05e9d8822acda57292348764992acaa5347f5fb3ae2d33,Anyone can help setting up amazon echo? Having a language error..,[USER] Kindly get in touch with us here: [URL] and we’ll be glad to help you. ^AG,1560851,Sat Nov 04 08:44:33 +0000 2017,,,,
2599138,18332e8903a73312ef05e9d8822acda57292348764992acaa5347f5fb3ae2d33,"This is an appreciation post for amazon's service. When the india team could not resolve my echo issues, they put... [URL]","[USER] Aww thank you, we appreciate the kind words and we're here to help if you need us :) ^KA",2599137,Fri Nov 17 05:28:00 +0000 2017,,,,
2092677,3c1a25df2693170ee091424a390057d1dc31e96763b0e093d98240b6dbb5932c,What the heck [USER]? I ordered something and paid for next day delivery and now you're telling it won't get here until later next week?,[USER] We'd still like to help! What was the estimated delivery date given on the order during checkout? [URL] ^RM,2092675,Sun Oct 29 02:37:09 +0000 2017,,,,
622568,995db05b31ef1fc97cc29ca9bf0f34b078253998ef17e96bca4b43cde07788cd,The import fees by [USER] is high and does match one charged in India. Its arbitrary and non-transparent.,"[USER] I understand your concern regarding the import fees. Import fees are calculated based on the market value of the item, which is the actual price of an item before any promotions. ^SU",622567,Tue Nov 21 10:49:30 +0000 2017,,,,
1524001,995db05b31ef1fc97cc29ca9bf0f34b078253998ef17e96bca4b43cde07788cd,How to download eBook from [USER] for #MicrosoftPress series book bought from [USER]. Printed book as Access Code but.... 😢 [URL],[USER] We're happy to look into this for you. Please contact us here: [URL] ^LI,1524000,Fri Nov 03 19:34:49 +0000 2017,,,,
2772358,28a21fc709234578d62dc0a7984021ef4fd37687dae673fd1cfe163fb34a0b74,[USER] Ich kann den Appstore nicht starten. Ich komme nicht bei der Auswahl des Standorts weiter. [URL],[USER] Komisch. Versuch mal bitte eine Neuinstallation der App. Klappt es dann? ^MF,2772357,Mon Nov 27 00:09:09 +0000 2017,,,,
2772332,cbf323da9b9c5de4ad53c1d3a40ddb392991a568f4c48f50b7bf2c616e9279ba,[USER] do you offer insurance with postage for bought TVs with international shipping?,"[USER] Do you mean the warranty card? Often the stamp on the card is not needed and the invoice is sufficient for the warranty claim. If you need a stamp, you can contact our customer service via e-mail. ^MH",2772330,Mon Nov 27 00:06:24 +0000 2017,,,,
490515,a8b409c09fc5f8b5eb9c69cd18d208a8c0077d530465ec54d90b6b7b19ce8af6,[USER] cómo es el proceso para cambiar unas botas de número ? Quiero el mismo modelo y mi misma compra solo quiero un número más grande,"[USER] Hola, Legnasiul. En este enlace podrás ver las opciones de reemplazo o reembolso disponibles para el producto que compraste: [URL] ^CR",490514,Thu Nov 30 03:04:59 +0000 2017,,,,
2752590,a8b409c09fc5f8b5eb9c69cd18d208a8c0077d530465ec54d90b6b7b19ce8af6,[USER]  me fallaste :( segundo día y aún no llegan mis cosas que eran para ayer ... cuál es el sentido de Prime :(,"[USER] Hola, Legnasiul. Lamentamos mucho este inconveniente, ¿podrías indicarnos si ya te pusiste en contacto con el transportista o Servicio al Cliente? ^CB",2752589,Tue Nov 21 00:39:27 +0000 2017,,,,
2809842,a8b409c09fc5f8b5eb9c69cd18d208a8c0077d530465ec54d90b6b7b19ce8af6,[USER] por error cancele todo mi pedido que ya me llego :( pero no llego completo :(,"[USER] ¡Hola! Siento mucho que hayas recibido el pedido incompleto. Cuéntanos, ¿Los productos fueron vendidos y distribuidos por Amazon o un Vendedor Externo?
¡Saludos!
^FQ",2809841,Wed Nov 22 05:57:44 +0000 2017,,,,
308536,c12a382d13e03f6f64bd47f4852d7dca6b7f3bbed94cf52ac80e07b41a0c61cf,"[USER] [USER] the worst app engineers, sendig pass reset mail which domain don't exist in world and acording to ur app the mail sent too [URL]",[USER] Sorry to know you're unable to access your account. Please reach us from here: [URL] We'll assist you. ^SV,308534,Sat Oct 07 00:50:11 +0000 2017,,,,
592055,389a6e0718f2d9f4221d5d307c6474ad87013b825a0ea2da5132815ab7b96fc6,[USER] why do I pay money for prime and am being asked to tip the prime now delivery driver? #abandonedCart #googleExpress,"[USER] I'm so sorry for the frustration, Michael. You can opt out of tipping for Prime Now at checkout for future purchases. ^VF",592054,Sun Dec 03 17:21:41 +0000 2017,,,,
476917,058c24e69be31b734a844b65352ad6c091b036ea4a039db19d6677b754aefe71,[USER] Wird Xenoblade Chronicles 2 bei euch ebenfalls ins 3für2 aufgenommen. Dann hätte ich meine 3 Titel zusammen. [URL],[USER] Oooh! 😄🤗... können wir leider nicht versprechen. ^TG,476916,Fri Dec 01 11:04:38 +0000 2017,,,,
1371824,fb3a12f1f81896e43fa2351e7e0b804ca9d9ce0c34814a19d8d517f0e7976ee9,[USER] [USER] Why do y'all accept preorders when you can't deliver on release day? Package still hasn't shipped. Support > ¯\_(ツ)_/¯,[USER] I'm sorry you haven't received your item. We'd like to help if we can!  What is the current delivery date listed on your order? ^AJ,1371820,Fri Oct 27 23:43:58 +0000 2017,,,,
2909106,db1621cabfbf8c85dc1012112b366e6f993e29776ae326332a8b3f6069db630e,Bought an [USER] #firestick. Content included for free with my #amazonprime account is oddly for purchase through fire stick interface. [USER] please explain or I’m returning for a [USER],[USER] We are here to help! Could you please give us a little more information on the items you are trying to download? ^BA,2909104,Tue Nov 28 21:07:24 +0000 2017,,,,
226092,189aa9b734050573db372b18ef4ecf4f824fb42a461a52a8bd9ff554162ccdae,[USER] How many times do I need to followup from my Cashback? Your team always informs that we will revert you and then no update.,"[USER] Sorry to know you're yet to receive cashback, we certainly did not expect this to happen. 1/2 ^PS [USER] I'd like to take a closer look into this, please share your details here: [URL] We'll look into it. ^PS","226107,226090",Thu Oct 05 06:08:36 +0000 2017,,,,
912741,189aa9b734050573db372b18ef4ecf4f824fb42a461a52a8bd9ff554162ccdae,[USER] team is not as efficient as [USER] team.I am following up with India team for last 3weeks but I have not received my cashback yet,"[USER] We'll reach you, once we receive an update from the concerned team. Appreciate your understanding. (2/2) ^SV [USER] I understand your concern about the promotional offer, Chetan. We've escalated your concern with internal teams.(1/n) ^SV","912740,912742",Fri Oct 13 19:48:09 +0000 2017,,,,
321358,6b5d2e8df07c898989ad5d8ed67ab5d750c573d05a67d1e7e539373ce53f8782,"[USER] #Amazoneindia

I bought BPl smart tv 32 on sale Which is suposse to deiliver on 3rd oct
Now today is 7th of Oct didnt recive my tv","[USER] Sorry for the delay, Sharad. Please have this reported to our support team here: [URL] ^JC",321357,Sat Oct 07 11:56:07 +0000 2017,,,,
198025,364a7dc66793736c75dfa33f1ba5a0b7483f5dd4d8923293efbc6513b6f1ec94,[USER] there is no button to see if I am eligible. 🤔 [URL],[USER] I'm sorry that button isn't showing up! Could you send us the direct link to that page so we can investigate? ^TK,198024,Wed Oct 04 13:04:50 +0000 2017,,,,
2640896,6592d9f2b67a364f678f5e17964fbd22829acd73b582a0a922cd9c565fe1fb40,A [USER] colocou como entregue o meu pedido hoje. Provavelmente alguém da empresa conseguiu receber e nem se ligar que era pra mim... u.u,[USER] Olá! Sinto muito em saber do problema. O seu pedido foi vendido pela Amazon ou vendido por um vendedor externo? ^JJ,2640894,Fri Nov 17 22:02:36 +0000 2017,,,,
609416,f5519497d72d8ec5cd4b2048dd541fbd77520f7471998279c09f0621d0e93114,"Nos acaba de llegar un mail de [USER] diciendo que ayer intentaron entregar el paquete y no estábamos.
Ayer no salimos de casa EN TODO EL DÍA esperando el paquete.
Así que nada, reclamación puesta al canto y tan pronto llegue a tramitar la baja de Amazon Prime.","[USER] Hola, sentimos los inconvenientes que esto te pudiera causar, ¿nos podrías indicar si has podido conversar con el transportista encargado de entregar tu pedido? ^KA",609413,Tue Nov 21 11:27:10 +0000 2017,,,,
1226500,c125674a8b45e3c99b0ac06e698ed000ba2e34cbf656995a55503f494453e5a4,[USER] package was suppose to arrive yesterday & still waiting Can I request delivery by [USER] or [USER] & not some unreliable 3rd party,"[USER] Oh no Melanie! We'd like to help further, please contact us by phone or chat here: [URL] ^CM",1226499,Wed Oct 25 19:13:41 +0000 2017,,,,
2928411,e8162cd90c0ae77b4952f78899361c1b0ea8d1e2eaac33e78ffacbe5ec0645b1,"[USER] [USER] [USER] [USER] just called customer care had a word with Charan who was quite rude, dont have manner to talk to customers, wht kind of executives u hired, nt acceptable such bad version from such big brand, why r u spoiling Amazon with such people, WORST","[USER] Apologies for the unpleasant experience you had with our support. We'd like to look into this, please drop in your details here: [URL] and we will look into this for you. ^AH",2928409,Wed Nov 29 05:22:11 +0000 2017,,,,
735678,5ae9c6daafe208c9afb82d7b1d44ff1bb9a39ea2df2d665b065b92b4796a8028,ずっと迷っててやっぱりAmazonFireStickを購入しようかと思ったんですが、やっぱりAmazonアカウントないとダメなんですよね（＾＾；,[USER] 恐れ入りますが、ご認識の通りAmazon Fire Stickは無料会員登録を行ってからご購入いただく必要があります。 EK,735677,Sun Oct 29 05:37:50 +0000 2017,,,,
843647,4553789e7b55eaec7d56ca9c451ff9b7430c08b2f26cce6176cbe0613077ce52,El paquete de [USER] me ha llegado 2 días antes de lo previsto 😄😄..  #blackfriday,"[USER] Hola Nuska, nos alegra saberlo.❤️  Estuvimos entrenando fuertemente para lograrlo. 😂💪 ^FZ [URL]",843646,Sat Nov 25 09:58:21 +0000 2017,,,,
2032940,9d6733cd1463cece5a96adb916cbe4e2b7141697ba478c2c35d4219810a44cca,"[USER] Hallo, I cannot get student prime membership because of technical problems. Thank you","[USER] Hi, please contact our customer service via this link: [URL] Have a nice day! Regards ^AK",2032939,Sun Nov 26 11:24:42 +0000 2017,,,,
2627669,a320d1a032a08dc07d1e2950c3bdf2f52107189910820ad912b281d04c810a09,"Bon et bien grâce à l'incompétence de Colis Privé, je n'aurai pas mes jeux Pokémon USUL ni ma New 2DS Pokéball aujourd'hui. Il va falloir revoir vos partenaires [USER] ... Du coup, pour le stream de ce soir, on va voir.","[USER] Bonjour, désolée pour cela. Que dit le suivi de votre colis ? ^MA",2627666,Fri Nov 17 16:54:54 +0000 2017,,,,
1242823,310dc07428376538c55dd31ab27f3e5872077517a7fc4a09dbb53a90c76cae60,[USER] how do I change the email address associated with an account when I no longer have access to that email account!,"[USER] If you have access to your [URL] account, you can change your email address here: [URL] ^JP",1242822,Wed Oct 25 22:42:22 +0000 2017,,,,
1185017,029e2476ffc0773f550c1fa65c3aba3542262310bb1e72a97a62d3c5a34e2b45,"[USER] I don't have Vpn , Yes I have checked and restarted my device [URL]",[USER] I'm sorry for the trouble with the app. Have you uninstalled and reinstalled the app? ^RR,1185015,Tue Oct 24 23:05:53 +0000 2017,,,,
179539,bd0d319cf8da9159527904fd31c1ff424696410044b0ce5853e414375e66c520,"So.... I get the email from [USER] for my Battlefront 2 beta and the code has already been used... 
it’s live now.. so annoying","[USER] Hi, sorry to hear. Please reach out - [URL] we would like to investigate your issue further. ^TP",179537,Wed Oct 04 09:39:55 +0000 2017,,,,
306606,9c3b65f00ee7876845a3bb900f2cf7f1ed422fdc6a1b3c5d62d79d6b9e2146b0,"[USER] please, why is it so tough to get your Echo to recognise [USER] !!
Help...","[USER] We're always looking for ways to improve, please forward your feedback here: [URL] ^AG",306605,Fri Oct 06 22:50:58 +0000 2017,,,,
2910430,010bbf2bb3b92ef1a19d7c2e8239b774c45d7c5020237082ec675ecf51cc3221,Top delivery from [USER] today who left my parcel leaning against the front of my house in full view of the road and street.,[USER] I'm sorry to hear of the poor delivery experience! We'd like to get your feedback passed along to the courier. Please reach us via phone or chat so we can do so here: [URL] ^CS,2910428,Tue Nov 28 21:10:15 +0000 2017,,,,
2268856,9051c338d8760eca61e2d1af632098d69fc2cbe02abb404fa3c50b8c7317fcbe,cant trust [USER] dey send delivered msg before delivering d product second time repeated the issue.... [USER] #[ORDER_ID],"[USER] Apologies for the inaccurate tracking info. We'd like to help you. Please contact us here: [URL] ^ZH [USER] Please don't provide your order details, we consider it personal information. Our Twitter page is visible to public. ^ZH","2268855,2268857",Sun Oct 29 05:36:06 +0000 2017,,,,
2061668,6393b0056841af06e5119b6d2931c13088352a965cf495e59bf5240de6649588,[USER] Hi.  I have a student Music Unlimited account and Student Prime but just bought wife and daughter echos too. How do I have different music playing on all devices simultaneously? A different subscription? Thanks.,[USER] Hello!  It sounds like the best solution to your situation might be looking in to an Amazon Music Unlimited Family Plan.  You can find more information here: [URL]  Please don't hesitate to contact us with further questions. Thanks! ^WB,2061667,Sun Nov 26 11:22:00 +0000 2017,,,,
2805091,03e5aea9be5d5d52481ceb7e4f4e19e63e3a2391cfcbf1806bbdc0531108cce6,"[USER] stole a 2nd [USER] package from me in 2 days, claiming to deliver while I waited outside. Guess I can’t use [USER] anymore.","[USER] If you haven't received your order, and it's marked as delivered, we'd like a chance to help! Please reach out to us at the following link and we can review our available options: [URL] ^WT",2805090,Wed Nov 22 02:43:36 +0000 2017,,,,
274074,eb0354795d151b217729509f6da88f7611995c5788e500cc59548f8309480462,"Wondering about the ""free Prime"" included with the Echo I just purchased. Does it extend my existing Prime membership for a year? [USER]",[USER] Your prime subscription would be extended by one year on purchase of Echo. ^NS,274070,Fri Oct 06 04:32:57 +0000 2017,,,,
1481200,eb0354795d151b217729509f6da88f7611995c5788e500cc59548f8309480462,"[USER] Nice stuff. 2 Qs though: Why aren't all international Skills available for en-IN? Why no ""Drop In"" available from App?","[USER] We appreciate your feedback. However, as of now, we don't have a confirmation on it. Stay tuned for more & have a good day ! ^RS",1481199,Fri Nov 03 07:47:42 +0000 2017,,,,
342966,63eaad6cbf1dcdcb8ca49d581dd6adac9be7c60278421844757d58f744fd23cc,"[USER] has got worst delivery service. Experienced 3rd time, no improvement at all. It's not the sale, but your delivery service will drag you down #AmazonPrime [USER]",[USER] That's quite a comment. We'd like to check what went wrong. Could you please elaborate the issue you are facing? ^PR,342965,Sun Nov 19 17:23:39 +0000 2017,,,,
2985471,c001885008ce7310e729652e260c5c15871c13e38e1c01708231b78f057fc308,[USER] any plans to support iPhone X? Could really use the screen real estate,[USER] We'd appreciate your feedback here: __email__ ^RR,2985470,Thu Nov 30 06:46:36 +0000 2017,,,,
1447188,cea6c55576910bb24285b3afe0b57897205a0400cc64c95a1ef764235a371b42,"[USER] Trying to buy two gift cards and they keep getting bumped to ""Save for later"" in my cart. Can you help me?",[USER] Sorry to hear this - have you tried a different browser or clearing the data on the App ? ^TD,1447186,Thu Nov 02 16:25:16 +0000 2017,,,,
1353589,ee1c2fb1dd98e709c9ee2fd5a5c1e8ce3f4dc6eddee8b8a1e36e1746f0b1e615,"[USER] if you could deliver my copy of Super Mario Odyssey, that would be great.",[USER] What does the current tracking status show when your review your order details: [URL] ^WM,1353588,Fri Oct 27 18:29:48 +0000 2017,,,,
2604891,e683399a54213ab40e815b351f1f8f2be68371cd9ff33a67f58f7c0035b1c069,Yo aquí esperando que me llegue de [USER] el #StarWarsBattlefrontII,"[USER] Hola, ¡que alegría que lo compraste! ¿Estas ansiosa por recibirlo? 😱😍❤️ ^FZ [URL]",2604889,Fri Nov 17 10:00:01 +0000 2017,,,,
420090,35005325674445b3e4d40621ac0e6c33fc198c4bbf62aa403b42469bcfff17c9,Spent all night arguing with useless [USER] chat help agents until the last one finally got it right. Saying requirements that don't exist.,[USER] Apologies - Were you able to leave feedback via the email sent by the agent in question? ^TP,420088,Tue Oct 10 06:14:44 +0000 2017,,,,
575333,7fbf34bc95fd30e7a2be16ce8fa7150292937f382f8a34fb08d3fef8e263d571,"[USER] i cant sign my account, it says ""Account Locked"". Can you help me?","[USER] Sorry to hear that, Burak. Can I ask which Amazon site you are trying to access (.com / .co.uk / etc)?^TI",575332,Sun Dec 03 08:07:52 +0000 2017,,,,
1342551,f52d7a28dd28510ebff8dba26a5722b52d74c99543cb1e5989d00c9ed849ce21,Hey [USER] i am not able to change my mobile number of current account as there is another account linked with it. Can you help please.,[USER] Sorry for the hassle. Please report this to our support team here: [URL] and we'll check this. ^HN,1342549,Mon Oct 16 13:23:15 +0000 2017,,,,
1760487,4cb54cdd01a38f8ff52782ee84f3ef0c4aee0201d6ffb297248a515df7a4ccbe,[USER] Weird issue... I just got an Echo & it seems to be connected to my old USA Amazon account and not my current UK account.  Help?,[USER] Oh no! Have you attempted to de-register the device and register it to a new account as shown here: [URL] ^TG,1760485,Tue Nov 07 19:52:10 +0000 2017,,,,
121033,db71f4309a0b14a94d68a6b9f2010524d886a45b2fbbf165e7e72702c1297f72,Explain it [USER] or just make an Irish website already and save all of us the frustration [URL],"[USER] Thank you for reaching out to us! Please check here for shipping rates and information for UK as well Ireland: 
[URL] hope this helps, please let us know. ^MO",121031,Thu Nov 23 23:35:41 +0000 2017,,,,
734155,4fd76ef79292f28b828f3ee284517e64b9bbc1e57fd14568e02c3b93468aa35f,[USER] is there an issue with your password reset links ?  I’m not receiving any emails from you,[USER] Have you tried reaching us here: [URL] ^CD,734153,Wed Oct 11 11:06:41 +0000 2017,,,,
2276184,9ad94ea2d3c22f156dd5ca3d7538de3812d2f094adc3bf245251bf80c0c726f7,"[USER] I'm still waiting on a delivery that was supposed to arrive November 7th that still isn't here, any help tracking it down?",[USER] What is the current status of the package? You can check for that information at this link: [URL] ^MW,2276182,Sat Nov 11 16:44:32 +0000 2017,,,,
2983669,c6a6f15c455075fdd3f8eafff801592c8eef378efaaef027209c4b6ef43e969d,"[USER] #LGQ6AppQuiz
Where is result?","[USER] The results haven't been announced yet, Sukumar. Winners will be notified via email. Do keep an eye on your inbox. ^SY",2983668,Thu Nov 30 05:36:46 +0000 2017,,,,
1288923,29a812ea0ba95833ba4a27d188cd7629218695f6b9d90ceebd7eda0c2c9a2f6c,[USER] fiz a compra do Kindle no dia 23/10 pq vcs disseram q entregaria até 27/10. Ai hj me avisam q só chega dia 31/10. #desapontado😒,"[USER] Olá Roger, você recebeu um correio indicando a mudança da data estimada? ^DA",1288922,Thu Oct 26 19:42:47 +0000 2017,,,,
2946968,36c5452466c8e0c41a103ad1cba2fca700f5acf775a1afaf8216a12e36accdc4,[USER] [USER] when are you getting Jim Ross [USER]  autobiography back in stock for UK folks? Ordered months ago... Thanks,"[USER] I'm sorry, we're not aware of when this will be back in stock. You will receive an email once the item is available and has been dispatched. ^RO",2946967,Wed Nov 29 15:42:54 +0000 2017,,,,
1033194,1414a2530635791ba8797f333d6d5518717394b3f27c6bfdf742da481399d497,"[USER] order processed and shipped ,then cancelled due to payment error. Amount has been deducted from my account.","[USER] I am sorry about the cancellation of your order. However, the refund will be processed to your original payment (1/2)^SF [USER] method in 3-5 business days for the amount deducted. You may check the refund status here: [URL] (2/2)^SF","1033196,1033192",Mon Oct 23 05:42:17 +0000 2017,,,,
2318019,3f779842ab7d2f0e83a3a3e629cb85249902842c6b58b6c2e3782648d4735d5e,"It feels like a long day at work, when you get a message that your [USER] has been delivered at home...!!!",[USER] The struggle is real!! What will you do when you meet her first? ^PB,2318017,Mon Nov 13 09:36:44 +0000 2017,,,,
1397862,b22ae219409b04d53f72c27c7aea1605a6824ee207618a23c6787516f5aef317,[USER] customer services have failed to help me register my kindle. For the past three weeks.,[USER] I'm sorry your having troubles registering your Kindle. When you register the device what happens? What was advised? ^VS,1397860,Sat Oct 28 15:36:28 +0000 2017,,,,
2171862,2d40d85ad932703a2ba295118004f03fe027ca2b26a8052960315791860f2e56,"[URL]

[USER] [USER] Luks lik U R bk n Bsnes of Insulting Indians [USER] [USER] [USER] Pls tak action",[USER] Thanks for flagging this Raghunandan. We'll get this escalated. ^HN,2171860,Thu Oct 19 11:55:33 +0000 2017,,,,
270936,e85327ab5ad749884ec624b48da477bc4863d92c3bec1f77b37c24856cca6729,[USER] I can not take anything from Amazon Cash on Delivery.,[USER] Could you confirm  what is the error you're seeing? ^HD,270933,Fri Oct 06 02:11:39 +0000 2017,,,,
2488985,60472cd3c8e80cab90013ce4683edc12885dbb51f3f30b4d9dce579772872e1f,[USER] were is my refund for that prime account I never wanted but you still took money from 2 separate accounts for?,"[USER] Refunds can take 3-5 business days to process. Did you get an e-mail confirming that it was canceled and refunded? If not, we can look into this with you here: [URL] ^AF",2488984,Sun Nov 26 19:13:35 +0000 2017,,,,
2459100,8a1898c937975bb377cb154ac854aba27d9005bda952e54f8c7be1c8f0590413,"[USER] Hi amazon team, I need your help on one order I had placed in October and not received yet. Supplier is unable to resolve the issue. [URL]","[USER] Apologies for the delay in delivery. Please connect with our support team here: [URL] for further assistance on it. Please don't provide your order details, as we consider it to be personal information. Our Twitter page is public.​ ^RW",2459099,Wed Nov 15 06:16:43 +0000 2017,,,,
509373,bee9bab879dd96f6479a50adbe62b347d6efbbed8a351757c3fc14c17bf19458,[USER] [USER] hard to ship a product if you don't seal the package.... [URL],"[USER] I am sorry about the delivery issues. While we can't access accounts via Twitter, we still want to help. Please call or chat in so we can explore available options here: [URL] ^SG",509372,Fri Dec 01 22:05:37 +0000 2017,,,,
1542640,bee9bab879dd96f6479a50adbe62b347d6efbbed8a351757c3fc14c17bf19458,"Cool, the [USER] [USER] app crashed again on my [USER]  Fire Stick. (do not tell me to restart my fire stick, and my wifi connection is strong)","[USER] I'm sorry for the frustration! Please try the tips in ""Issues with a Specific App?"" listed here: [URL] ^BH",1542639,Fri Nov 03 23:07:03 +0000 2017,,,,
1145971,d49856b9b5d017dfe302ecd80fd28e80318a9ce73430af46002e463ffffbde96,[USER] please can someone give me a uk number to call as your site keeps taking me to the login screen,[USER] I'm sorry for the troubles! We're here to help any way we can. Try going here: [URL] ^AL,1145970,Tue Oct 24 13:42:27 +0000 2017,,,,
1012914,49dd3b172108d7fbf359f645fcccb06509a3c8e6d9743bed482f60810a41b60f,[USER] can i use amazon pay with credit card emi..?,[USER] Please reach out to our support team here: [URL] and we'll check this for you. ^HN,1012913,Sat Oct 14 14:31:33 +0000 2017,,,,
1146965,c20cfbf6819e6997d42d7ba356e4db58f32de30c3cf41fe5cadd22cea0eaef5f,[USER] bonjour je n’ai plus accès à mon compte !!!,"[USER] Bonjour, est-ce que vous recevez un message d'erreur lorsque vous essayez de vous connecter sur votre compte ? ^AR",1146963,Tue Oct 24 13:56:54 +0000 2017,,,,
1510479,c20cfbf6819e6997d42d7ba356e4db58f32de30c3cf41fe5cadd22cea0eaef5f,[USER] bonjour j’ai reçu un mail pour un remboursement sur mon compte bancaire sauf que je n’ai jamais associé de carte a mon compte !,"[USER] Bonjour, pouvez-vous m'expliquer davantage? ^ARC",1510477,Fri Nov 03 14:42:18 +0000 2017,,,,
2111079,c20cfbf6819e6997d42d7ba356e4db58f32de30c3cf41fe5cadd22cea0eaef5f,[USER] est ce vous qui m’appelez ?,"[USER] Bonjour, vous avez reçu un e-mail de la part de ma collègue Mbayang D en date du 06/11, l'avez-vous consulté? ^FA",2111077,Wed Nov 08 16:04:33 +0000 2017,,,,
2319452,c20cfbf6819e6997d42d7ba356e4db58f32de30c3cf41fe5cadd22cea0eaef5f,[USER] bonjour j’aimerais savoir ou en est le remboursement de 2 produits qui ont étaient commandés sur mon compte sans en autoriser,"[USER] N'ayant pas accès à votre compte le service client.  Contactez s'il vous plaît notre service client pour qu'ils vous aident via [URL]
^YL",2319450,Mon Nov 13 12:25:46 +0000 2017,,,,
2399195,c20cfbf6819e6997d42d7ba356e4db58f32de30c3cf41fe5cadd22cea0eaef5f,[USER] quand vous dite par mail je vous recontact dans les 6h qui suivent vous oubliez ou ca se passe comment ?,"[USER] Pourriez-vous me fournir plus de détails sur le souci que vous rencontrez?
^MD",2399194,Sat Nov 18 16:44:14 +0000 2017,,,,
2538856,c20cfbf6819e6997d42d7ba356e4db58f32de30c3cf41fe5cadd22cea0eaef5f,[USER] vous etes pas compétent,"[USER] Bonjour, je suis désolée d'apprendre cela. Pouvez-vous m'expliquer davantage la situation rencontrée s'il vous plait ? ^SB",2538854,Thu Nov 16 10:05:27 +0000 2017,,,,
1860956,5ef7ed9b5252a892553189d96a78696a82d0aac05a2a9b9a8d16597ea544ebd7,[USER] Participated in so many Win an iPhone contests but never won anything :( Kuch toh karo yaar !,[USER] Keep trying and may good luck be with you for the next time. :D ^AU,1860954,Wed Nov 22 06:16:12 +0000 2017,,,,
444321,4357438b74382cacf02451afd44217a22e14bbed6015da1b919a450d2c407b26,[USER] i always faced an issue with delivery at my office address. Not good still waiting for my product.,[USER] Sorry for the trouble you are facing with the delivery of the product. Please report it to our support team here: [URL] and we’ll be glad to help you. ^SC,444320,Wed Nov 22 09:16:21 +0000 2017,,,,
2675653,813db8d59adb1d9c4bf106d77494e652523cc9b35a711368ef97343322ce713b,[USER] you guys should screen your customer service representatives a little more 🤦🏽‍♂️,"[USER] I'm sorry for any poor experience you've had! Without giving account information, can you tell us more about what's going on? ^KJ",2675652,Tue Oct 31 12:33:16 +0000 2017,,,,
495007,dac0900ff10cb6b2ba3285306d21b1647f8b167e83d7fbb283fdc785ed4f0edf,Hey [USER] go and tell your delivery drivers not to leave my parcels outside my front door please. Cant tell yet but if any xmas presents are missing I will know why.,"[USER] Hi Stuart, have you got unattended delivery preferences set on your account: [URL] ^JJ",495006,Fri Dec 01 17:35:16 +0000 2017,,,,
854459,738ec53eac56769547115ca17162a9c9c1f28caf08b96f5655c4656cf302649e,[USER] suprised 2 see that u cancel order on ur own and dont fulfill. u r cheating customers & dnt blacklist fraudster sellers,"[USER] I understand your concern, please contact us here: [URL] so that we can assist you accordingly. ^BA",854457,Fri Oct 20 15:06:37 +0000 2017,,,,
1121655,6279d11661abc288b796609e9fd9b7f14f48d38c35467fa8ded1a9b252a2be27,[USER] No exchange offer available for Indore([NUMBER]). This is poor.,"[USER] Due to certain courier restrictions, not all pin codes are eligible for exchange offer. 1/2^MS [USER] Having said that, I'll b sure to forward your comments internally as feedback and we'll work on it. 2/2^MS","1121656,1121654",Sun Oct 15 13:12:43 +0000 2017,,,,
2017534,c3412fa627ee69c06fdf0bed67cc22b87fba9c5e20ded2705e006282318cdd50,"[USER] Bonjour, comment faire réclamation ? Colis noté livré et rien dans la boite aux lettres ! Merci","[USER] 1/2 Bonjour Jérémy je suis désolé pour cela. Avez-vous vérifié auprès de vos voisins? Si oui, veuillez contacter notre SAV. [USER] 2/2 Vous pouvez le faire via ce lien :  [URL]
Une enquête sera ouverte pour localiser le colis. ^ARC","2017535,2017533",Wed Nov 08 08:10:21 +0000 2017,,,,
2885758,27fa497b39c6a3fa32e4b84891a08a6cce6d53c5db65c2747fe69850fce1edaf,"Que me compró [USER] una plancha por [USER] en el Black Friday que estaba a £99 por £23 y me acaba de llegar, y estoy super emocionado! [URL]",[USER] ¡Que maravillosa noticia Fran! Deseamos que disfrutes mucho tu producto. ¡Saludos! ^AZ,2885757,Tue Nov 28 11:36:39 +0000 2017,,,,
2673433,8ca994c57ad996cfb6400fffb798cbb9051be10409e6c47526ee2a5f14abab67,"[USER] Appreciate delivery tracking system, but horrible delivery team. W/o contacting me sending regret msg. Tracking #
[NUMBER]","[USER] I'm sorry about the delivery. Please report this to our support team here: [URL] ^HA [USER] Please don't provide your order details, we consider it personal information. Our Twitter page is visible to public. ^HA","2673434,2673432",Tue Oct 31 11:41:21 +0000 2017,,,,
1642078,a24ab319cc002dbc8f09f3190c540598bcc3c64c588dbeb5a5e10d9aa2773a6c,"[USER] I didnot get cashback for add money.
😗😗",[USER] Could you please tell us more about the issue for better understanding Prakash? ^HN,1642077,Tue Oct 17 13:42:21 +0000 2017,,,,
1557400,2e18a239295cc328e7108517734697d731eb80092a7af22b4ff6588a742e5a91,"2 mail attim, mizmizlandim diye en hizli delivery optionla siparis ettirtip sonra da onu mizmizlanma hediyesi olarak veren [USER] 💜",[USER] Şimdilik Türkçe olarak destek verememekteyiz. Bizimle müşteri hizmetleri iletişime geçebilirsiniz: [URL] ^DW,1557399,Mon Oct 16 22:25:10 +0000 2017,,,,
1734576,147a74211cd4783e3d05ff2b44bf4bd040a183dd25f936a7ca39515d5dd6751d,[USER]  no one came or called [URL],[USER] That's unexpected. We'd like to help you. May I know if you reported to our support team here: [URL] ^BS,1734575,Tue Nov 07 13:19:44 +0000 2017,,,,
517548,bb22ea1b9f08b7e86211343e5008f006dc1444a2276b12dbdbf3642f85f46ab4,"Hey [USER], server down or is it me? #amazonprimenow","[USER] Hey, Tiffany! To the best of my knowledge, the server is not down. Are you getting an error message when you try and access Prime Now? ^BL",517547,Sat Dec 02 01:54:44 +0000 2017,,,,
40895,76c80747ea8c6c97d0955407030072c972e1e30e8e18c146d636f1f22970b66c,"You should really be careful when you outsource deliveries [USER] I just had a box delivered, left on porch (at least the doorbell was rung), yet the order states package was handed directly to resident. NOT TRUE. Please use UPS and not someone driving a regular car....","[USER] I'm very sorry to hear about the delivery trouble, Cindi! We'd like to help the best we can. Just to confirm, who's the carrier listed for your order here: [URL] ^HC",40894,Wed Nov 22 20:14:37 +0000 2017,,,,
2419921,76c80747ea8c6c97d0955407030072c972e1e30e8e18c146d636f1f22970b66c,"Received another package when I wasn’t home, yet the delivery status stated I signed for it. Not good when I didn’t really sign for it....[USER]",[USER] Hello! I'm sorry to hear that your package was wrongly signed for. Who was the carrier of the package? You can check here: [URL] ^RM,2419919,Sat Nov 25 22:31:37 +0000 2017,,,,
2509299,e8b23208e82e25313297720718041c26351b3fb1b0d77792bc36fa1550551f4d,[USER] why does my fire box consistently lose connection with Amazon servers?,"[USER] I'm sorry for the connection issues! I'd recommend completely power-cycling the device and router, as well as running a speed test. Please let us know if that helps! ^WT",2509296,Wed Nov 15 22:12:17 +0000 2017,,,,
1225801,a5ab2115c5b4ac940dc72e26ddc89e2bf4de2cebd418bedfa22ef19e08c0ba12,Wann ist eigentlich #BigBangTheory Staffel 10 auf Prime verfügbar? [USER] #Verzweiflung,[USER] Leider liegen uns hierzu noch keine Infos vor. Bitte behalte die Webseite im Auge :) ^BL,1225800,Wed Oct 25 19:10:21 +0000 2017,,,,
26920,daaef401f5d113917258302e8f5a87d86ff98a8fae3348ff2cb51110d5c29d50,Last time I pre order anything from [USER] infact you have gone massively downhill recently. Rather pay high street prices. #lostcustom,"[USER] I'm sorry that we've let you down. Without any personal or account information, can you tell us what happened? ^TR",26919,Tue Oct 31 21:47:10 +0000 2017,,,,
965261,b8bb8cfdacfe74181d016f8bf9a2f290c0b2e1ba319cd1aafa643fc79c5d3dcf,"[USER] [USER] disapointed with very 1st delivery under prime membrship. Courier denied delvry, didn't call me.",[USER] Sorry to know about the delivery issue. Please share your details here: [URL] and we'll reach out. ^KA,965259,Sat Oct 14 03:14:06 +0000 2017,,,,
1108772,b8bb8cfdacfe74181d016f8bf9a2f290c0b2e1ba319cd1aafa643fc79c5d3dcf,[USER] tell me how to cancel prime subscription. Shopping experience is pathetic wiid u guys. Shud consider [USER],[USER] I understand your concern. I request you to share your details using the link provided earlier for further help. ^ST,1108771,Sun Oct 15 09:01:39 +0000 2017,,,,
2856547,15d1c5c7d5dd52d31cfacc0238e4db06ff4a19a08f00d4c2215b94fc58d80b8d,this is the most perfect error page i’ve ever seen [USER] [URL],[USER] Nothing is more paw-fect than a picture of a dog! 🐶 ^HM,2856546,Mon Nov 27 21:24:00 +0000 2017,,,,
142858,a25339c53bd06258cc5862981ffe990d4223345d703cc8a455ae4e798a9aaf70,"[USER] it is not okay for couriers to put there foot in your door, when you’ve already agreed to take a neighbours parcels. #poorsevice","[USER] Oh no! I'm so sorry! You're right, this isn't acceptable. When you can, please phone us here: [URL] to report this delivery.  Thanks for bringing this to our attention. ^LB",142856,Fri Nov 24 13:01:45 +0000 2017,,,,
2378510,091ddeeef7f503aad932bf7cb06caaef4735c1916800f5dd13d7f75c68cf838a,Cancel this product before one week.. no one come to collect.. worst experience get from Amazon #AmazonIndia [URL],"[USER] we'll look into it and reach out to you soon. Please don't provide your order id, as we consider 2/3 ^AP",2378508,Thu Nov 09 05:41:49 +0000 2017,,,,
823592,bfc6ca1c5bb6cd4fcf9095cfeb02392ef9a2c93b740a19c39f45a6fefa83d3a5,[USER] Horrible phone call  w/customer service today. Considering cancelling my prime membership. #badcustomerservice #amazonprime,"[USER] Oh no! Terribly sorry to hear about that, Peter. What was the issue that you were calling about, and how did they help? ^JD",823590,Thu Oct 12 23:35:54 +0000 2017,,,,
1447990,eefc2fb6bff5ed197121393f8632b4eaafc9a908a4dc9c598af27798c65a0190,"Hey, [USER], honestly these mustard-colored Windows 95 buttons are not a good look. The German localization also needs some work. 👍 [URL]",[USER] But it's yellow! 😘 I'll forward your feedback. ^AN,1447988,Thu Nov 02 16:23:42 +0000 2017,,,,
917833,db932eee7bbfb5cb44f892b90f86a5fe4670e37f79ea5eba1fc6268096d4043d,So someone access my account and cancel my membership to Prime. No one as an explanation at [USER],[USER] I'm sorry for the account troubles you've had! I'd like our team to take a look into this for you. Please leave your information here: [URL] and we will respond back shortly. ^AH,917832,Sat Nov 25 16:11:02 +0000 2017,,,,
2944309,aef6b01f730b41ec953e23fda3da86b0b7fbf37bcdd7ca4e973ee17b81554805,Why? Why? Why???? Do you send out your parcels not wrapped in any form??? Especially at this time of year! 😡😡😡 [USER],"[USER] Thanks for reaching out to us! We'd like to look into this further with you. When you have the time, could you provide us with a link to the product in question? ^TK",2944308,Wed Nov 29 14:31:59 +0000 2017,,,,
2418446,2aa03d0a26a11ed5d5f79285947deb6519394f61ff079176f0f2368ec7e10e8f,[USER] I went to cancel my Amazon Prime membership as my free trial has expired & was offered another 30 days free. Will this commit me to an annual membership or can I cancel again after the trial if I want to? Thanks!,"[USER] You can certainly turn off your auto-renew settings so that you're not automatically charged! We'll show you how, but we want to make sure we're providing the correct steps for you, so to clarify, what website do you use? For example, .com, .co.uk, etc.?  ^DY",2418444,Tue Nov 14 17:10:37 +0000 2017,,,,
1261847,2c8e29ad0ba35b100ba3014729014d2acee802136458fcf53a4cbad5b95d1a53,[USER] I have received two mails today at 3:36 & 3:38 Thanking me for product reviews. I didn’t review those products. Am I hacked?,"[USER] Naveen, have you submitted any review recently against any product? ^HR",1261846,Thu Oct 26 10:22:11 +0000 2017,,,,
2954309,a900ac2f7f75e2642caa4f6bf5bbfe6b70bec00d035898856ea1d62aa5f718a3,[USER] ¿cómo puedo abrir una reclamación a la empresa de transporte que trae los productos? Dicen que han estado en mi casa repartiendo y no ha venido nadie. No me he movido. No es la primera vez que me pasa con ellos.,"[USER] Hola, Carlos. Lamentamos mucho estos inconvenientes. ¿Cuál es la fecha de entrega estimada para este pedido? ^ES",2954306,Wed Nov 29 18:52:46 +0000 2017,,,,
2806630,cae54eed0f532aa8b8687044f9f3a4aa95fff6b84a2d202b3caf53b947994a2a,The a way to let amazon know their driver might have delivered my package to the wrong house? No one came by which means they delivered to the other side of the complex. Bleh!,[USER] Hi Sarah! I'm sorry you haven't received your package. Would you let us know who the carrier is assigned to your package? You can see that here: [URL] We're here to help where we can! ^KL,2806628,Wed Nov 22 03:15:06 +0000 2017,,,,
1768938,f50d27b2dfd67ec4999340c369dc1712d3f321d0a287ba960fd584a998c1e6c9,Daily chats with [USER] CS rep wasn't sufficient to get the problem solved and phone rep has no idea why chat reps couldnt solve :(,[USER] Sorry about the unsatisfactory response you received. Could you please elaborate your issue so we can help you? ^NR,1768937,Tue Nov 07 22:38:05 +0000 2017,,,,
2290920,0ef753cdb51cc93760176e7ac0842db05685599a603bd3bdbeb7a32bfab67c60,"#AmazonPrime, 2 #commandes dans la #semaine & 2 #retards de #livraison ! #Inadmissible & #inexcusable ! #Nul, #zéro #total, #àfuir ! #Boycott ! #internet #achats #clients #service #transporteur #Amazon #foutagedegueule","[USER] Bonjour, désolée d'apprendre cela :/ que dit le suivi de votre commande s'il vous plaît ? ^SN",2290919,Sun Nov 12 09:31:55 +0000 2017,,,,
792739,f6d6ba649e80323a46ca8b0e4fac9fc4bd88f08fa7d7fdadc27dcacdbcf61b89,"[USER] Today is the date of delivery, but still I didn't receive my order and I don't want to hear a sorry from you. Where to DM details?",[USER] We regret for the inconvenience in delivering this order. Being a social platform we'll not be able to access your 1/2 ^MJ [USER] order  from Facebook. Call us here: [URL] & we'll take necessary actions to make things right. 2/2 ^MJ,"792740,792738",Thu Oct 12 13:08:57 +0000 2017,,,,
1225181,2793a0c5584a5791f6422ccdf8f58462e3bf3cd2a2f9b632707790e045e917c7,"[USER] ist absolut unterirdisch 👎🏻 Beschwerde ist raus.Jahresende warte ich ab,wenn nicht besser dann keine Bestellung bei [USER] mehr","[USER] Hi, wenn du unsere Unterstützung brauchst, dann melde dich gerne mal hier: [URL] Lieben Gruß ^NW",1225180,Wed Oct 25 16:04:12 +0000 2017,,,,
2829489,2793a0c5584a5791f6422ccdf8f58462e3bf3cd2a2f9b632707790e045e917c7,"Moin [USER], [USER] sollte doch als Lieferant bei mir gestrichen werden!? Neue Bestellung kommt jetzt wieder mit #DHL... Warum?","[USER] Hi, ein gänzlicher Ausschluss ist leider nicht möglich. Das müsste dir aber eigentlich auch so in der Bestätigungsmail mitgeteilt worden sein. Wie lange ist die Abwahl denn her? ^MS",2829488,Mon Nov 27 12:09:16 +0000 2017,,,,
1097668,1c6d2ecb3c3535dad8037e21087c8af4282ea6e5453ea3d822334bea2fce3221,[USER] waited in all day for a scheduled 7am-10pm delivery. Didn't arrive. Customer services unhelpful. How can I arrange redelivery?,[USER] I'm sorry the order wasn't delivered! Do you see a new delivery date listed w/the tracking information? ^DD,1097667,Mon Oct 23 22:00:45 +0000 2017,,,,
1667172,a39abd6ad410982009eab39d9b41f7e663b0ad27d9b83a910922a5cb6ae665a9,Just 15 minutes back received stone instead of monitor. [USER] order #[ORDER_ID] #SHOCKED,"[USER] Please don't provide your order details, we consider it to be personal information. Our page is visible to the public.3/3 ^PJ [USER] please contact us here: [URL] so we can assist you. 2/3 ^PJ [USER] That's strange. Did you report this to our support team? If no, 1/3 ^PJ","1667171,1667173,1667174",Mon Nov 06 11:32:04 +0000 2017,,,,
1668359,a39abd6ad410982009eab39d9b41f7e663b0ad27d9b83a910922a5cb6ae665a9,Just 15 minutes back received stone instead of monitor. [USER] order #[ORDER_ID] #SHOCKED [URL],"[USER] I'm so sorry to know about this, Vipul. We have responded to you here: [URL] Request you to check. ^MP",1668357,Mon Nov 06 11:32:47 +0000 2017,,,,
1420662,6e6770cf0972bc7d0c82d5ff78ec8b39f952b3ce037f66da64546c4e480837aa,Package went from out for delivery to suddenly not getting here for two days? [USER] #amzl_us is garbage [URL],[USER] Oh no! I'd like a member of my team to look into this with you. Please provide more info here: [URL] ^VB,1420663,Thu Nov 02 00:21:06 +0000 2017,,,,
1633166,c49ba9e9951caa4c3309d1ef6c05cc8cf5c82286f5672c79f82be1ab824b3be9,"[USER] your company, ""guarantees"", and customer service are useless! (""William"" and ""Jennifer"" to be more specific). Prime is dead. [USER]",[USER] I'm sorry Chris. Can you let us know more about what's going on? No account details please. ^EM,1633165,Tue Oct 17 12:39:41 +0000 2017,,,,
593398,72e4c596e2a4c635ade99b93aa845188cb3250bb0694a65a80649d5ca908b5a6,Think I may have to rethink my rule of purchasing all my music. A few days into [USER] Unlimited on my new [USER] and am loving it.,[USER] We're so glad to hear you're enjoying it! 😁 ^HC,593397,Sun Dec 03 18:01:21 +0000 2017,,,,
919809,3e52d15fb6bad77b8825398a8d0d8037f9d8120dbda20b6b6a9f77ef982a2518,"[USER] [USER] Bonjour, est-ce qu'on recevra le jeu Call Of Duty : World War II le 2 novembre, c'est à dire 1 jour en avance?","[USER] Bonjour, l'article paraîtra le 3 novembre 2017 et l'option ""Livraison garantie le jour de la sortie"" est proposée. ^SM",919808,Sat Oct 21 11:04:29 +0000 2017,,,,
1631103,e6e592a8fb9d0caeddda48ae631a266b16c7927a8970b516c0143ae3488dc8fb,[USER] how you gonna tell me I get a refund and then tell me I don’t? [URL],[USER] We'd be happy to help out in any way we can! Can you please clarify where you were told you weren't being refunded? ^WJ,1631102,Tue Oct 17 12:24:23 +0000 2017,,,,
2472395,5e5335ce787b96e005238e8bfc48d70843dea92fbb889eb75e1c80efc04ccde0,Ist die erste Staffel von Teen Wolf im deutschen Prime enthalten ? [USER],"[USER] Ja, schau mal hier: [URL] Grüße ^VM",2472393,Wed Nov 15 12:28:09 +0000 2017,,,,
1167718,cf8dfe0d54f0e00f2cb2c036bd4f412ea91d0cbe5e6f9d99161faf9c7b83b617,"It'd be cool if 2 [USER] could 'network' timers. IE set a timer on the kitchen Echo, have it go off on the Echo in the bedroom.",[USER] We value your feedback! Let our Developers know of any suggestions you have here: [URL] ^KP,1167717,Tue Oct 24 18:50:43 +0000 2017,,,,
503568,3d0136f0fa139514236965994f79ee62adc7bb3dd6f2b9efd79875c07d370f5b,[USER] [USER] [USER] It is now past 8pm. What is the point of Amazon Prime when the delivery guy is always late. I wish to make a formal complaint against this idiot. This is the 3rd order I've had that has missed the deadline. Absolutely ridiculous!,"[USER] I'm sorry for the trouble this may have caused; deliveries may occur until 21:00 of the specified delivery date. If you do not receive an update for this order, please contact us using the following link: [URL] ^WM",503567,Fri Dec 01 20:13:16 +0000 2017,,,,
1540469,045c8240eec1b3d12308290e815fa7bcb35c5be2fd98e3d8f23b1ceda4385648,"I said, ""Alexa, sound like a cat."" And Alexa made a noise that still has Finn scouring the house for another feline. [USER]",[USER] That was Sir Purrs-A-Lot 🐱. He's the best on our Echo team. 😁  ^JP,1540468,Sat Nov 04 02:09:55 +0000 2017,,,,
1316536,3b3eddbdce31fc01bceba091ce925bb784371f36acf1f2d418032755bc9f623c,[USER] why can't i find or watch Thursday Night Football on my mobile device?,"[USER] Hi, you can catch the highlights here- [URL] 1/2 ^TP [USER] Reach out should you've any further queries- [URL] our digital team will be happy to assist. 2/2 ^TP","1316537,1316535",Fri Oct 27 07:27:28 +0000 2017,,,,
771339,7da44603312c3e8340dbf5c1e69d8a885f1d9e5fde5f94c7ed22fd58a1e113db,[USER] [USER] look another shipment in 2 weeks that is late. Why do I pay for prime? [URL],[USER] I'm sorry for the delay! We can make sure this is reported. We can be reached 24/7 here: [URL] ^EP,771338,Thu Oct 12 00:05:35 +0000 2017,,,,
1777582,b65d1c85b442e0df1d88b0403eae248a7b4560c7894dc152d30b72b88c49098c,"What is the point of [USER] prime delivery if I order on Friday and ""next day"" delivery is Monday, order on Saturday and ""next day"" delivery is Tuesday?","[USER] Dan, I'm sorry to hear that you didn't get your item when you needed it. Most times, two-day shipping is based on business days only as most of our carriers don't do weekend delivery. I would also suggest ensuring that your address allows weekend delivery. ^SY",1777580,Sat Nov 25 13:50:41 +0000 2017,,,,
1622304,8ba48e1db2ab314a656819b549cf143aef6e0f4ffee5d2df14ad8f3ed8445347,[USER] [USER] Bought Oneplus 3T in great Indian festival. Phone had issues with vibration motor hence ordered a replacement.,[USER] We've responded to your query here: [URL] ^HA,1622303,Tue Oct 17 11:37:12 +0000 2017,,,,
1627527,8ba48e1db2ab314a656819b549cf143aef6e0f4ffee5d2df14ad8f3ed8445347,"[USER] [USER] the replacement order was dispatched, but after few days it was cancelled for unknown reasons and refund was initiated",[USER] Apologies for the experience you had. Please contact us here: [URL] and we’ll be glad to help you. ^NK,1627526,Tue Oct 17 11:41:52 +0000 2017,,,,
99948,19ecb115dd339e1b38948238ea742f5a7d468eb8d17a138e8ca01f550ce0b180,[USER].. I'm a big U2 fan and the U2 experience station has made my week. Very cool!,"[USER] We're glad to help you have a ""Beautiful Day"" and thrilled you feel the station is the ""Sweetest Thing!"" Enjoy! ^AZ",99947,Thu Nov 30 16:56:48 +0000 2017,,,,
1305569,1dfe56bd4295babf8207a6e50d5a38489bcc3f7fb206b6932037dd65ef85c535,"[USER] Hey, I had two preorders mysteriously cancelled, and I was never informed. Why? #[ORDER_ID]  #[ORDER_ID]","[USER] (1/2) We're here to help! We can't access your account on Twitter, but want to assist you here: [URL]  ^SE [USER] (2/2) For your security, we recommend that you not include account information (like order numbers) on social media. Thanks. ^SE","1305567,1305571",Fri Oct 27 01:58:40 +0000 2017,,,,
486796,d9b69f5f5536ef920279c0573cc68cdffb4b7d84025b2ff7d066043d6f496227,"bonjour, [USER] 
Je veux bien que ma commande ai 2 fois du retard mais je voudrais savoir si je vais être livré. S'il le faut je vais à Corbas demain. C'est à 20 km de chez moi et Ca fait 5 jours qu'elle a transité la-bas !","[USER] Bonjour, je suis désolée d'apprendre cela. Quel est le transporteur qui prend en charge votre livraison je vous prie? ^BR",486794,Fri Dec 01 15:27:20 +0000 2017,,,,
257164,550905b5002d17427ef46912c3ece741ea679961db1f1c3f0d4d50b002afb029,[USER] how are we meant to contact you? There's no email or phone number online,"[USER] Thanks for reaching out to us! You can contact us by phone, chat, or e-mail here: [URL] ^GR",257163,Thu Oct 05 19:32:12 +0000 2017,,,,
279007,45de08b690a826192e225f0b04a963f82d524318c9dcf4ba35a9899df4fe9dcd,"[USER] 
Wanted to buy 64GB Nokia6. Is this not available in India still??
Please let me know!!",[USER] I understand your query. Right now only 32gb variant is available in amazon.in we do not have any info on the 64gb variant. ^GU,279006,Fri Oct 06 07:07:40 +0000 2017,,,,
2894560,ecc60280eb850f4d9523fd66b892bafae48a875835b6345d3b2093fa66fba26e,"[USER] Boa tarde vcs me enviaram um e-mail avisando que meu pedido não poderia ser entregue pq eu tinha que fazer uma verificação, não recebi e chegou na fatura a cobrança.","[USER] Olá Everton! Sentimos muito o acontecido! Neste caso recomendamos entrar em contato com o nosso SAC para verificar o seu caso, por favor, acesse: [URL] ^HC",2894559,Tue Nov 28 15:41:01 +0000 2017,,,,
2948118,b6c0af396f5b7a6419e5dc41db6486a35d54f9a29458b68b87e0c09417cfc7ef,"[USER] and [USER] I have contacted you twice about being double charged for an order. I received a refund, and then was double charged again, literally just taking the refund back. So if ya'll could get it together and actually refund me my $50 that would be choice.","[USER] Truly sorry for any inconvenience caused, this isn't our intention! Have you confirmed with your bank/financial institution that what you're seeing is an actual charge? You may be seeing an authorization. Learn more: [URL] ^JE",2948117,Wed Nov 29 16:11:56 +0000 2017,,,,
1590599,dcbf8967cf705c162a24d8ebb5a8b76108d8ff0d7de562a088148f2115badb97,"[USER] I was told at one point that all I needed to do was drop off my return at UPS to receive my refund, is that valid info?",[USER] When you're refunded for a return can depend on different variables. Please click here for info: [URL] ^LR,1590597,Sat Nov 04 23:50:09 +0000 2017,,,,
1695868,dcbf8967cf705c162a24d8ebb5a8b76108d8ff0d7de562a088148f2115badb97,[USER] How soon after a return is delivered to your hub in KY will the refund be processed?,[USER] Hello Dashawn! Thanks for reaching out today. The full details are found here: [URL] to your question. ^TM,1695867,Mon Nov 06 20:42:28 +0000 2017,,,,
2124728,dcbf8967cf705c162a24d8ebb5a8b76108d8ff0d7de562a088148f2115badb97,[USER] what should I do if a amazon inspection error I returned is takes too long to refund and the rebuy item sells out?,"[USER] Oh no! We'd love to help, Dashawn. Just to understand correctly, you returned an item to us for inspection? ^JD",2124727,Wed Nov 08 17:59:58 +0000 2017,,,,
2129440,dcbf8967cf705c162a24d8ebb5a8b76108d8ff0d7de562a088148f2115badb97,"[USER] (1) Had rep Michelle D. said I would receive gift card refund for wrong item and was broken in 1-2hrs, it's been over 2hrs.",[USER] Hello! Does the gift card balance display your refund on your account here?: [URL] ^RM,2129436,Sun Oct 29 03:32:56 +0000 2017,,,,
2212176,dcbf8967cf705c162a24d8ebb5a8b76108d8ff0d7de562a088148f2115badb97,"[USER] I was charged a return shipping fee on an order that was a (Defective/Wrong Item Shipped TO ME) and was told over the phone that the fee would be refunded, how long would that take?",[USER] Thanks for reaching out! Refunds typically takes 3-5 business days to show in your account. You can learn more about refunds here: [URL] ^LH,2212175,Fri Nov 10 04:37:24 +0000 2017,,,,
820141,2c07466b379bf2775e145424592d812acadb42f600063490908d24889758a808,"[USER] it's 22.30 and still no sign of package. Rather disappointing #amazonprime service, waited in all day! [URL]","[USER] I'm so sorry for the disappointment, Jillian! Please contact us via phone or chat for options: [URL] ^SD",820140,Thu Oct 12 21:33:26 +0000 2017,,,,
1305193,482e3d7ee1fea05c5f7faf9cdb79288b5f712e5655613d0029382d6c2014bdf4,"Thanks [USER] for my green [USER] replacement, although it seemed embarrassed for arriving in such a large package. 😂 [URL]","[USER] Thanks for making us aware of this, Bethany! We'd love to get packaging feedback from you here: [URL] ^SH",1305191,Fri Oct 27 01:41:21 +0000 2017,,,,
813265,b37c9a1be3783e64c605716a3662702038dbabedbc47670d7edbf6fcbb219ee4,[USER] do you have any coupons I can use for furniture??,"[USER] You can locate all of our coupons here: [URL] furniture coupons are under ""Home and Kitchen."" ^JR",813264,Thu Oct 12 19:38:23 +0000 2017,,,,
290475,7c2a45de28792418485d3b9cb6212883410c588240dc0063df4e03587b3998ab,Hi [USER] what does one do to reclaim a Gift Card nearing expiry?,"[USER] Hi, once the gift card is expired it cannot be reclaimed. ^HN",290473,Fri Oct 06 15:25:00 +0000 2017,,,,
2517001,a1debb7f39aa89802a5d76090e9757100dad13aad28d86ab5f5e11099b49a9bd,"[USER] Kindle app on my Android phone keeps losing random downloaded books replacing them with 660MB files called ""No Title"" that can't be opened. Trying to work out which book is missing is annoying. Please help.","[USER] That's very unusual. Are there any updates available for your Kindle app? To check, please visit the app store on your device. Uninstalling and reinstalling the app typically resolves most issues. Let us know how this works for you! ^MB",2517000,Wed Nov 15 23:43:49 +0000 2017,,,,
1000164,0297b46c91c63624c1c8ec96dca8b4d38929e7e022359325f2ed1215cbe3f211,"This is after [USER] package was supposedly out for delivery this morning, then resent this afternoon. What am I paying for Prime for?!","[USER] I'm sorry to hear we've let you down, Sophia! Here's some tips that should help recover the parcel: [URL] ^CS",1000163,Sun Oct 22 17:14:40 +0000 2017,,,,
595701,4cabfa3fb0d70399b78a9d581c44831639d5abcea4ef57d012115c8d3624051b,"[USER] um USPS doesn't deliver mail on sundays...... incorrect answer ""Today"" [URL]","[USER] In many areas, the USPS will deliver Amazon packages on Sunday. Please let us know if you do not receive your package by the end of the day. ^JS",595699,Sun Dec 03 18:56:15 +0000 2017,,,,
2019963,30341885054c58f7d1fc41c757756bae6b4ea6aab326ca54506d967043bb26d5,[USER] [ORDER_ID] unbelievable & apathetic attitude of seller & ur cust ser. If there r words 2 describe it; stinks & reeks.,"[USER] We've responded to your DM. Please check. ^NR [USER] Please don't provide your order details, we consider it personal info. Our Twitter page is visible to public. ^NR 2/2","2019964,2019961",Wed Oct 18 20:39:30 +0000 2017,,,,
2859882,815192eca4b7284487816df0b7afddef30a2bcceb8ecbd523d3356da2e85ab87,"What's the deal, [USER]?  AMZL is supposed to deliver to my door. So why do they keep going to the leasing office? Second time in a row, first with a package belong to my #hubby [USER] and again today. Getting as bad as [USER]. What gives?",[USER] We'd like to help you get this escalated. Please provide your info here: [URL] ^NC,2859881,Mon Nov 27 22:27:19 +0000 2017,,,,
2691725,7631139195c5dfa1ff3cf7e4ff809a54d261f93c2f3fa4fc0abf8b453db6661b,[USER] can you guys pls tell me how a single product can be listed at a difference of 3X  price with two different sellers ..?? M kind of confused [URL],[USER] The prices on our website are determined by our sellers. And we keep updating our prices as per the data we receive from our sellers. You may also visit this link: [URL] for more information. ^MK,2691723,Sun Nov 19 16:33:17 +0000 2017,,,,
2533897,326005a50119565276e3a253d3181bcb89daa22473105ea157cdf50e93428834,"[USER] Your service in Brazil is terrible. Suffered a breach on local branch, and after contact the fraudulent sale was not stopped. #help.","[USER] Hello Andre, we are sorry about this experience. Can you explain with more details what happened? ^DA",2533895,Mon Oct 30 13:03:14 +0000 2017,,,,
2817171,6ae14b06aa3a94ae2ef566d2f0270b16c44c69aa9dc5e9ee960172a54b8af014,"[USER] I just received a notification that an item I ""Ordered"" is being shipped, however, I never ordered the item. I viewed it & sent the link to a friend from the app, but never ordered. Can you help cancel the order?","[USER] Oh no! We don't have access to customer order details through Twitter, but I want to make sure you receive assistance. Please reach out to us here so we can take a look: [URL] ^BH",2817170,Mon Nov 27 03:51:59 +0000 2017,,,,
2984595,ee0f8b03159efc8f703acf5de488808e2b08059b86f7200bfe1fe2b79002730c,"[USER] hola,les escribí al privado.","[USER] Hola, te respondemos al DM ^AR",2984594,Thu Nov 30 06:14:27 +0000 2017,,,,
227471,32e2e58ad7f80e7680bacfbaf7b9fe4aa27ad1d43680d77b92685b1ad353d42a,No deals on the products that I want to buy. What is this [USER]?,[USER] That's an unpleasant experience you had with us. Am I sure you might have missed checking on the hot deals running now? ^VM,227470,Thu Oct 05 07:16:04 +0000 2017,,,,
147225,739fccc895569aaffb43d5ff641aed44eddb8a6ed307b8cc3e1796d395d6eec6,"Le harnais pour lapinou dans ""Santé & soins du corps"", really [USER] ??? 🤨🤔🐰 [URL]","[USER] Bonjour, pourriez-vous me communiquer la page de cet article s'il vous plaît ? ^AR",147224,Fri Nov 24 14:29:39 +0000 2017,,,,
1990147,5c4e4781213030810c96ed0777d7da08841196555c0ddb9ecd32fad4864a6e96,"[USER] Ordered and received a product which is defective.Requested return 10 days ago , no one came to take the package back. Disgusting. [URL]",[USER] Sorry about the delay in pick up. Please report this to our support team: [URL] ^HA,1990146,Wed Oct 18 18:52:04 +0000 2017,,,,
2136236,25061fd1912016963c0a3d3b6bcc3589b8e8cb4279adf2bb3c9e2e1d64aeb7dd,"Probably gonna stop using [USER]. Get your shipping together. USCG Base in Petaluma, Ca. [URL]","[USER] I'm so sorry to see this, Tommy. We'd like a specialist to look into this. When you can, click here: [URL] ^BL",2136235,Wed Nov 08 21:12:54 +0000 2017,,,,
2930153,6efdb6fd909b1388bf491dde1c50227a773c7dde7fdb13e0b3a89afd96f24fd2,[USER] [USER] since more than 1 month I am struggling for my refund no help from customer service LET me know if I need to file complain against payment gateway,[USER] Twitter being a public platform we do not have access to your order details. Please reply to the email correspondence from our team and we'll be glad to help you. Thank you for understanding.,2930152,Wed Nov 29 06:20:10 +0000 2017,,,,
637200,8612e3750ddcd8a8f4add6a39c6da4e5e78ca2857129ee85c5c01df78649f828,Bravo [USER] 👏🏻👏🏻👏🏻 son casi las 8 de la tarde y aquí no ha venido nadie y sin haber podido moverme de casa porque me traíais un paquete. También desde aquí ibais a decirme algo del estado del envío y sigo esperando. [USER] dejad de currar con ellos si acaso...,"[USER] Hola, Koke. Lamentamos este inconveniente. ¿Podrías indicarnos si este pedido es vendido directamente por Amazon o es de un vendedor externo? ^ES",637197,Wed Nov 22 18:42:32 +0000 2017,,,,
703876,8612e3750ddcd8a8f4add6a39c6da4e5e78ca2857129ee85c5c01df78649f828,Bueno son las 7 de la tarde y ya es el 2º día que [USER] me hacer perder todo el día entero por un paquete que me tienen que entregar. [USER],"[USER] Hola Koke, sentimos las molestias. ¿Has conseguido hablar con [USER] por teléfono para verificar lo que ocurrió con tu pedido? ^DA",703874,Thu Nov 23 17:57:51 +0000 2017,,,,
944247,cbdcd0d08d79ae0c8165b62deb55dd92eed16cfccaa1e0e0bfa4dbf60042099b,"What’s the point of having [USER] #amazonprime 2 day delivery when it takes 5 days to get things, or “sorry it’s late, it’ll come sometime”",[USER] I'm sorry for the frustration! Can you tell us the intended delivery date stated in your order confirmation e-mail? ^AC,944245,Sat Oct 21 16:46:34 +0000 2017,,,,
1251699,cbdcd0d08d79ae0c8165b62deb55dd92eed16cfccaa1e0e0bfa4dbf60042099b,[USER] [USER] seriously. Twice in a week. What the actual hell is your problem?! What did I do?! It’s for my KIDS party! Come on man!! [URL],[USER] I'm sorry you haven't received your order yet! Will you confirm the carrier shown here: [URL] ^JP,1251697,Thu Oct 26 04:41:33 +0000 2017,,,,
150551,ff92c9932529086c081aa7a1fdb1d338712c2981bacb43aea113270b8994a28f,Black Friday must be the worst thing we’ve imported from the USA. Ever. [USER],[USER] That's quite a remark. Any particular reason you'd like to share regarding this comment would help us to improvise our services. ^MN,150550,Fri Nov 24 14:48:17 +0000 2017,,,,
2419106,b2a96b36a01a2ecdfd1b8e60b558bca5fd18658dd0d0fc3ab3b30d3aaa083537,"Fare la spesa su #amazonpantry?! Semplicemente semplice!
Grazie [USER]! [URL]",[USER] ❤️ ^MA,2419105,Tue Nov 14 17:41:19 +0000 2017,,,,
2474953,eee839c54eb36a2445f98764470360923d113847b27528372865befe6a70ae68,[USER] hey Its been 2 hours since i recharged on amazon pay and the amount isn’t reflecting yet and i need to order..whats the hiccup?,"[USER] That's Unusual, Omkar. Please connect to us here: [URL] and we’ll be glad to help you. ^NK",2474951,Wed Nov 15 13:03:51 +0000 2017,,,,
73574,ae95cde21004bde1b0b9844196fd634db8ab503bc7242f2b242710157ef8a55b,"[USER] If an e mail account has been hacked and can't be accessed, how else can you retrieve the link to reset Amazon password?",[USER] Sorry to hear your email account has been hacked. Please reach out to us here: [URL] so we can assist you further.^ES,73572,Thu Nov 30 10:39:04 +0000 2017,,,,
1700039,8758441814e0b8f9e72938bd6fea666f1597dbb954a58ca01ff2d9fa8be6a9b5,[USER] just got notice that carrier was unable to deliver to an amazon locker. Can you help? Really need this item today.,[USER] I'm sorry your package hasn't been delivered! Who's the carrier shown here: [URL] ^JM,1700038,Mon Nov 06 21:00:27 +0000 2017,,,,
1205861,ff6059b63baa0e11f59d3bd25bb7f66675ce7992782215473275358e48a13c94,[USER] we've placed return for an order since long & were promised tht the item would be collected 2 days ago. No one has come yet.,[USER] Kindly get in touch with us here: [URL] and we’ll be glad to help you. ^AG,1205860,Wed Oct 25 08:25:23 +0000 2017,,,,
421590,dd5df250da06f011d6eab58e6bc5f83b6831d7700cb64bdf224f9647efdba66a,"[USER] Have u ever considered to change interface design of seller central or etc? It is sooo old, awful and complicated.","[USER] Hey, I'll be sure to pass on your feedback ^AS",421591,Tue Oct 10 08:27:46 +0000 2017,,,,
2341966,bfc13ee221738712cc6284725ef1dc760afa100b8fb90b63c5f0e0fd56020c2d,"[USER] tengo un problema al realizar una compra, me dice que mi pago ha sido declinando, ya actualicé mi método y nuevamente aparece lo mismo","[USER] Hola El Royo, lamentamos el inconveniente. ¿Has contactado al banco de tu tarjeta para verificar? En caso de que si, ¿qué te indicaron? ^DA",2341964,Mon Nov 13 15:16:03 +0000 2017,,,,
1137721,bc40804e3d0f29c5bd24bc13286101976b1f6a5cc09cf5335a3a391dcbed8182,Inadvertently ordering something from [USER] luckily I managed to cancel it...i hope...[USER] can you double check?,"[USER] Hi, for security we can't see your account here. Have you received a cancellation confirmation email? ^TS",1137719,Tue Oct 24 09:45:28 +0000 2017,,,,
2925601,3ded3602ca9b5528a4669814d8c51b830360c444959fa754c112da9092f9048e,1st gift 🎁 under the 🎄. [USER] prime wrapping is the best! #keepitsimple #AmazonPrime 😄 [URL],"[USER] It looks right at home, nestled under that gorgeous tree! Merry Christmas! ^KL",2925600,Wed Nov 29 03:05:56 +0000 2017,,,,
900387,448e6f87b59c2255700dc699c297c5813620b0b52369f2f1899faa7fe0520cd7,Whoever [USER] contracts with in my area to do Prime Amazon Logistics deliveries is horrible. So frustrating that they're always late. [URL],[USER] I'm sorry you haven't received your order! Please relay details to us so we can look into this: [URL] ^MV,900386,Sat Oct 21 04:12:02 +0000 2017,,,,
1480553,329b58380f0b95290e3e81cc0fb939923b39c58e3653dc91c6e9fff96e7bbf49,So very very sad. The #mastadonBBQsauce I was so excited for (#nightshadefree!) did not survive [USER] packing.,"[USER] I'm sorry we let you down. We'd like to go over your options, please reach out to us here: [URL] ^CH",1480552,Mon Oct 16 20:25:12 +0000 2017,,,,
2903624,329b58380f0b95290e3e81cc0fb939923b39c58e3653dc91c6e9fff96e7bbf49,From time to time my [USER] seems to make an electronic clicking noise. Anyone else experience anything similar? Know how to stop it? Web search has been worthless.,"[USER] I'm sorry for the trouble with the device! When you have a moment, please reach us via phone for live troubleshooting: [URL] ^SB",2903623,Tue Nov 28 18:50:50 +0000 2017,,,,
1257998,441e8ca9283cb504ac1360568dd5ff010314764dfd5b75ed3ccaa86da8c6e7a7,"Wozu ist man eig Prime-Mitglied, wenn die Sachen ständig später ankommen als angekündigt? [USER]","[USER] Das sollte nicht passieren! Hast du dich diesbezüglich bereits gemeldet? Falls nein, bitte über: [URL] ^TR",1257997,Thu Oct 26 07:52:25 +0000 2017,,,,
858694,8a74b0863d3c700f3bcbf78e0e47a37d00aadc6257efe9694aa81ec5a807d623,Hey [USER] & [USER] which one of you will give GENUINE offers on microSD cards? Been waiting for a while now thanks.,"[USER] Stay tuned for the sale, it's gonna start midnight tonight. ^HA",858693,Fri Oct 13 13:49:23 +0000 2017,,,,
2220131,8a74b0863d3c700f3bcbf78e0e47a37d00aadc6257efe9694aa81ec5a807d623,"[USER] hi, I need a sandwich grill which can accommodate 4 sandwiches (2 bread/1 sandwich). Products details don't carry the infos I need",[USER] Could you contact our support team here : [URL] so that we'll help you with the product info. ^PR,2220130,Thu Oct 19 14:29:43 +0000 2017,,,,
666177,20d506e14b77ff08506efbf49f9b758d05ae56be6fe1221449ed92e1f625443b,"Hi, [USER] - thanks for fulfilling my holiday sweet potato order with this fun find! Not gross at all... #HappyThanksgivingEve [URL]","[USER] I'm sorry for any inconvenience! We're available to assist. At your convenience, you may reach Fresh support here: [URL] ^SJ",666176,Thu Nov 23 02:31:37 +0000 2017,,,,
351894,12f466453c0233d88314d7e22e086d2da5ebde5376b8e5db58192489a36462fc,"Worst experience with [USER] today in almost 15-16 years being customer of AMZN, CS [USER] is getting worse year by year",[USER] Sorry for the inconvenience you've faced so far. We certainly did not expect this to happen. 1/2 ^PS [USER] Please share all your concerns on the link here: [URL] and we'll contact you at the earliest. 2/2 ^PS,"351896,351892",Sun Oct 08 10:08:20 +0000 2017,,,,
2408766,12f466453c0233d88314d7e22e086d2da5ebde5376b8e5db58192489a36462fc,"[USER] Looks like everyone is facing the issue and unable to play any video and hitting the error 
""Video unavailable
We're experiencing a problem playing this video""",[USER] Thank you for flagging this. Our team is working on it and we'll fix the issue at the earliest. ^MN [USER] The issue with prime services is resolved. Do keep us posted for any further assistance. ^SV,"2408765,2408767",Tue Nov 14 15:31:18 +0000 2017,,,,
1302782,f585414bebf9ba09bd3a3da759a102cf0a3ea8fb263d2ebda4a6dbf834f7dc95,"[USER] how RUDE  are Amazon's representatives! Where's quality assurance?
Who turns on elevator music as a rep without notification","[USER] I'm sorry for the frustration! Were we able to help resolve the issue? If not, please let us know what we can do to help! ^AC",1302781,Fri Oct 27 00:01:16 +0000 2017,,,,
145811,1cc00f70885b7925baa8960f69a6c604f5ecfcdca3d51bddeda8ec002f66c3da,É tempo de Black Friday e o que eu tô fazendo? Comprando e-books de marketing e alguns outros aleatórios na [USER] já comprei 3 e tô aqui refletindo se torro mais o meu dinheiro auehaeuhe,"[USER] Ótimo Milena 😱, você está aproveitando demais nossa promoção! qual é o e-book que você esta lendo agora?  ^AG",145809,Fri Nov 24 13:42:41 +0000 2017,,,,
734683,50150b9f86edaa64ff0458b096137bbe72cfec6ce5fe39b8331100bab99784b3,¡¡¡¡Por fin lo tengo!!! ¡Deseando leerlo! 😍😍😍😍 [USER]  [USER] [URL],"[USER] ¡Que disfrutes la lectura, Miriam! 💕 ^VL",734682,Wed Oct 11 11:29:58 +0000 2017,,,,
2318302,49db60b91568117210fd02e4fede71a5cd18c34ce6e733fb6b5f1457682ae829,[USER] Visto che al mio pacco Mantova non piaceva è tornato a Verona Amazon.it ce la facciamo a consegnare ???  Per fortuna che è Prime.  Deve arrivare a Varese 50 Km da Milano :( [URL],[USER] Quale data di consegna ti è stata indicata in fase d'ordine? ^MZ,2318300,Mon Nov 13 10:32:27 +0000 2017,,,,
2432725,49db60b91568117210fd02e4fede71a5cd18c34ce6e733fb6b5f1457682ae829,"Vi ricordate il mio pacchetto di [USER] spedito con Poste Italiane?  Dopo essere partito da Milano, andato a Verona , Mantova, ancora Verona, è passato da Peschiera Borromeo per tornare, a Milano da dove era partito 6 giorni fa !!! ahaahah sempre più ridicola la situazione [URL]","[USER] Ciao, qual è la data di consegna che ti abbiamo indicato al momento dell'acquisto, e che puoi vedere anche cliccando qui: [URL] ^MP",2432724,Tue Nov 14 21:18:51 +0000 2017,,,,
1883455,496527aa7739ffc11ec12c219d69e7092d6ba798be9d9a46447c647767b31f0a,[USER] I am trying to cancel my order through app but it isn’t responding and your toll free number is also not working. Diwali holidays?,[USER] Please get in touch with our dedicated team here: [URL] and we'll assist you further.^AR,1883452,Wed Oct 18 10:48:17 +0000 2017,,,,
998024,e3f04712a1f72b7a5197fd554dc9c6c03d681bfc314dca7578b3a03a8dde4bdd,[USER] petit question pourquoi je ne bénéficie pas de la livraison en 1j en Belgique (min 2j voir +) je suis clients prime ? Prq payer,"[USER] Bonjour, 
L'article choisi est-il vendu et expédié par Amazon ou par un vendeur tiers?
 ^MD",998023,Sun Oct 22 16:44:12 +0000 2017,,,,
2779200,e3f04712a1f72b7a5197fd554dc9c6c03d681bfc314dca7578b3a03a8dde4bdd,"[USER] Bonjour, il y aura t'il un jour un ""amazon.be"" comme ça il n'y aura que des articles livrable en Belgique. Car j'ai souvent eu un espoir puis finalement il est mis ""cette article n'est pas livrable en Belgique"" 😭😭 Bien à vous 😁","[USER] Bonjour, nous espérons qu'un jour, tous les articles que vous souhaitez soient livrés à votre domicile quelle que soit votre localisation sur terre. Et pourquoi pas une autre planète aussi, croisons les doigts ☺ ^KD",2779199,Tue Nov 21 16:03:53 +0000 2017,,,,
1608705,c77c31183d4d02f46154e05a1ce6040ed63227da20c2c617f19ab45acab35a05,Place an order with Amazon Prime for delivery today...order delayed for no real reason and won't arrive until tomorrow. Gg.,[USER] I'm sorry for the delay. We'd be happy to look at options with you. Please click here:  [URL] ^EM,1608703,Tue Oct 17 11:06:17 +0000 2017,,,,
117846,591d098d97d4be35d885fd462121a8189520540af0074d78c31ffe67fdf2c5e7,"E niente, anche su [USER] i sottotitoli non sono sincronizzati a volte. [USER] a chi posso segnalare il problema riscontrato con una puntata? [USER]","[USER] Ciao Alberto! puoi segnalare al nostro Servizio Clienti, clicca qui [URL] e poi su ""Contattaci"". ^ZC",117845,Thu Nov 23 21:58:17 +0000 2017,,,,
2212027,591d098d97d4be35d885fd462121a8189520540af0074d78c31ffe67fdf2c5e7,Ordina su [USER] e scegli la spedizione più lenta a 6€ in più! 😅 [URL],[USER] La spedizione a pagamento riguarda l'opzione di acquisto dell'articolo da un venditore terzo del nostro sito ^GD,2212026,Thu Nov 09 23:41:28 +0000 2017,,,,
518771,748262752e5d29da264148558d6aede06eb2d3d1c12c25e6889d5e5d37e924c3,Whats the point of having amazon prime if your next day shipping turns into within the next 4-5 days? [USER],[USER] I am so sorry your packages have been delay? Do you currently have package that has been delayed? When your packages are being delayed are you noticing it is with a certain carrier? ^LS,518769,Sat Dec 02 02:13:25 +0000 2017,,,,
2819208,5649f2ca671252be36f7c63e2cad749552eef528b4b2f86b31a96d16715b89df,[USER] how do I get my 2nd echo dot to stop answering in the other room when I ask my 1st one that's closer to me a question?? Thanks!,"[USER] I had this happen with my two Echo devices, too! The easiest way I've found is to change the wake word on one of the Echos. Just follow the steps here: [URL] ^BH",2819207,Mon Nov 27 05:27:58 +0000 2017,,,,
137025,caebda1743da2a18601f0bd1845bc06a554da199ae5fe6866552a16567a418a5,Hey [USER] - What happened to my next day delivery?!? [URL],[USER] Hi Charlie! One day delivery would also depend on stock availability and the delivery address selected. May I ask what you're purchasing so we can take a look?^CN,137023,Fri Nov 24 09:54:38 +0000 2017,,,,
2886551,c0d6e3f06c703dfc1347ffb1576b05eaa9b97fbfcefbf41be7c193aa083671c4,How do I get in contact with [USER] [USER] and with a real person? I had a minor issue I wanted to resolve but I got an email saying to do a chat where I spoke to a chat bot answering completely different questions?  Now I’m annoyed,"[USER] Hello Jesse, sorry for the frustration. To reach out to us via phone please navigate here: [URL] ^TE",2886550,Tue Nov 28 12:24:48 +0000 2017,,,,
61054,3222078f9a47747b9d2987b8be515dd15ba29bc59d377c741c924e40ed524193,"I know I make this complaint regularly, but why is there a direct path from [USER] to [USER] but not the other way around?",[USER] Hi Matthew! Are you requesting a direct path to Good Reads via the website or an Amazon device? ^SH,61052,Wed Nov 01 20:42:25 +0000 2017,,,,
2499127,04ebe5f8ca8419e56b93c8a2b14f0d37630957ab04a97c98fc077a5e50949b06,"[USER] Hi,habe da eine Frage.Habe mir Pokémon Ultrasonne/Mond Dual Pack bestellt,welches am Fr ankommen soll.Nun stand dort heute aber versand am 18.11 und Zustellung DIENSTAG. Habe dann auf Premiumversand gestellt und schon steht dort wieder das normale Datum.","[USER] Während der Vorbestellzeit wirst du auf der Produktseite des jeweiligen Artikels informiert, welche Versandart du wählen musst, um die Lieferung noch am Erscheinungstag zu erhalten. Ein Update zu deiner Bestellung erhältst du spätestens mit der Versandbestätigung. ^SI",2499125,Wed Nov 15 18:43:41 +0000 2017,,,,
1525911,47d9f2a84420880abc478a27a3f34b93a31e91f93b71f45c3484ee65c49c8f2d,[USER] I ordered an item on 31/10/17 & paid extra for one day delivery. I’ve now just had a missed delivery email even though I’m home...,[USER] I'm sorry you haven't received your order. Please reach out to us and we'll be glad to assist: [URL] ^FJ,1525910,Fri Nov 03 21:30:30 +0000 2017,,,,
1078471,e69d3e026561bc153fc2df41eaaca146ce0e488eeb421231d43921213cb1be3a,[USER] can we do anything about the fact stuff I ordered last week for a project this week still aren’t here? #nothappy,"[USER] I'm sorry your order hasn't arrived yet, Katlyn. We'd like to help if we can! What's the delivery date showing on the order? ^AJ",1078470,Tue Oct 24 00:41:29 +0000 2017,,,,
568341,2e036e21918d8f478ac246e61f92147e48c7566ec9c115bbad2b1e4a2f4e2e50,i love [USER] so much you guys,[USER] We love you too! ^LS,568340,Sun Dec 03 02:34:28 +0000 2017,,,,
537531,cf339b1dbdb90d15276a0c1312b3bae10ae699c16b5ddbd5a736658ff13941a0,[USER] I don’t care it was coming from a third party. I care about it never arrived and it will take 5 days for a refund and being told no supervisors were available to talk to me and that the rep called me not my actual name,"[USER] Hi Gwen, I'm sorry to hear of this. Were you at least offered a call back for a supervisor? ^KI",537529,Sat Dec 02 13:48:59 +0000 2017,,,,
1729695,5b28733da940d3d0cfa69da84dc8ede8f4c528e363e53870730a3fb75b631877,The boy done good 😊 just had the [USER] beauty advent calendar delivered 🛍🎁🎉💝,"[USER] Hello Cathy, we are super curious, send us a photo of the calendar, we'll love it for sure! ❤ ^DA",1729693,Tue Nov 07 10:50:17 +0000 2017,,,,
848215,400751c23feb63651d24b0178f09721376425ef0ff3a624e2f17d497e275c30e,"Hey [USER], vous faites quoi avec ma commande du 3/10 ? Je suis habituée à plus de rapidité de votre part !","[USER] Bonjour Audrey, je suis désolée pour le retard de livraison. Est-ce expédié par Amazon ou par un vendeur tiers? ^SM",848213,Fri Oct 20 14:47:54 +0000 2017,,,,
2130937,ab52de4701da926a38135561733411b66a1487ebecaa4612c5cbbaba9281b79a,Ya he descargado la app de [USER] Me gustaría dejar de ver tus anuncios. Gracias.,[USER] Hola Alberto MG. ¿Dónde te están apareciendo los anuncios? ^JJ,2130935,Wed Nov 08 19:47:48 +0000 2017,,,,
1625478,d33def8c404b8e6b4c23b8c9daf6115caaa9a4a43e90c62dfbfeea6999917903,[USER] Quando sarà disponibile in Italia la terza stagione di #MozartInTheJungle? Aspettiamo da quasi un anno,[USER] Non abbiamo ancora informazioni sulla data; tieni d'occhio l'app o il nostro sito per tutti gli aggiornamenti! ^EA,1625477,Sun Nov 05 17:57:02 +0000 2017,,,,
503445,a32ff883942db7df2bb4938ab9a92515f1b5afef359133b59eb2cf3df8c2971c,[USER] I am not a very happy customer right now.  Twice this week alone orders have been out on delievery to then not be delievered! Wasted a day waiting!,"[USER] I'm so sorry for the frustration, Roy! This is not the experience we want for our customers! We'd like to look into this in real-time. Please reach out to us through phone or chat here: [URL] ^HM",503444,Fri Dec 01 20:25:04 +0000 2017,,,,
1637213,a32ff883942db7df2bb4938ab9a92515f1b5afef359133b59eb2cf3df8c2971c,[USER] Told when ordered item would be delievered today on Prime.  Now informed tomorrow or Tuesday.  Not happy!,[USER] I'm so sorry for this delay. Have you had a chance to let us look into options: [URL] ^DO,1637212,Sun Nov 05 21:47:23 +0000 2017,,,,
416720,9d76a2e279e8a25ecd604902aa7f5d8e99f110c3b92c20680a45547b559e59bb,"Pathetic service-wrong product delivrd(Order-[ORDER_ID]).Return pickup pendng-5days, replacmnt order cancld automaticlly [USER]","[USER] Sorry to know your item hasn't been picked up yet. We certainly did not expect this to happen. 1/3 ^PS [USER] I'd like to assist you on this, please share your details on the link here: [URL] I'll contact you soon. 2/3 ^PS [USER] Please don't provide your order details, as we consider it to be personal information. Our page is visible to the public. 3/3 ^PS","416723,416722,416718",Tue Oct 10 02:20:16 +0000 2017,,,,
1163359,79b5a043d9bc0158ad8814b42de3b79e7052cd96165184ce800c1554040fa3e9,[USER] Bought an item in July (with warranty) that’s broken!!! What do I do? Thank you.,"[USER] I'm sorry for the trouble with your item, Olivia! Was the warranty purchased through our website as well (like Squaretrade)? ^CS",1163357,Tue Oct 24 17:01:39 +0000 2017,,,,
462502,8e9a142b1ba18f6bf23e1e5062d0f72974ebed6edf75fd9d729bbfa299326f5b,It's a good thing I inspect my [USER] gifts before I give them. They shipped me USED GARMENTS priced as new. This is disgusting and I WILL be returning this.,[USER] Oh no! I'm really sorry you received your order like that. We'd love to help! You can see all refund and replacement options for the item here: [URL] ^AJ,462501,Fri Dec 01 02:33:44 +0000 2017,,,,
2396324,959dcc032fc017e9e8e42c4e590dbc74c3784faad431569296bf704d749cd322,Been told a tv will be delivered for 3 days in a row now.. still no tv.. what’s with the incompetent staff and terrible service [USER] [USER] ??,"[USER] We're here to help, sorry for the wait! Just to confirm, which website was it that your order was placed on? Refrain from sharing any personal or account details, as Twitter is a public platform. Please, let us know! ^JE",2396323,Sun Nov 26 17:44:56 +0000 2017,,,,
101221,7dfb74e38f5d3e293ac336825a98473cff847eadc12c01921bfbabcd1f5dae7a,[USER] disgusted with your customer service and inability to fulfill my Xanathars Guide pre-order I made in September!,"[USER] I'm sorry for the delay! When you reached out to us, what information or options was offered? ^JP",101213,Mon Nov 27 22:09:18 +0000 2017,,,,
2450592,d318cb7a7aa2206bcdfcecfd1648907d47e18b0eb390825bcdd7d2ff8af2218d,What the hell is this [USER]? I selected that I’m ♿️ & need a low locker. Act of hate by deliverer? Had to scream at strangers for help [URL],"[USER] I'm sorry, I'd like a member of our team to take a look. Please provide your details here: [URL] ^AN",2450591,Sun Oct 29 16:38:33 +0000 2017,,,,
1119600,848f1f74879b0531057dd04fc8793ae0e7775c2e4273d6f643d70f85b9cd6feb,"[USER]  pl help, ur Cloudtail retail is partnering with fraud co. #jiolyf in selling FAKE iphone through. Pl help [URL]","[USER] Sorry for the trouble. We'd like to have this checked, kindly report this to our support 1/2 ^EM [USER] team here: [URL] & we'll look into it right away. 2/2 ^EM","1119601,1119599",Tue Oct 24 05:15:14 +0000 2017,,,,
317617,77e3fa4fdb213062215b76af31fc67835b42e344c6df19c5eb7674fc99f47beb,"Hi [USER] - habt ihr gerade Schwierigkeiten? App auf #PS4 und SmartTV geht nicht, iPad ewige Latenz (seit gestern 2200uhr)","[USER] Sind gerade dabei, dies zu prüfen. Bitte hab ein wenig Geduld, wir arbeiten dran. Liebe Grüße ^MF",317616,Sat Oct 07 08:58:55 +0000 2017,,,,
1478882,8d9e029f1300267ab853116f83ab99f88b9ce52dbd9eed5b9ef29cd4e7b4b197,[USER] need to get prime in 499 is it possible in anyways,"[USER] Unfortunately, you may not be able to subscribe for prime at Rs.499 as that was a 1/2 ^SB [USER] promotional offer expired on October 30,2017. 2/2 ^SB","1478881,1478883",Fri Nov 03 05:47:37 +0000 2017,,,,
206097,ed48c9aa64c32a08326971657277f580134e04d40a8e5d26e26e40caf83c5a68,"[USER] My parcel says it was delivered and that ""parcel was handed to resident"" but I do *not* have my parcel. I've been sat waiting!","[USER] Hi, sorry to hear that you don't have your parcel yet, have you tried these tips: [URL] ^JJ",206096,Mon Nov 06 13:04:00 +0000 2017,,,,
2550248,ed48c9aa64c32a08326971657277f580134e04d40a8e5d26e26e40caf83c5a68,"Oh cruel fates! [USER] has delivered drill bits and wall plugs, but not the drill. Wonder if I can just hammer the bits into the wall 🤔",[USER] I'm sorry you haven't received your drill. Was the order split into shipments: [URL] ^JF,2550245,Mon Oct 30 14:51:19 +0000 2017,,,,
812390,6dc3a02d895b2685f01ef5227658f2094d123617e76744ddde36860051cf2a36,Be interested to hear from [USER] about one of their sellers Scottie’s. Why is a company with only 59% positive feedback allowed to take £50 of my money for daughters Christmas present. No sign of Hatchimal turning up 😡 [URL],"[USER] Hi Helen, have you contacted the seller already: [URL]",812388,Sat Nov 25 09:48:31 +0000 2017,,,,
288021,96d8e02d9874144e62f81aee9c7cd0e334899335b4a4173845e9c694fdccca23,"[USER] bought an echo and a dot , the dot is perfect but my echo drops connection every 2 days & i have to go thru set up again , help","[USER] Hi, sorry to hear that. How far is the Echo place from your router? Is it connected to the 2.4GHz or 5GHz band? ^JJ",288020,Wed Oct 11 09:09:26 +0000 2017,,,,
321685,21b8f8337d524d405be1aece3c1b762713c94e2b8e103ab6efb41da2f1f2a08a,"[USER] [USER] what light fittings does the included Hue bulb have please, bayonet or screw [URL]","[USER] Hi Charlie, it's a screw one. ^AT",321683,Sat Oct 07 13:11:01 +0000 2017,,,,
494997,21b8f8337d524d405be1aece3c1b762713c94e2b8e103ab6efb41da2f1f2a08a,Huge thanks to [USER] Customer services for sorting my issue today. Easy to see why you guys / gals are the best.,"[USER] Hi, things like this puts a smile on our faces 😊 We hope you have a great day 😎 ^CR",494996,Sat Nov 25 13:30:43 +0000 2017,,,,
1166657,957cc1c7b64e7a3a4c7d801082c4bf63c43022aa20899dc1ebd4e1c1716e5ac5,"[USER] you guys should seriously consider debarring sellers charging prices more than mrp.
Bought a book for 399 having mrp only 300 🤕",[USER] There may be cases where M.R.P. of the product delivered is different from the M.R.P. on the website due to various reasons. ^MP 1/2 [USER] Know about pricing here: [URL] ^MP 2/2,"1166658,1166656",Tue Oct 24 18:08:52 +0000 2017,,,,
1639316,957cc1c7b64e7a3a4c7d801082c4bf63c43022aa20899dc1ebd4e1c1716e5ac5,[USER] [USER] [USER] unable to buy a book on kindle ios app. Any help would be highly appreciated!!,[USER] That's strange. May I know what's the error you're getting when you're trying to place the order. ^KH,1639313,Sun Nov 05 18:46:37 +0000 2017,,,,
108215,842c42ed596f28bf2865c64797d4f0b11de0377ab74c62eb9a96fb45c6607b8a,[USER] is there a problem with orders shipping from Amazon Uk and Amazon IT? I order since 18 of November and didnt ship yet!,"[USER] I'm sorry for the concern, Michalis! If the item you're ordering is out of stock or unavailable to ship immediately, it may take additional processing time before being shipped: [URL] I hope this is helpful! ^SD",108214,Thu Nov 23 17:27:46 +0000 2017,,,,
2905034,ea9adbc508d6f1c96d48db4ce09a34cf9d7200abb5fdc7e9f49aa5293bf47042,[USER] my property was damaged today by your amazon logistics team. Please get in touch to rectify situation.,"[USER] We would like to investigate this for you. At your earliest convenience, please submit the requested information here: [URL] ^JS",2905033,Tue Nov 28 19:28:26 +0000 2017,,,,
1534395,4834928aee6ff5f13db281577f9215c4aa1ec609c7b1450f296e365df6bd4990,When will the [USER] app offer in-app purchases??,[USER] In-app purchases should be allowed. Have you had a chance to download the new Appstore: [URL] ^SJ,1534393,Fri Nov 03 23:28:02 +0000 2017,,,,
489503,d16c55b60dfa82f43b4e8da3fb6f0671612669fec995fb0ffc7d3e0657ad96b5,"the good wife ist endlcih wieder auf Prime Video, und diesmal alle Staffeln! Kann ich das endlich mal beenden.",[USER] Viel Spaß beim Schauen :) ^AN,489502,Fri Dec 01 16:08:16 +0000 2017,,,,
2147992,c9bda6204e45c14ac3d7372148cd048c106a90e1683fa4b39f5134354bfa5000,[USER] your customer service reverted my refund after I returned my items! I need my refund ASAP!!!😡😡,[USER] I'm sorry for the trouble! We'd like to take a closer look at this. Please reach out to us here: [URL] ^LJ,2147991,Thu Nov 09 00:01:16 +0000 2017,,,,
205223,80040fbb161563f171cbd9e8876e2bc7296d8436068c37faf46e187583dfd7ac,When [USER] 2-day shipping takes 3 days and you have to wait another day for your book... 😫,"[USER] I'm sorry for the wait! Two-Day shipping refers to transit time in business days once an order's shipped! (1/2) [USER] (2/2) If we’ve missed the date in our order confirmation e-mail, please let us know here: [URL] ^WT","205224,205222",Wed Oct 04 23:20:54 +0000 2017,,,,
1266385,2b8e82d584546dc4efb38e37468528aacb87c7250b490fe0f3ab04a48112a9e2,"Hallo Herr [USER], 
es sind  24 Kilometer! 24 verkackte Kilometer! 
Schickt ihr das mit  einem einbeinigen Hamster los oder was? [URL]",[USER] Hi! Welches Lieferdatum wurde dir denn in der Bestellbestätigung genannt? Liebe Grüße ^TA,1266383,Thu Oct 26 12:56:04 +0000 2017,,,,
310562,32121852ba8d593ad4bed843ba1aef6dc830bf00089ac825a3928f753975fece,[USER] feature request: play white noise continuously in device groups (keep the dogs calm) while listening to music on others.,[USER] We're always looking to improve! Please share your requests/feedback directly from the Alexa app: [URL] ^GG,310561,Sat Oct 07 02:17:05 +0000 2017,,,,
2240642,32121852ba8d593ad4bed843ba1aef6dc830bf00089ac825a3928f753975fece,.[USER] [USER] #show died last night. First it stopped paying music halfway thru songs so i emailed customer support. They said to power cycle/unplug to get update. It never turned back on.,[USER] Sorry to hear that Jeremy- please do get in touch with our customer service for more troubleshooting:  [URL] ^MA,2240640,Fri Nov 10 15:41:48 +0000 2017,,,,
2874036,7ae35564e95f9d686b41d5433e519ba5a3b47f0e3508e7b468e22a63a194238c,Si tengo dudas sobre un producto de [USER] donde me pueden ayudar?,"[USER] Hola, Carlos, sin compartir información confidencial ni sensitiva por este medio, ¿ cómo podemos ayudarte? ^VM",2874034,Tue Nov 28 04:29:16 +0000 2017,,,,
473357,f61d3eee2184e0025479a4f11f80da1f18a36ca0b4acc9ff5d5bb48499f81355,[USER] should I have Prime account to be able to choose One-day shipping?,"[USER] Hi, not necessarily. If you'd prefer to use Next Day delivery as a one off then you can select it at checkout if the option is available. ^KI",473356,Fri Dec 01 09:25:02 +0000 2017,,,,
1509863,1344dc901f2c403ee9e45341b85d4c7e42b8948563e87487a5934d73e94da51a,[USER] Can you link me to the ps4 version on prime? I don't think its on there....bit of false advertising? [URL],"[USER] Hi, is this the version you're looking for: [URL] ^JJ",1509862,Fri Nov 03 14:29:17 +0000 2017,,,,
2622489,1344dc901f2c403ee9e45341b85d4c7e42b8948563e87487a5934d73e94da51a,[USER] [USER] Whats the email for complaints? You've royally stuffed me over today :(,[USER] I am very sorry to hear this Mikey. So I can assist you better can I ask for you to give us details of your complaint without giving sensitive account information please. ^GA,2622487,Fri Nov 17 16:34:51 +0000 2017,,,,
142980,478089aad98743acc28d14bfc827490d29344b49707044a51b6f202417d37b5d,"[USER] [USER] Products continue to be damaged at AMD1 FC, please ask the relevant team to get in touch with us ASAP",[USER] That's Strange! Kindly report this to our support team here: [URL] and we'll have this checked right away. ^HS,142978,Fri Nov 24 12:23:57 +0000 2017,,,,
2811765,478089aad98743acc28d14bfc827490d29344b49707044a51b6f202417d37b5d,[USER] please consider this feedback [URL],[USER] This has been shared internally on your behalf as feedback. ^KK,2811764,Wed Nov 22 07:52:55 +0000 2017,,,,
2867181,ef66fd2b84dfa810c56aac6e9d4d4ea42b498a261fc95fe05b8b1ded6be0394d,[USER] your drivers can’t seem to get out of my driveway with out ruining my grass or driving over the mulch and running over driveway markers,[USER] I'm truly sorry! We want to research your delivery further. Please share your details with us here: [URL] We want to get this escalated. ^SH,2867180,Tue Nov 28 00:45:39 +0000 2017,,,,
2569389,ce7735c38a5cac3f9a068929a54b40fa70f6f434abc328362c8fd1b22f1c9374,[USER] Ich würde mich freuen wenn man im #firetvstick die Uhrzeit einblenden könnte. Wecker- und Timerfunktion wären auch toll. :),[USER] Geben wir gerne als Feedback weiter. 👍 Liebe Grüße ^MI,2569387,Fri Nov 03 18:55:03 +0000 2017,,,,
1606830,42e3d91a2becbfd451c910145ccde48b5027072ac57faf2698b3988580e2dd2d,Só eu compro coisas na internet por acidente? Acabei de comprar um livro na [USER] sem querer e agora não consigo cancelar... AFF,"[USER] Sem compartilhar informação sensível, foi uma compra de um livro físico, um eBook ou algum outro acessório? ^VM",1606828,Sun Nov 05 01:26:18 +0000 2017,,,,
2271568,6edaadd96786dd0c68617464f412b6a1997e3c9f320c82d2fad3e99051de56e8,[USER] [USER] yeah so why do I have to pay for a return for when I cancelled my pre order that you still sent me :/,[USER] We'd like to speak to you directly about available options.  Please contact us via phone or chat:  [URL] ^MW,2271567,Thu Oct 19 18:20:57 +0000 2017,,,,
1450864,c733190252f469b3b1ca4ac7078005242e64b2c4487eba6e682d4354d99678ad,"Coucou [USER] , ça va être tendu pour la livraison non??? [URL]","[USER] Bonjour, désolée pour cela, je vous prie de le signaler à notre SAV via; [URL] afin de vérifier ce qu'il en est",1450863,Thu Nov 02 17:04:49 +0000 2017,,,,
917993,876b1473fd08cedc88465e2590a1f4617b02ea7c757c53b49c21ae5b792c139c,"[USER] My prime now delivery is 25 mins late, so far. According to the tracking, the driver isn't even in the same city as me. This feels like a joke.",[USER] I'm sorry you haven't gotten your Prime Now delivery yet. Is the city the tracking is showing the driver close to you? We're unable to access account information via Twitter. Please contact us directly for account specific info here: [URL] ^JF,917991,Sat Nov 25 16:26:34 +0000 2017,,,,
1694335,9faff0200ac8acd9215e5b30bb71312873070572a688dd605852100253c17b62,[USER] recharged my jio number with 399 order number [ORDER_ID]     but did not get cashback of 101,[USER] Sorry for the hassle Gaurav. Please report this to our support team here: [URL] and we'll check this. 1/2^HN [USER] Please don’t provide your order details as it is personal information. Our page is visible to the public.2/2^HN,"1694336,1694334",Tue Oct 17 17:03:15 +0000 2017,,,,
2305776,b3b04132d17e1a929eb444f20d45dcc77584386840a8ed0502616423b837f061,AmazonプライムにBLACK LAGOON見つけたああ見る！,[USER] |ω・)ﾁﾗｯ.｡oO(ごゆっくりお楽しみください...!✨) YM,2305775,Sun Nov 12 23:48:45 +0000 2017,,,,
1219380,c52e478d155f116f10fb83858c74b9231004fd2e4a94b44f812db34afa2ec641,"[USER] still tricking  customers into signing up to Prime.  You'd get enough business, maybe more, if you stopped these shoddy practices.",[USER] If you were charged for Prime unexpectedly it can be canceled in Your Account: [URL] ^EP,1219378,Sun Oct 15 23:55:49 +0000 2017,,,,
566697,c5a16c23e26a123306d4b8fe8290fdc605feba68aef1f10956b7e347f33535c3,[USER] what is the point of a Prime membership if my “guaranteed fast shipping” ends up being this?? [URL],[USER] Oh no. Did you receive an email regarding the delay? ^BA,566694,Sun Dec 03 01:17:26 +0000 2017,,,,
2976445,81e165e2c3510491f8da9d7b187bf882e7fa876d65ac561913480b0219ae1c5d,"[USER] ""We cud nt dlvr as we cud nt cntact u on the phone."" U r fooling cstmrs, I clled 3 times AmzAgent([NUMBER]).","[USER] I understand you are concern about the order. Please contact our support team here: [URL] & we'll get this sorted. Also, please don't provide the contact details, we consider it to be personal info. Our page is visible to the public. ^SF",2976444,Thu Nov 30 03:06:31 +0000 2017,,,,
1216274,a173480f98165564fb464b564dd969d8dd1b87d4b9342b0ccb61201f25b4ee37,I was supposed to get a package almost a month ago & it still has not showed. Help! [USER] [USER] [USER] [USER],[USER] Oh no! Can you tell us if this was shipped from and sold by a third-party seller? Found here: [URL] ^AC,1216271,Wed Oct 25 17:12:24 +0000 2017,,,,
114424,dec18dd7a4120aeff82c5e721b4f5ca46711e9933765f349f2b7a23b92aa5553,"[USER] hemos pasado de recibir hoy un pedido,a que debería llegar mañana o el lunes (porque era lo establecido)a que llegue el próximo viernes,cualquiera se fía de Amazon,menos mal que su fuerte es la puntualidad.","[USER] ¡Hola Jose! Lamentamos los inconvenientes que estás teniendo con tu pedido. Podrías por favor indicarnos, ¿has recibido un correo electrónico indicando lo sucedido y el motivo del cambio de fecha de entrega? ^MZ",114423,Thu Nov 23 21:00:04 +0000 2017,,,,
676135,dec18dd7a4120aeff82c5e721b4f5ca46711e9933765f349f2b7a23b92aa5553,[USER] tengo un pedido que según vosotros me tenéis que entregar hoy y la empresa de transporte dice que no hay nada. Solución?,"[USER] Hola Jose Angel, lamentamos el inconveniente con la entrega del pedido. Sin brindar información personal o de tu cuenta, ¿podrías comentarnos si el producto fue vendido y enviado por Amazon o bien por un vendedor externo? ^FZ",676133,Thu Nov 23 11:19:42 +0000 2017,,,,
2915820,dec18dd7a4120aeff82c5e721b4f5ca46711e9933765f349f2b7a23b92aa5553,"Vaya cara más dura [USER] no te da opción de criticarles si no te ha llegado un pedido y han estado dándote largas 10 días,nunca más Estafazon.","[USER] Hola, Jose. Lamentamos mucho el inconveniente. ¿Nos podrías comentar si el pedido es vendido y enviado por Amazon o por un vendedor externo en nuestro sitio web? ^AA",2915818,Tue Nov 28 23:30:39 +0000 2017,,,,
2305319,f91677662ac1fdec917856cec3fa4b0f9e5d4abb6b2d71ccb0f0973c937ca14e,"Finally got my [USER] [USER] Pop! figure... but hey, uh, [USER], how does your shipper allow a collectable to leave the facility out like this? I appreciate the Sunday delivery, but this isn't a good look... [URL]",[USER] So sorry for the trouble! We're here to help! Have you had the chance to view available options here?: [URL] ^VB,2305317,Sun Nov 12 20:37:30 +0000 2017,,,,
398728,74d8a3c3f59ff7abc0640e395b4c52c259e966f28307301b2f56f81ca3dd1f23,Had to cancel three items before they over charge me again. [USER] #unhappycustomer,[USER] Hi Jennifer! You may be referring to authorizations. Read more on that here:[URL] We're here to help! ^SA,398727,Mon Oct 09 18:15:58 +0000 2017,,,,
522586,74d8a3c3f59ff7abc0640e395b4c52c259e966f28307301b2f56f81ca3dd1f23,[USER] I received my item extremely damaged and I’m not happy who can I contact about this?!? [URL],[USER] I'm sorry it arrived damaged! You can find the available options for the order here: [URL] ^SB,522584,Sat Dec 02 04:14:46 +0000 2017,,,,
151988,158fd37daa0577cc8f7afe590264a42e89cedf5544fe095c2b0ef04432726280,"getting some truly awful customer service from [USER] and [USER] today. 

i mean if someone pays a lot of money to buy a tv off you why would you want to try and ensure it actually makes it to them lol","[USER] I am very sorry to hear this Stephen. Can I ask for more details about your issue, without giving any sensitive account information, so we can assist you further.^GA",151987,Fri Nov 24 15:41:27 +0000 2017,,,,
434628,fd01c1aa25c242d90d8b89dde7431bff3f9aa159fbb198eda1265852626e8e0a,"Basketball shoes and stuff come packed in air pillows, but a ceramic sink? Nope that's robust.

Not quite, dear [USER] [URL]",[USER] Sorry about this damaged item. We'd like to help you. Please report this to our support team here: [URL] ^HD,434625,Tue Oct 10 15:49:42 +0000 2017,,,,
2471637,2bff67d1e32cf6464c3af6a831c06c58c7c853805aed10b3e766a294106cc134,"[USER] Can I return order # [ORDER_ID], in case I dont like the book, on the same date of delivery?? pls reply","[USER] We'll not be able to view your order details on social platform, Richa. If the order is for a book, and doesn't meet your expectations, you may create a return request, here: [URL]  (1/2) [USER] Please don’t provide your details as we consider them to be personal information. Our Twitter page is visible to public. (2/2)^YP","2471638,2471636",Wed Nov 15 11:43:58 +0000 2017,,,,
2845415,7bb5d9e2d8512c12fc81cd2d4a65fb61372bb67e22fdf542d5c4c1bb277421ad,[USER] need your help on a recent order,"[USER] No worries Greg, we are happy to help. Without providing any account details, can you let us know what's going on? ^CH",2845414,Mon Nov 27 17:54:39 +0000 2017,,,,
2405163,3c54494a425da79b34de281c092b4f253644ed350aee590d402f36607eb82308,"She’s not putting me through to a supervisor, is she? [USER] [USER] [USER] [URL]","[USER] Hi Rob, please keep us updated with the outcome of the call. ^PJ",2405162,Tue Nov 14 14:50:37 +0000 2017,,,,
1561500,036ca4e21ad63ff4d244ccdfb94e4eb99234043e377a05f82486ff0e1743150e,[USER] What is the point in being a prime member any more. Purchased for guarantee delivery today. Now just been notified Wednesday!!,[USER] I'm really sorry about the delay! ^AT,1561497,Sat Nov 04 09:31:34 +0000 2017,,,,
2514026,036ca4e21ad63ff4d244ccdfb94e4eb99234043e377a05f82486ff0e1743150e,[USER] Hi guys. Is there anyway to find if if you post to a specific address? I am away shortly and want to make drinks orders.,[USER] Hi. The best way is by going through the ordering process. ^DC,2514025,Mon Oct 30 07:53:58 +0000 2017,,,,
467426,716a813404a255862e41b2dc5e25a0021b1da3f45140f1b2dc9cd9055e32c73b,"I've been waiting for a package that's supposed to come in today all day from [USER], why pay for prime if it's not going to arrive in two days like expected 🙄",[USER] I'm really sorry your order hasn't arrived as expected! Can you tell me what carrier was used for this delivery? ^AH,467425,Fri Dec 01 05:28:56 +0000 2017,,,,
2312790,10f332e9f9bf15966142d77f70c008b9c7e14f640c84e3719c38ddbab581f88e,"[USER] Hi, I have been ordering the subscription style of bottles of water in JP Amazon.  Why you, Amazon, has been delaying the delivery these days, however, when I needed extra water, i could get them next day or so..","[USER] Hi, we can't see the cause of the delay via Twitter; please contact JP customer service at the following link: [URL] ^YM",2312788,Sun Nov 12 16:25:14 +0000 2017,,,,
533258,4ec8b6914988a5c43e88ee5b072436644294c37339659655c316a4660abd75c1,"Hey [USER] 
How to search English movies is Hindi audio on PrimeVideo","[USER] Hello, I understand your concern regarding the search option. However, we do not have that search option yet. Please stay tuned to [URL] for more updates. ^AH",533257,Sat Dec 02 11:15:45 +0000 2017,,,,
1396169,4ec8b6914988a5c43e88ee5b072436644294c37339659655c316a4660abd75c1,Hey [USER] [USER] I’m a prime customer & I’m trying to download The mentalist s01e21 ‘miss red’ but it says the following error [URL],[USER] That seems odd. I have flagged this internally. We will work on it and keep you posted. ^SU,1396168,Sat Oct 28 13:54:29 +0000 2017,,,,
2350920,ae87ca2f24f12437351e60a6b4968fae3dd22d583f9f4b2eb7caf32ff8e96418,"[USER] Bonjour possible de venir en priver svp.. gros problème ,!","[USER] Bonjour, vous pouvez nous envoyer un DM à tout moment, nous serions ravis de vous répondre.
^KE",2350919,Mon Nov 13 17:41:40 +0000 2017,,,,
2492238,0273b0a1d985c1c0e1b172ae805f7bede1d09482188a19f533986e33bf7eb37d,"[USER] [USER]
Came home to find my expensive order just left in front of my front door. No text or email to say it was delivered either. Just left for anyone to take. Don't think I'll be renewing prime this month 😕 [URL]","[USER] I'm sorry to see this, Neenee! When you have the time, please reach out to us here: [URL] so we can take a further look into this together. ^HC",2492237,Wed Nov 15 17:50:42 +0000 2017,,,,
885501,f2cf1b791d5834e903344a0f7a69d7fe0284134b4a98240f113899af75382d63,Eh wtf??!! [USER] [URL],"[USER] We're here to help! As long as no benefits have been used, you may cancel for a refund here: [URL] ^JE",885498,Fri Oct 13 17:12:11 +0000 2017,,,,
2226807,f2cf1b791d5834e903344a0f7a69d7fe0284134b4a98240f113899af75382d63,[USER] hi I've unsubscribed many times to Amazon tickets and I still get the emails every day- please help I don't want to have them!!,"[USER] Hi Seher, have you unsubscribed from emails directly from the Amazon Tickets website? If you log into your account and change your email preferences it should stop them - [URL] ^PJ",2226805,Fri Nov 10 08:54:01 +0000 2017,,,,
2950738,7a0ba43423b089d6c31a22921c92f5610613d573bb0a9e147778aadfe1bea526,"#breaking #opinion #maga #india #asia [USER] has been doing business across the globe adopting unethical practices extremely harming the sellers & buyers too! In India, [USER] has been practicing the same! And that's how [USER] is making money! [USER] [USER]",[USER] That's quite a comment. Could you please let us know what went wrong so that we can assist you better? ^MN,2950737,Wed Nov 29 17:18:10 +0000 2017,,,,
2587375,578e0a87227dcedda81b302a9b6b15cbd30cf1b364be9b541ccc94be8da5f5ba,[USER] hello I've sent a DM thanks,"[USER] Sorry for the delay, I had just replied to it. Thanks for letting us know. ^MG",2587374,Mon Oct 30 17:50:30 +0000 2017,,,,
2501973,f6bfbf6c618accac9d765ee0814b2f7f66f90fb9228513e196c68a524209f6c6,"Me he venido arriba y he hecho un pedido a [USER] que incluye #LaCiudadDeLasSombras de [USER] (por [USER]) y #LosChicosDelCalendario5 de [USER] (por [USER])

Que ganas de tenerlos y leerlos. [URL]",[USER] ¡Es tan emocionante cuando se hace un pedido! 😄😉 Esperamos que los disfrutes mucho. 📚 ^KS,2501972,Wed Nov 15 19:47:20 +0000 2017,,,,
2645598,0386d81cc12b3f3b293476142dab42f32757863b57300e87d50bb6af501f2b3e,[USER] ordered on Wednesday (Prime) and still not here! Where's my parcel 😫 [URL],[USER] Thanks for reaching out over Social Media. Please contact us here via phone or chat so we can look into this order with you: [URL] ^GG,2645596,Fri Nov 17 20:00:55 +0000 2017,,,,
1014822,7bfd3d3a4239651d2832fceb30304e4c65ae5f09ff994702ea7cbdea0d587db4,[USER] waited in for my amazon prime order all day and hasn't arrived yet? It says it would be delivered by 6pm. Help.,"[USER] I'm sorry for the wait. We deliver until 21:00 daily, 22:00 if Amazon Logistics is your courier. Let us know if not received ^AN",1014820,Sun Oct 22 18:45:07 +0000 2017,,,,
432917,b3861805a83eedfc1481d11d2d8b749a00c119aabd40a243026e965ab42b85d3,"[USER] may I know why were these orders cancelled ??????????
#AmazonGreatIndianFestival doesn’t seem that great to me! [USER] [URL]",[USER] All cancelled orders are followed by an email with further information and the reason for cancellation. ^MP (1/2) [USER] Kindly check your registered email address for more info. ^MP (2/2),"432918,432916",Tue Oct 10 15:37:51 +0000 2017,,,,
965220,319f05853a1affdddf1ea9386bb7b9b5279e4762a9e8965181ffcbdcad7bc88e,[USER] 2/2 i will not be charged at all come next month right?,[USER] We appreciate you reaching out. Info on canceling your Prime trial can be found here: [URL] ^GG,965218,Sat Oct 14 03:58:55 +0000 2017,,,,
971831,319f05853a1affdddf1ea9386bb7b9b5279e4762a9e8965181ffcbdcad7bc88e,[USER] is it possible to pay for Prime monthly,"[USER] Hi Mario, it is indeed! Please check details here: [URL] ^AT",971830,Sat Oct 14 06:13:18 +0000 2017,,,,
1122771,319f05853a1affdddf1ea9386bb7b9b5279e4762a9e8965181ffcbdcad7bc88e,Yay my Amazon order is out for delivery.,[USER] Hooray! 😁 Let us know when your order arrives! ^AB,1122770,Sun Oct 15 13:23:03 +0000 2017,,,,
2350854,319f05853a1affdddf1ea9386bb7b9b5279e4762a9e8965181ffcbdcad7bc88e,"[USER] your website says my package is arriving today by 8, but the tracking info don't say it's out for delivery.. Which is more accurate. I choose 2 day shipping.",[USER] Which carrier is delivering your package: [URL] ^NC,2350853,Mon Nov 13 17:32:23 +0000 2017,,,,
1521190,7dd05d58208d2dee3062a009ccc945f07a9a708456c5da8c3c790b2af1bb367e,[URL] #Amazon [USER] this plastic comb cannot cost more than 100 Rs.. really? [URL],"[USER] I see that it's a straightener and comb. Also, prices are set by sellers. Please refer to: [URL] ^VN",1521188,Fri Nov 03 16:51:18 +0000 2017,,,,
2657342,50c6c749df08fa968891d39305683ed75c9955ee56110a448d7235c53301df60,[USER] Hi. Ordered a [USER] lens via [USER] and [USER] lost it. The sender didn’t insure the package so I can’t make file a claim on it. What are my options?,"[USER] I'm sorry the package was lost. To clarify, was this item shipped and sold by a third-party seller or from Amazon? These details would be here: [URL] ^SJ",2657341,Sat Nov 18 20:52:58 +0000 2017,,,,
183247,271c95d4d60de85f71a7123928c0ee38c92051eb398a591d188a98b498b6c5c5,This is the same [USER] order that said 'Order now for delivery on the 4th!' listed under 'Prime' ... Arriving Saturday 7th now. [URL],[USER] Have you ordered from Amazon UK or Amazon IT? ^MC,183246,Wed Oct 04 11:19:07 +0000 2017,,,,
1207630,40e7c12b5192708e236e1e9712cb3e9aea63b501f304f15e55d4db85e432318e,This how amazon actually delivers premium watches in india. Waste of time and money [USER] [USER] [URL],"[USER] That's very disappointing, I'm really sorry. Please have this reported to our support team here: [URL] ^JC [USER] Please don’t provide your order details as we consider them to be personal info. Our Twitter page is visible to public. ^JC","1207631,1207629",Wed Oct 25 08:42:01 +0000 2017,,,,
75867,7d83e3ea4e3fce1e62b6fe415b4354044a0c7dca7718b20f4f6b403ed94fb7ca,[USER] Amazon delivery service was used to be top amongst others but it feel it is now changing... File complaint still delivery guys dnt care... [USER] take care of it is am afraid to lose u [URL],"[USER] I'm sorry for the experience with your delivery. However, we deliver the packages till 8pm. Hence, I request you to kindly wait till the mentioned time frame for the delivery. Keep us posted for any further issues. ^HS",75865,Thu Nov 30 11:32:15 +0000 2017,,,,
2602,8e7373090c1fc0a904d1482b6440ae83218c1545ea51b9e4769bad10893d5362,Rapidly losing faith in [USER] and their #esl CS ability to solve problems. No resolutions or follow ups.,"[USER] Sorry for the poor experience. Without giving any account information, could you tell us what's going on? We'd love top help! ^MH",2599,Tue Oct 31 19:21:37 +0000 2017,,,,
2419217,5e6274eb3a1f12f458791f9a98ddf09f2fd31072006e75f94da20c0f735c965b,"[USER], your customer service is failing. I just wasted an hour trying to order this. And when it goes to check out, it decides to add on $ [URL]",[USER] Sorry to hear this hasn't been working out for you. Has the deal ended? ^AP,2419215,Tue Nov 14 17:35:32 +0000 2017,,,,
1295033,5721bf33acc8a57f4893fde647103a42887949d0dd7deac191a5ad39d3a236e7,I WAS SUPPOSED TO BE REFUNED $72.80 SINCE TWO MONDAYS AGO AND HAVE YET TO GET IT [USER],"[USER] Janelle, I'm sorry you've been waiting so long! Have you received an email regarding your refund and how it was applied? ^SY",1295032,Thu Oct 26 20:38:21 +0000 2017,,,,
1820130,099744f5512507c4a751238a5635d96c075a179abf291b54f22155c3fd6341f7,hey [USER] what do you do when your packages come like this? return them? leave package feedback? [URL],"[USER] Hi, I am sorry to see this. You can certainly arrange a return or if applicable an exchange here:http:[URL] ^CR",1820127,Sun Oct 29 06:40:45 +0000 2017,,,,
1620697,f6bbda1f88338e914838d025c28d685268efe5dd4c8a5a6a9db19170483bd8d1,"Sorprendido con la rapidez de [USER]
Ayer hice el pedido y acaba de llegar, gracias por el servicio #AmazonPrimeMéxico [URL]",[USER] Hola Bryan. Estamos felices de saber que ya recibiste tu pedido. ¡Que lo disfrutes mucho! ^HC [URL],1620696,Sun Nov 05 16:22:23 +0000 2017,,,,
2686020,ac89a27dc0896acadfe1b004336955ccd9576d4910e94f47686bc7d6f4637ad8,[USER] y’all are killing me right now !!!!!! I’ve ordered 1 textbook from your website. Why is it telling me I can’t rent anything else,"[USER] We don't have access to your account through Twitter, however, you can contact us here:  [URL] ^EM",2686019,Tue Oct 31 17:21:05 +0000 2017,,,,
1599675,d89120302d86a8a7a26606354987ab5ca1ad972c16d91fee6be40f946d43de19,"Your delivery drivers are such a let down,what an unreliable joke Amazon is now [USER] [USER] #poorservice #badcustomerservice #poor","[USER] I'm sorry to hear this. Without posting account information, could you please tell me what happened? We'd like to help. ^GR",1599674,Sat Oct 28 22:07:35 +0000 2017,,,,
2234307,1c1c8471f8c31f051cada019ec7340e86de0adf6f9b9e49a1116e42b015fb619,"agora tem [USER] aqui, que maravilha 💸","[USER] Muito amor, né? <3 ^VL",2234306,Thu Oct 19 16:33:25 +0000 2017,,,,
1323491,2d3010822b4cc9f7a7f08b1b82fd435874f286a8f0f3ba0c2511394129d0dd2a,did [USER] say guaranteed to arrive the 26.10? well they didn't count in the lazy ass driver that never delivered the parcel YET,[USER] Apologies - has the tracking updated to say there was a delivery attempt yesterday ? ^TD,1323489,Fri Oct 27 10:19:48 +0000 2017,,,,
1325573,2d3010822b4cc9f7a7f08b1b82fd435874f286a8f0f3ba0c2511394129d0dd2a,"every time i talk with [USER] customer service i got an email asking for feedback, today after they lie to me they choose not to send it",[USER] Sorry to hear Mariano. How long ago were you in touch? W/o posting account info can you explain you issue in more detail? ^TP,1325568,Fri Oct 27 11:02:27 +0000 2017,,,,
1731567,4a6a98eb577891c1a22247739ee15a465be020cf6295c02a6a2f3a68e8945b3b,"Thanks [USER], now #baileybear is ready for [USER] season! #goorange 🍊 [URL]",[USER] #baileybear looks adorable! So happy we could help her be ready! :) ^RM,1731566,Tue Oct 17 18:28:44 +0000 2017,,,,
1601055,bc4ffa22db9c73d5bc89677c8237e5c80a349774ffd75122973f042611792646,[USER] Hi! I m a winner of a recent contest held by [USER] on twitter. Kindly update me abt my prize. #KaroMilkeTayari,"[USER] We'd like to take a closer look into this, please share your details on the link here: [URL] ^PS",1601053,Sun Nov 05 04:58:54 +0000 2017,,,,
1723326,bc4ffa22db9c73d5bc89677c8237e5c80a349774ffd75122973f042611792646,"[USER] The delivery may be delayed by a day due to the package arriving at an incorrect courier facility!
Y does dis happen all da tym?😡😤",[USER] We've sent the correspondence to your registered email ID. Kindly check it here: [URL] ^GK,1723325,Tue Nov 07 08:46:46 +0000 2017,,,,
2449402,bc4ffa22db9c73d5bc89677c8237e5c80a349774ffd75122973f042611792646,"[USER] Sumthing's gone wrong wid my [USER] app,no matter how many products i add to the cart, it shows zero. Kindly help.",[USER] I'm sorry for the trouble with the application. Could you try reinstalling the application? ^GK,2449400,Wed Nov 15 02:42:40 +0000 2017,,,,
2830760,a01311b79c7cdb246c1eb6d0bb8f744fb7f9d008757c9b7ffaa7b68098e42ab8,"[USER] hi there. I think I'm getting emails from someone claiming to be you but I think is spam, is there anywhere I could send them to check?","[USER] We appreciate you being alert! See if this information helps! [URL]
Never hesitate to get in touch with us and check! ^DJ",2830759,Mon Nov 27 12:48:16 +0000 2017,,,,
928354,fd931e78293cfad384135785b10477e73ed7c42dbefb8526c092efd3f9d006e7,[USER] I order only 1 product on Amazon on15th October now today is 21st October still I didn't get the order..... wtf,[USER] We have responded you here: [URL] Request you to check. ^NK,928353,Sat Oct 21 14:55:08 +0000 2017,,,,
210376,d0b0ec9b587aacda7ec77f5d80e565149287378b60096bc4e31e70741f010b21,[USER] Remember when your customer service used to be good?,"[USER] I'm sorry if you've had a poor experience. We're here to help! Without any account info, can you tell us what's going on? ^MB",210375,Wed Oct 04 18:40:06 +0000 2017,,,,
489525,467dae33d1d3e8086cbdb48951336b1b4f09445c491c29ae68e37ced3e0d1f1f,"[USER] primera vez que compro y muy satisfecho, todo perfecto👏👍","[USER] Hola, nos encanta saber que estás satisfecho con nuestro servicio. Deseamos que sigas comprando y aprovechando de todos los beneficios de nuestro sitio web. Que tengas un buen día.😉☺️",489524,Fri Dec 01 16:09:52 +0000 2017,,,,
369189,29914bf9207dc5b1c597002d0eb25091019c92ec25d623e3ef54058ab8665855,[USER] #BlackFriday 👩‍💻🛍 [URL],"[USER] ¡Hola Graciela! Cuéntanos ¿como te fue con esas compras inesperadas de Black Friday?, estamos un poco curiosos 😌. ^JL [URL]",369187,Sat Nov 25 04:57:04 +0000 2017,,,,
2081553,f49601a1fd8199d8599409dc352736ea35d1ab8ab849805bb77095505fa7df82,[USER]  I ordered curtains for Diwali by checking your delivery dates..at the last moment you delayed it.. disgusting,[USER] I'm sorry you've not received your order. We'd like to look into it. Please call us here: [URL],2081551,Thu Oct 19 02:49:00 +0000 2017,,,,
215156,d9cb1b38e42b1aa7d064ec67be64b7cf88b8752e9795bf6058b12cae4be00ac2,[USER] pathetic service.full flop show.a basic thing like invoice of a product is not available on your app.learn from [USER]. M suffrng,"[USER] That's strange, Vinod. You can print the invoice by following the steps mentioned here: [URL] ^MS",215155,Wed Oct 04 15:10:20 +0000 2017,,,,
432866,d9cb1b38e42b1aa7d064ec67be64b7cf88b8752e9795bf6058b12cae4be00ac2,[USER] your customer care executive told that he will mail me five days ago but till now I haven't received any mail regarding invoice.,"[USER] I'm sorry about the trouble with the invoice. We'd like to help, kindly share your details here: [URL] ^MA",432865,Tue Oct 10 15:57:00 +0000 2017,,,,
434553,d9cb1b38e42b1aa7d064ec67be64b7cf88b8752e9795bf6058b12cae4be00ac2,[USER] nothing.it shows no orders. Whereas u can check how many orders I have placed in last 6 months. What non sense is this!!! [URL],[USER] We've responded to your query here: [URL] Please check. ^MK,434552,Tue Oct 10 15:56:36 +0000 2017,,,,
2985453,d9cb1b38e42b1aa7d064ec67be64b7cf88b8752e9795bf6058b12cae4be00ac2,[USER] there are some agents who claim to be from Amazon and they are looting customers.do u all have any idea. I just experienced one. Is there something which can be done to stop it. It is spoiling Amazon's reputation.,"[USER] Thank you for flagging this to us, Vinod. We'll certainly like to look into this issue. Kindly report this to our support team here: [URL] and we'll get it sorted. ^SY",2985452,Thu Nov 30 06:44:57 +0000 2017,,,,
410490,edfd038fac0dd3acbf170ca97c26266e1be9dacb143786528f09051673d98832,"Hey Amazon, could you send me my shit please.  I paid for it to be delivered by wednesday and you haven't even bothered to PRINT A LABEL yet",[USER] Oh no! Have we missed the estimated delivery date given in the confirmation e-mail after the order was placed? ^TG,410489,Mon Oct 09 23:20:19 +0000 2017,,,,
877651,f2d36124f2e55534e4c03122abfbfcfb753543a0f97d659ed44c2530b43faf80,"[USER] I am waiting at home all day for it and you say ""delivery attempted""? Better say, your delivery exec was lazy! I called him twice [URL]","[USER] Apologies for the trouble with the delivery of your order, Prasanna. We'd like to take a closer look. 1/2 ^HD [USER] Please report this to our support team here: [URL] and we'll look into this. 2/2 ^HD","877652,877650",Fri Oct 20 18:18:46 +0000 2017,,,,
909548,f2d36124f2e55534e4c03122abfbfcfb753543a0f97d659ed44c2530b43faf80,"Promisd 2day delivery, aftr 3calls to CS and 2calls to delivry exec, still it's not even out fr delivry! [USER] [URL]",[USER] We're extremely sorry to hear about the delay with your order. We'd like to get this sorted right away. 1/3 ^RS [USER] Please fill this form: [URL] and we'll get back to you with an update on this soon. 2/3 ^RS [USER] Please don’t provide your order details as its personal information. Our Twitter page is visible to public. 3/3 ^RS,"909550,909549,909547",Sat Oct 21 05:23:57 +0000 2017,,,,
989550,f2d36124f2e55534e4c03122abfbfcfb753543a0f97d659ed44c2530b43faf80,What the heck? [USER]  I've been tweeting about it for last 3 days and atlast you put the blame on me?? [URL],"[USER] As this is a social media platform, we can't view your account/order details. (1/2)^HR [USER] Please reply to the email you received from our specialist team to assist you further. (2/2)^HR","989552,989551",Sun Oct 22 12:41:51 +0000 2017,,,,
2416612,149833ddbcee6f6465f40aa576ca0f6070c95b13bace3a198393ea01526df63e,[USER] worst ever experience I m facing with [USER] do the needful,"[USER] I'm sorry for any poor experience, could you tell us what went wrong? ^MJ",2416610,Sun Oct 29 09:11:22 +0000 2017,,,,
1267110,89afd97ac19f1d1ae94d884b1b16bd42c01414b85e773ae7a41256b5bddb935a,I love [USER] but in the past month I've had an order delivered somewhere in NJ instead of TN & was just forced to cancel another order 🙄,[USER] Oh no! Was the item sold & fulfilled by us or a third-party seller: [URL] Can you tell us more? ^TG,1267109,Thu Oct 26 12:51:41 +0000 2017,,,,
1288212,ee11935c658143072a839ae1dabfcd860846e1ede0e63d40f17f6d06674aafdd,S/O to [USER] [USER] for the great #customerservice in fixing my order issue.,[USER] Happy to hear this! Thanks for letting us know. Hope you have a great rest of your day! ^LI,1288211,Thu Oct 26 19:17:03 +0000 2017,,,,
128145,e3d670a71a91d182090c65ab5ce30f0c504026a9d501779590d8c4b3e2ed4dad,[USER] Why is there no email option for feedback? I have had nothing but frustration with your chat and phone options. My issue is not being addressed and I have wasted too much time trying to get my questions answered.,"[USER] I'm sorry for the poor experience! Please click this link: [URL] to send us feedback. Just select Non-order Related. Then use the drop down boxes to select ""other non-order topics and then ""give Amazon feedback."" ^EP",128143,Fri Nov 24 04:12:04 +0000 2017,,,,
2681326,76454ff6bb9a4cd4938275433585ea65276dc0b232f19f39e6f31046248f3f48,"Is Amazon allowed to put packages in our mailbox? It's not sent via usps, it's the Amazon carrier delivering the packages that have been put there. I didn't think that was legal? I mean it's better than the middle of the driveway, but..",[USER] I'm sorry for the trouble. We'd like to look at this for you. Please provide us your details here: [URL] ^MH,2681325,Tue Oct 31 15:58:11 +0000 2017,,,,
622598,b307d1b5f5f5252e26ac9d0e9fa8709b6efb2d2450f9b1657abbeea22a9b4143,"Sagt mal [USER], zählt das als Retoure wenn ich mir Paketband bei euch bestelle und das Stück für Stück bei meinen Rücksendungen an euch zurückschicke? 🤔😁","[USER] Wenn du damit andere Päckchen für uns zuklebst ja, sonst hätten wir das lieber am Stück zurück ;) Mal ganz davon abgesehen, die Päckchen sollen zu dir, nicht zu uns! ^AN",622597,Wed Nov 22 17:27:56 +0000 2017,,,,
1209451,b307d1b5f5f5252e26ac9d0e9fa8709b6efb2d2450f9b1657abbeea22a9b4143,Oh ei  Schnäppchen. [USER] [URL],"[USER] Oh, gleich zugreifen :D Danke für den Hinweis, ich geb das weiter :) ^MF",1209450,Wed Oct 25 10:58:43 +0000 2017,,,,
2435003,b307d1b5f5f5252e26ac9d0e9fa8709b6efb2d2450f9b1657abbeea22a9b4143,"Mhm... nein, ich glaube nicht. [USER] [URL]","[USER] Hi, hast du dich schon bei uns gemeldet? Wie bist du mit uns verblieben? Gruß ^MI",2435002,Sat Nov 18 16:10:49 +0000 2017,,,,
1533731,fdff4eb506e68c35cbce8c19da54e5f456566789e3c8fae13c2913f5a618a9e4,"3 packages delivered to me from [USER] for three different recipients, none of them mine no customer service # [URL]",[USER] Oh no! We can be contacted via phone here to look into available pick up options: [URL] ^ML,1533730,Fri Nov 03 23:24:02 +0000 2017,,,,
858728,d51aed5f3f01b4feffa6b6ca47f217cc61ab33c4a3583a1f4670624c457c0e96,"[USER] bought an e-book a few years ago, now realize it's part of a box set. any way we can do a partial refund/swap? DM me with Q's",[USER] Kindle books can only be returned within 7 days of purchase. You can find more details here: [URL] ^JF,858726,Fri Oct 13 13:47:15 +0000 2017,,,,
517564,1792739362fe69b4d3e7190e673a8e4e2b2216e94f9ff5c3f853c39cac96e0e5,"昨日Amazonにポチった調味料が早速届いた⭐︎さすがプライム(￣∀￣)✨
リエゾーCookingに欠かせない調味料❣️調味料Love💖 [URL]",[USER] |ω・)ﾁﾗｯ.｡oO(Amazonをご利用いただき、ありがとうございます！✨) YM,517563,Sat Dec 02 01:34:05 +0000 2017,,,,
218089,2f35695221ea42f84e320996f30385c74c1af84c33aa9cb8ec4a17b62166c2ff,"If you have problems with your [USER] same day delivery, [USER] might be involved. LMAO. [URL]",[USER] Hi! Are you currently experiencing an issue with an order? We'd like to help! ^WT,218088,Wed Oct 04 22:47:06 +0000 2017,,,,
355601,7d2549f674e9d02e3b2c08cbabeb197020317a1703fa7923d7bfa336334b397c,Somehow in the Evening I had received another Text Massage from Amazon that my Phone pickup was cancelled due to customer refuse to Return.,[USER] We value your time. We are working on your issue and will resolve it at the earliest. ^CB,355597,Sun Oct 08 13:00:08 +0000 2017,,,,
921735,a7e94f045ade782236856406aa2933637dfecd69b7e608e3b9db7fdd2c82d30a,Payer des frais de port pour ne pas être livré. [USER] revoyez les vieilles entreprises de livraisons avec lesquelles vs collaborez ! 😠,"[USER] Bonsoir, avez-vous une commande en retard ? ^ Ko",921734,Fri Oct 13 21:11:32 +0000 2017,,,,
1767518,a7e94f045ade782236856406aa2933637dfecd69b7e608e3b9db7fdd2c82d30a,[USER] [USER] Bonjour je n'ai jamais vu la trace de mon colis. Je demande a être remboursé svp !,"[USER] Bonsoir, je suis désolée d'apprendre cela. Nous tenons à regarder de plus près ce qui s’est passé et vous aider. Lorsque 1/2 [USER] vous avez le temps, s’il vous plaît contactez-nous ici: [URL]","1767519,1767517",Tue Nov 07 22:08:52 +0000 2017,,,,
2154042,cd8db823fb88e0e5e9172284c52cc3916e2261d4927187a67a087b7589c9175b,"[USER] Bonjour, j'ai une commande censée arriver vendredi qui a été replanifiée à aujourd'hui et qui n'est toujours pas partie du site du transporteur, on peut m'expliquer svp ? Je commence à avoir du mal à voir l'intérêt d'être abonné Prime...","[USER] Bonjour, navrée pour cela. L'avez-vous signalé à notre SAV je vous prie ? ^MA",2154041,Mon Nov 20 15:56:57 +0000 2017,,,,
350982,695691ba12e5944c511c10b17cce5f56db8610fa801bd108bb5045492762e77e,[USER] why does using multiroom disconnect my echoes from the Bluetooth devices?,"[USER] Hi, sorry to hear that. Please contact us here: [URL] so an agent can look into this for you. ^JJ",350980,Sun Oct 08 10:17:24 +0000 2017,,,,
1513296,a1bbb99fdaf8cda010a489a4fe7508d98935c39cb2b61d367969357b10657b47,[USER] I will never buy any product from Amazon.didn't deliver product on time.and showing attitude in customer service #boycott,[USER] That's quite a remark. Please fill this form: [URL] and we’ll contact you soon. ^SS,1513295,Fri Nov 03 17:48:37 +0000 2017,,,,
436905,9df41134d2eb34938c3da8eeb90c2d337273bc7ed70e405b40a5ef6930474d50,[USER] My daughter's account has been hacked and when she called she was told sopmeone would respond within 2-3 days? How is this ok?,[USER] Oh no! I'm sorry for the troubles with your daughter's account! Let's investigate! Which Amazon site does she order from? ^FR,436904,Tue Oct 10 17:13:30 +0000 2017,,,,
1616373,7041b1b9e6e47f7fc7a09a8ee7dbf5dc05a4f86abca78e2c8ba71d2250fe62c0,Lets see if they deliver today... Impressive though [USER] [URL],"[USER] Deliveries are attempted until 8 pm. Kindly wait till then. Do keep us posted. Also, please don't provide your order details, we consider it personal information. Our Twitter page is visible to the public. ^AK",1616372,Sat Nov 25 12:49:11 +0000 2017,,,,
1710436,259761a22bf0d8b2f6f0eef657571787161f4940403223b25f20ad5f0ca10080,[USER] u guys r slow af,"[USER] I'm sorry to hear this, Brandon! Are you having issues with a recent order? ^HC",1710435,Tue Oct 17 17:50:39 +0000 2017,,,,
2940201,ad988454678565d60fe90becdfcaa2e7bb2d68837cdf1a66e7e6147c0debe85e,[USER] [USER] please do not use ups to ship anything my house  [USER] [USER]  last 4 delivery they been miss delivering or now delivering wrong packages,[USER] We do not have an option to not use a particular carrier. Are you currently waiting on an order that we can help you with? ^MI,2940200,Wed Nov 29 13:32:42 +0000 2017,,,,
474185,d20352b27f8ad75d87098f606745d110c0b80d023a8added878b5442bab7c128,[USER] Please verify your offers. The advertisement says that for a minimum cart value of nivea products should be 200 or more but your steps says it has to reach minimum of 299. [URL],[USER] Thank you for flagging this. We'll have this issue checked internally. We'll get it rectified at the earliest. ^BV,474184,Fri Dec 01 09:49:40 +0000 2017,,,,
2600214,53ebcba1f9da50478920fda79ed57ad18d3da281db88f1fac12252273106bd54,"Jungs, ich denke [USER] hat gerade Probleme. Wir sollten für Englisch bis heute 1 Buch kaufen und 8 Leute sagen es ist LEIDER noch nicht angekommen. :D","[USER] Das sollte nicht passieren. Meldet euch bitte im Kundenservice, damit wir der Sache nachgehen können: [URL] Aus Datenschutzgründen können wir jeweils nur dem Kontoinhaber Auskunft geben, der die Bestellung aufgegeben hat. Viele Grüße ^UK",2600213,Fri Nov 17 06:50:09 +0000 2017,,,,
2364705,d38919dd5dad0fba8f2ee9243a15a2262301e9ae67501fd305752f492d518e53,"Update on the [USER] thing from Saturday. It WAS delivered to the office. They said the guy claimed I wasn't home when I was home all day. they usually just leave it at my doorstep, regardless, so I presume the guy delivering it was new.","[USER] Thanks for the update. I'm glad the package was found. If you need any further assistance, please let us know. ^BH",2364703,Mon Nov 13 22:09:09 +0000 2017,,,,
1260462,22f3ec5406c247601730f5d745de62bd2da6d22ef37525f6fe1836c20a0e24ac,What the hell is going on [USER]? Brand new book dispatched within 1 to 2 months? And it's not available at [USER] either... [URL],"[USER] Hi, we provide an estimate depending on how long it takes us to source stock: [URL] ^JJ",1260461,Thu Oct 26 10:00:48 +0000 2017,,,,
442799,349678669361f0cb3f6d1fefdc9307fb2bb8bbd3e7cd29a256bb1a1c204dd93e,"[USER] Bonjour. Ma commande [ORDER_ID] est toujours bloquée et je n'ai aucune information de votre part. A la base, je devais la recevoir fin octobre ! A quoi dois-je m'attendre ? Pourquoi laissez vous vos clients sans informations ? Cdlt","[USER] Bonjour, pour des raisons de sécurité veuillez supprimer le numéro de la commande je vous prie. Avez-vous contacté notre SAV afin de vérifier cela pour vous? ^ARC",442798,Wed Nov 22 08:47:08 +0000 2017,,,,
2388027,3f98f045847ece014138bcf07a29d52dc5a92e152cc5c5bf59c92d0b6661a48b,"[USER] I ordered several graphics cards from you back in June and July. They are in stock, so why can't you complete my order?","[USER] Hi Shaun, I'm sorry to hear there is a problem with your order. We can't look into your orders here. Please contact us to look into this further for you: [URL] ^KK",2388026,Tue Nov 14 07:33:56 +0000 2017,,,,
1279627,d6b619d3ff096b327092d4c46ed1df4276d547c6c4b5f5186be98387b34682e6,[USER] vergognatevi. E cambiate corriere.,[USER] Hai riscontrato un problema con un tuo ordine? Potresti darci maggiori dettagli? ^PS,1279624,Mon Oct 16 08:39:12 +0000 2017,,,,
387516,d2a228a41af3e69fffd00e8e56d4dc4e5feed186242b90ecb143242287652ff7,"bruh now amazon prime took the monthly fee outta my bank account & i have one month amazon prime, loool!","[USER] I'm sorry! If no benefits have been used, canceling issues a full refund. You can do so here: [URL] ^JZ",387514,Mon Oct 09 13:11:30 +0000 2017,,,,
573523,bd14747246c9d5c2b901982d5dd8d7f85e227ed992b23c4d817c83ca0100b82a,[USER] Made two attempts to watch #MrsMaisel episode 2. Twice I was bounced back to the [USER] hospital me screen after maybe 10 seconds.,[USER] We'd like to help. Let's try some of these troubleshooting here: [URL] and let us know if the issue continues. ^GG,573522,Sun Dec 03 05:52:44 +0000 2017,,,,
1223299,dc27bd2f0de1ef59c3c8353cbe5d43fb4178f795d8c26ccf775b428a508b6e11,[USER] Placed order 5th Oct. Due between 23rd Oct - 2nd Nov and still NOT dispatched? Ridiculous 😠,[USER] Was this sold directly by Amazon or by a third party seller? ^PK,1223298,Thu Nov 02 11:32:03 +0000 2017,,,,
1015479,3fbf00b9b444635501530171c563dd8003e03adf0c3e74ec3440cc853e933583,"[USER] 2nd try for a response, this morning. [URL]",[USER] Sorry about the delay. Was there a failed delivery attempt according to the tracking: [URL] ^CJ,1015477,Sun Feb 26 08:48:38 +0000 2017,,,,
992913,8ee6ed1d8d57676a6c0d84e9f9c662195cd5b38ef08bea5a0dd5b8eddaca5e85,[USER] I still haven't rec'd my parcel which was supposed to b delivered today. [URL],"[USER] Truly sorry, Shahbaz. Please report this to our support team here: [URL] and we’ll help you. 1/2 ^NK [USER] Please don't provide your order details, as we consider it to be personal information. Our Twitter page is public.​ 2/2 ^NK","992914,992912",Sun Oct 22 13:38:00 +0000 2017,,,,
2269274,8ee6ed1d8d57676a6c0d84e9f9c662195cd5b38ef08bea5a0dd5b8eddaca5e85,[USER] do you only deliver defective products? Happened second time🙄 [URL],[USER] We never intended to let this happen. Please report it to our support team here: [URL] we'll check and get back to you to help. ^SC,2269273,Sat Nov 11 10:07:23 +0000 2017,,,,
737199,d8945dd7c65e8d53734be5725ea6a813e54c3a3c95018a896f79486ac1568fd2,[USER] Garbage quality services given by Amazon,"[USER] That's quite a comment, Rohit. Could you please elaborate on the issue? ^PB",737198,Wed Oct 11 12:07:45 +0000 2017,,,,
153684,b9eb2b42b66524a6f32c41dd8e6cad14ad97d3fbbf537e541b2c482d191d1bc9,UPS qui livre mon colis dans la boîte aux lettres alors qu'il y a 5 personnes présentes et qu'il pleut.... Cc [USER] [USER],"[USER] Bonsoir, vraiment désolé d'apprendre cela. Le colis est-il intact ? ^KD",153682,Fri Nov 24 16:22:15 +0000 2017,,,,
686654,aa3245a1b905fad1185c94ce29c4363232f71f8557700a5afc6ea4f9c5c4e226,"[USER] I’m trying to use your GIFTBOOK2017 code. I’ve added 2 books, each about $17.50, to my cart. Both show Prime shipping, but it’s not taking the code. Help?",[USER] Are you getting an error message? Where are you seeing the promotion on the website?^CD,686651,Thu Nov 23 13:36:38 +0000 2017,,,,
99854,d8342618f2802d9f1a44ddf89502bae5b912a11d90f58fcd7d6f68398984e426,"[USER] Pedido hecho el día 24. Fecha prevista en ese momento, martes 28 (teniendo premium). Martes nada y pone que miercoles 29 se entregará. Estamos a 30 y sigue poniendo que entrega prevista ayer. Y en la web de [USER] pone estado ""Paso por plataforma"". Que verguenza","[USER] Hola, lamentamos el contratiempo con la entrega de tu paquete. ¿Podrías comentarnos si has contactado con compañía de transportes para verificar lo que ha sucedido? ^AA",99853,Thu Nov 30 17:06:50 +0000 2017,,,,
595698,d8342618f2802d9f1a44ddf89502bae5b912a11d90f58fcd7d6f68398984e426,"[USER] Por que seguís operando con MRW? Llaman a medio día diciendo que han venido y que han intentado entregar un paquete, que tendrían que haber entregado hace 5 días, pero que no había nadie, cosa que es completamente falsa. Pago Premium para que se rían de mi o que?","[USER] Hola. Lamentamos lo sucedido. ¿Podrías informanos, si tu pedido es vendido y gestionado por Amazon o por un vendedor externo de nuestro sitio web?  ^HC",595697,Sun Dec 03 18:53:49 +0000 2017,,,,
649678,d8342618f2802d9f1a44ddf89502bae5b912a11d90f58fcd7d6f68398984e426,"A ver [USER] . Compro el vinilo de Sia el jueves pasado y hoy, casi 1 semana después, todavía no se ha enviado? Ponía entrega hoy o mañana (teniendo premium) y eso no se va a cumplir. Que bien últimamente","[USER] ¡Hola! Sentimos los inconvenientes con tu pedido. Sin compartir información personal ni confidencial, ¿Podrías indicarnos si el producto es vendido directamente por Amazon o si ha sido vendido por un vendedor externo?  ^PC",649676,Wed Nov 22 21:08:19 +0000 2017,,,,
152050,c849467082484dc08e8c8811301d9e28054ebbfab025f1ab97daf20ab5dd218b,"[USER] Just curious about something. I bought a few books off amazon using Debit card. Now if I were to cancel the order, will that amount be refunded back to my bank account or transferred to my amazon pay balance?","[USER] As you informed us that you've used your debit card, the refund will be processed to the bank with which your debit card is associated to. Do let us know for any further query.^AM",152049,Fri Nov 24 15:41:02 +0000 2017,,,,
1438197,ac37d74cd1a95d05efbb05a78e4913afa6a76b0af60b635444af23637af01c33,[USER]: Can you pls advise how many days you will take to deliver Order [ORDER_ID]. Its been around 10 days &m still waiting😡,[USER] I'm sorry about the delay. Kindly share your details here: [URL] and I'll look into this. ^SG(1/2) [USER] Please don’t provide your order details as we consider them to be personal info. Our page is visible to public. ^SG(2/2),"1438198,1438196",Thu Nov 02 10:22:39 +0000 2017,,,,
1486198,ac37d74cd1a95d05efbb05a78e4913afa6a76b0af60b635444af23637af01c33,I am still waiting for my Product and your delivery boy is denied to deliver the parcel . Can you pls fix this Issue .😡😡😡😡 [URL],[USER] I get your disappointment and I'm sorry for the stretch. We are working on it and we'll get back to you at the earliest ^SC,1486197,Fri Nov 03 04:02:33 +0000 2017,,,,
281153,c4869ea8169d601e64f30890332304a99b3b58f646663d2e8e13e30111314163,"[USER] I received a very bad quality product, i want a refund and amazon guy is saying he cant help me.. Order no: [ORDER_ID]","[USER] That's sad to hear about the quality you received from our website. Let me investigate this further. (1/2) ^VM [USER] Please drop your details here: [URL] and we'll reach out to you. ^VM [USER] Please don’t provide your order details, we consider them as personal information. Our Twitter page is visible to public. ^VM","281155,281154,281152",Fri Oct 06 10:43:40 +0000 2017,,,,
2926374,f6a0c0e72f5202456d0fe060f33f2e5dff23b20449a500b3e2eaeba55daf1078,[USER] what has happened to your delivery system? Second order in a row delayed and off in the ozone.  Tracking ID TBA570988779000  - - faster to order from JC Penny! Sucky service twice in a row. Massive Fail.,"[USER] So sorry for the trouble! We'd love to help out! Since we are unable to access accounts on Twitter, could you tell us if you have received an updated delivery date for your order? You can find this information in your order tracking here: [URL] ^VB",2926373,Wed Nov 29 03:53:55 +0000 2017,,,,
2928391,f6a0c0e72f5202456d0fe060f33f2e5dff23b20449a500b3e2eaeba55daf1078,"#Amazon slowing down? Two packages in a row with late delivery, and one that wasn’t delivered at all. Is this system breaking down?","[USER] I'm so sorry to hear this! Were you able to report late deliveries with us directly? If so, what insight provided to you? ^LH",2928390,Wed Nov 29 05:27:38 +0000 2017,,,,
2981847,f6a0c0e72f5202456d0fe060f33f2e5dff23b20449a500b3e2eaeba55daf1078,"[USER] what the f*(k is going on with your delivery process? STILL NOT HERE!
Tracking ID TBA570988779000
Wed, 11/ 29
3:30 PM
Out for delivery
Portland, US
8:03 AM
Out for delivery
Portland, US
Tuesday, 11/28
10:52 AM
Package arrived at a carrier facility
Portland, US]",[USER] I'm sorry for the ongoing trouble with this! I'd like to have a member of our team investigate this. Please send us the order and tracking numbers here: [URL] ^SB,2981846,Thu Nov 30 05:19:37 +0000 2017,,,,
2983699,f6a0c0e72f5202456d0fe060f33f2e5dff23b20449a500b3e2eaeba55daf1078,"Hey is it just me, or are #Amazon #UPS and #FedEx all melting down? All shipments are either delayed or lost. My god! I may have to go back to retail stores to get my goods on time!","[USER] Hello! I'm so sorry for the wait. Without revealing any personal account information, will you give us more details about the current issue? We're here to help. ^LH",2983698,Thu Nov 30 05:32:38 +0000 2017,,,,
1626687,29808c41e478de10578e81ba6e84890ed4bb8f10aa3da425c041f169768f26a9,"WORST EXP EVER!  
[USER] I thought U wud handle these things better. SHAME ON YOU! 
Ltd Chars. on twitter hence explained in screenshots🤬 [URL]",[USER] Apologies for the hassle. Please place a new order as this one is returning to us. I'll surely pass on your feedback. ^HN,1626688,Tue Oct 31 09:53:01 +0000 2017,,,,
2895877,4e560db9835e26a919b8488e57e4e3182a3f4312afa8e400954c7ce3a9647924,This is getting out of hand now [USER] your delivery drivers don't give a fuck. Update your fucking GEOCODES already. It's been 3 months and you still can't find my address. [URL],[USER] Thank you for contacting us. I am so sorry we have been unable to deliver your package. We are here to help! Please provide your info here: [URL] so we can look into this further. ^SC,2895876,Tue Nov 28 16:36:01 +0000 2017,,,,
1265730,efd794909f5d5612967ec3f8097c96e6723ef7b44ce3c13c2828a335f68205bd,[USER] should I be worried about the guarantee- the package did not arrive :( [URL],[USER] I'm sorry for the delay! What does the most recent tracking show? You can view it here: [URL] ^TK,1265729,Thu Oct 26 12:27:02 +0000 2017,,,,
1263951,c81725c83dc41fd2b8f1115f76528403b23de432d4795fd9010502bd4d2dcbb5,"[USER] Disappointed that no Kannada or malayalam content not available, it's been almost a year since prime video launch.","[USER] Regional languages are an integral part of our content in India, stay tuned as we add more subtitle and audio languages. ^MS",1263949,Thu Oct 26 11:46:30 +0000 2017,,,,
1340641,e92813c78ea0e1fcd0b33cb7d896a1ad22c56cb75e53f9047ead4099121e0748,[USER] À L'AIDE,"[USER] Bonjour, comment pouvons-nous vous aider ? 
^KE",1340638,Fri Oct 27 15:31:15 +0000 2017,,,,
1340664,e92813c78ea0e1fcd0b33cb7d896a1ad22c56cb75e53f9047ead4099121e0748,[USER] svp répondez à mon dm :(,[USER] D'accord!,1340663,Fri Oct 27 15:27:31 +0000 2017,,,,
1340697,e92813c78ea0e1fcd0b33cb7d896a1ad22c56cb75e53f9047ead4099121e0748,[USER] AU SECOURS,"[USER] Bonjour, en quoi puis-je vous aider s'il vous plaît? ^SB",1340695,Fri Oct 27 15:31:19 +0000 2017,,,,
2987675,a523527f90a48fe2892186e50d3a60478a93b8623e5199f1fd9ccc4c21a1bf47,[USER] [USER] [USER] got my #OnePlus5T at 8:45am. Thanks [USER] for fulfilling the order fast. #AmazonPrime [URL],[USER] Woohoo! That's awesome! Hope you love the phone. ^JS,2987673,Wed Nov 22 03:29:16 +0000 2017,,,,
1618363,b6b5f1d00759ca5e08b11669bf480d5a6e0688c6f11a402f24846ca58acb92c6,[USER] I pay PRIME and in two days you DON'T 4 out of five of my items?! Change your delivery services! #PoorService [USER],[USER] Sorry for the delay. Where yu given a reason for it? ^RS,1618361,Sun Nov 05 14:46:41 +0000 2017,,,,
1290378,287ecc9f3145650e5d69360ca46b1a26613bbecc48df0e99c05fdd665f4c3b3e,[USER] i tried amazon prime now in Madrid for fresh groceries. Hope you guys include more ORGANICS soon.  [URL],[USER] Hi! Thank you for your comments Fruit Recruit. Our customers ideas are very important to us. ^JJ,1290377,Thu Oct 26 20:17:47 +0000 2017,,,,
2926338,812d760daac4c3e3d2712e38140fbfdd94f7628ae7cc7d0454f3454f9949199e,[USER] Why would you try try to deliver a package to a business address after normal business hours 2 days in a row? Couldn't the driver have noted our business hours the first time?,"[USER] Oh no! I'm so sorry to hear your package was attempted after business hours. We'd like to look into this with you, and check available options. Please reach us by phone here: [URL] ^LH",2926337,Wed Nov 29 03:53:43 +0000 2017,,,,
274639,6b51e77eb1b08f8d6811f1951b495f8289f369560809821671ece94dae92731b,Got a message saying I’ve received and signed for my delivery even though I haven’t [USER]?,"[USER] That's strange, Lord. Have you escalated this to out support team here: [URL] We will look into it. ^SB",274637,Fri Oct 06 05:47:04 +0000 2017,,,,
780857,df5d275c289c4b3c849f2b94d2f02572d24e941cb7ffa37f1cb9b38993f520aa,[USER] was stimmt da mit euren Prime Lieferungen nicht? Immer öfter kommen die verspätet an. 😕 [URL],"[USER] Oje, tut mir leid. Du kannst dich gerne melden: [URL] Liebe Grüße ^TG",780856,Thu Oct 12 06:15:44 +0000 2017,,,,
328716,d162ca6b702f76baced385e62e2915370c7afd108a5a60ac4710936b77c31f35,[USER] hey guys how can I change the default Kindle device ? I have a couple of devices in my account and it annoying each and every time to change the device. I want to set one I use more frequently as a default one to send the sample or purchased books directly,[USER] I understand your concern. Please report this to our support team here: [URL] They'll assist you further. ^JS,328715,Sat Nov 25 04:11:34 +0000 2017,,,,
2178573,d162ca6b702f76baced385e62e2915370c7afd108a5a60ac4710936b77c31f35,[USER] [USER] when will Amazon music be available for prime members in India ? Eagerly waiting for it,[USER] We currently do not have any announcements regarding this. Please stay tuned for updates. ^ZH,2178572,Sun Oct 29 04:29:15 +0000 2017,,,,
1397247,f7271c616702f6d73cbffc54f46c6d9511690608e25c99753a03838400c7f511,[USER] why do I pay for prime if it doesn't ship in 2 days? Ordered thurs will receive tues...this happens more frequently now,[USER] Two-Day Shipping refers to the transit time after the item ships. Have we missed a delivery date provided at checkout? ^GR,1397245,Sat Oct 28 15:27:30 +0000 2017,,,,
2477370,d47986292c7a142bfa5c52bb5d1eac7a4d2c4168fe7a386f11b1a2a9a2c3a82e,[USER] great bit of packaging for a small watch for my mates delivery 😂 [URL],"[USER] I am sorry to hear this Sarah, can I ask for you to leave feedback through the following link please: [URL] Thanks. ^GA",2477368,Wed Nov 15 14:38:09 +0000 2017,,,,
2818567,c88e28796c2904c585a5a723b4b405d306e38b89e1d4c718205b4c7fc9b5197a,I fucking hate amazon for delivering my package to my neighbors house and my dumbfuck neighbors signed for it and it doesn’t even have their name on it and now I have to wait till the morning to go knocky knock on their fucking door to ask for it,"[USER] I'm very sorry to hear you didn't receive your delivery. If you're unable to locate it tomorrow, please reach out to us directly here for available options: [URL] ^SY",2818566,Mon Nov 27 04:46:42 +0000 2017,,,,
1741023,dc66338423b49e716d50e03d0d74c3add50ddfc43d6cbbe0673219a90ffc8e45,I thought getting transfer by phone was not phone but have you ever had a chat with [USER] 😭😭 10 transfers and still no one can help😭😭,"[USER] I'm sorry for the runaround, Solveig! Without providing personal/account details, can you let us know what's going on? ^FD",1741022,Tue Nov 07 17:10:02 +0000 2017,,,,
843547,a1587cbca10ed804bd93a42ed159beeeb5dce64d36dcc960ddbb655cdba9ba4a,I think [USER] is broken? Next day/ 1 day delivery does not mean Monday if I order on Friday [URL],[USER] Hey. Next day delivery is calculated from when an order dispatches. Check out here for more info : [URL] ^TP,843546,Sat Nov 25 09:52:25 +0000 2017,,,,
2768977,856717c9894497c5039099439c8e80815f86162829b5a1f0872dcc96c8f869d7,"[USER] 2/2 j'ai demandé à [USER] de ne plus envoyer mes commandes via DPD, ce qui veut dire qu'il vont éviter de faire appel à vous.
PS: Le dépot de courcelles en Belgique pose des problèmes à la majorité des clients.[URL] Allez voir les avis google!!!!","[USER] Bonjour, je suis sincèrement désolée pour cela. Rencontrez-vous un retard sur une livraison en cours ? ^SB",2768976,Tue Nov 21 12:11:28 +0000 2017,,,,
2816296,1702b70aacb80c1d1307676077bc0958200db71e69903a37ef158410e2f1f36b,"Dear [USER] 

😂😂😂 Thanks for making my day. [URL]",[USER] We try to meet the expectations of our customers and comments can help us do so. Please use the following page to send us feedback on this as it is very much appreciated: [URL] ^DO,2816295,Mon Nov 27 03:37:49 +0000 2017,,,,
1894111,3d68cd06523d5ab98a0fc89422c9da74858da1ba303af375522b6aee03ca619f,Vor nun einem Monat eine leicht überfällige Rechnung bei [USER] beglichen. Wie lange dauert es da wohl noch bis das Konto wieder frei ist? Hab keinen Bock mit so vielen einzelnen zu handeln.,[USER] Über die Freischaltung deines Kundenkontos wirst du automatisch per E-Mail informiert. Über Twitter haben wir keinen Einblick in dein Kundenkonto. Du kannst dein Anliegen aber gern durch die Kollegen im Kundenservice prüfen lassen: [URL] ^DS,1894110,Sun Nov 26 08:37:22 +0000 2017,,,,
2361851,68caa41e78e1e76fd913cc9dfed8c80ca9c35e8f7b70297d3ae9e7f12ec1bec7,"[USER] I'm trying to return a product and scheduled a pickup with UPS. when UPS person comes for the pick up, they just knocked the door of my building and left. How will I know that person has come for the pickup when I'm staying at the 1st floor? Can't they give me a call?",[USER] We're unable to access account information via Twitter. Please contact us directly here: [URL] ^JF,2361850,Mon Nov 13 20:58:29 +0000 2017,,,,
224406,5a00ed8486852ed61e3232defc67e711c6533ee3de7864152d898c47a3d77b01,"[USER] I purchased a video from you, and it was not the version I expected at all, and I'm hoping for a refund, unclear how to pursue.",[USER] Please get in touch with us here:  [URL] ^CD,224405,Thu Oct 05 04:30:35 +0000 2017,,,,
2813505,a32542d3b755a77b83cf7936cce792d323ac4ec8d37dd698f20ce779b20d1052,So my case was suppose to be delivered today but [USER] changed it at the last minute to tomorrow or Wednesday I'm just asking y'all pray I don't drop this class phone🙏😬 #iPhone8Plus #allglass,[USER] I'm so sorry your delivery date was changed! I know how frustrating it is to have a new phone and no case! Please let us know if you don't receive it by Wednesday. ^AR,2813504,Mon Nov 27 01:58:59 +0000 2017,,,,
1585270,a6193174f7c3ad70ad2a3643436dde885f01ed24b0b0c6875e05525a0fdc5b66,[USER] this is disgusting! I opened my order from you to find a used food wrapper in the package!!! [URL],[USER] I'm terribly sorry to see this was in your order! Please call/chat with us so we can investigate: [URL] ^MB,1585269,Sat Nov 04 20:57:56 +0000 2017,,,,
887895,0eb07cbd5dc3397f70ef86bba1f8d0fe51ff962efb26b521fb5499936169c11c,Disappointed and pathetic response from CS team.  Never had this kind of horrible experience [USER] [URL],[USER] I'm sorry about the situation. Kindly share your details here: [URL] and I'll look into this. ^SG,887893,Fri Oct 13 17:15:48 +0000 2017,,,,
1137277,551867738a87eb3cca48cf85e612abe50da1e0bf7483be665bcada4e521bfa2f,"[USER] confirms order, an hour later cancels order! Unilaterally! No explanation!  Order number [ORDER_ID]
Shocking! #uncool","[USER] If an order is canceled, a correspondence is sent to the registered email id. Please check the same for more information. ^ZH [USER] Please don't provide your order details, we consider it personal information. Our Twitter page is visible to public. ^ZH","1137275,1137278",Wed Oct 25 07:38:28 +0000 2017,,,,
934414,15b97c633fa4600f9e23ea6d967c12379b8c61588c70c512f15afaaf16408d96,[USER] order was meant to arrive within 2hr window and now 20mins late. I'm not prepared to pay for it!,[USER] I'm sorry that your delivery is late! Please contact us here: [URL] and we will be happy to help out! ^FR,934413,Sat Oct 21 17:19:33 +0000 2017,,,,
45537,ddb96cbc0519f89b08d299140b04c7a5c3f54ce3602082c16d9bfde3b5fdc806,[USER] when fire stick tv skill for alexa will be available? Seems it can not be done from app at this time.,"[USER] We don't have any announcement for Fire TV on the Alexa yet. But, stay tuned as we add more content to Alexa App. ^GD",45536,Wed Nov 01 16:08:50 +0000 2017,,,,
2662999,ddb96cbc0519f89b08d299140b04c7a5c3f54ce3602082c16d9bfde3b5fdc806,[USER] Alexa app still not in App Store! What’s release plan? I might receive my echo tonight!!,[USER] The Alexa app is already released in the App store too. Please search again for the same. ^HR,2662997,Tue Oct 31 06:34:16 +0000 2017,,,,
2714711,ddb96cbc0519f89b08d299140b04c7a5c3f54ce3602082c16d9bfde3b5fdc806,"[USER] alexa is not available in my FireHD 10 3rd Gen. I tried all support articles, did not help. Need help...",[USER] Sorry to know you're having trouble with Alexa app. Kindly connect with our team here: [URL] We'll look into it. ^PS,2714710,Mon Nov 20 04:28:25 +0000 2017,,,,
997716,2cf2d1022c804fe75e4baa42a7c9843fca529f0daf6a375ba9b4cde603523310,[USER] My ZOWIE mouse I bought in May I am now having issues with. The side macro buttons are feeling mushy.,[USER] I'm sorry the mouse is not working properly. I'd recommend reaching out to the manufacturer for more options. ^VS,997715,Tue Oct 31 22:01:21 +0000 2017,,,,
1885952,88241266d96430bb99794ef9fa0ea859ad25d3e16ab49cb6feb08e538ce80d8d,Anyone know how to fix this? #kindle [USER] [USER] #brokenscreen #rip [URL],[USER] Hi Chloe- Can you get in touch with us directly via: [URL] Thank you. ^NV,1885951,Wed Oct 18 11:18:00 +0000 2017,,,,
1031761,5e800aa46ac2fd282b9d1c4699a83f249401d451e97fbce52ac2236f6b7fa7e5,[USER] Cual es el tamaño maximo que se puede subir un archivo a Amazon Drive tengo suscripcion de 100 gigas y no de subir archivo 3.5Gb,"[USER] Hola Mario, te recomiendo verificar los requisitos que deben cumplir los archivos en este enlace: [URL] ^LG",1031760,Sat Oct 14 18:00:01 +0000 2017,,,,
2821076,5e0223a73dc3b907b62a77cb6c273a765686f4079936622e0963d7d728acdd17,[USER] Really shocked to see such unfriendly and adamant attitude of customer care from Amazon..delivered a wrong size now refusing to return...really pathetic...Friends stay away from frauds like Amazon they commit something else and deliver something  else,"[USER] Apologies for the experience, that wasn't intended. Please share your details here: [URL] and we will have a closer look on this. Appreciate your cooperation. ^BS",2821075,Mon Nov 27 06:52:31 +0000 2017,,,,
1732078,600c5d7fcda5f1827d2ab1b086b062475dfa98130766f7907a1050137561b4d9,"[USER] How do I call you? Can't log-in to my account, and contacting you requires me to log-in to my account??","[USER] Hi, sorry to hear that, contact us here: [URL] so we can help ^AS",1732076,Tue Nov 07 12:24:06 +0000 2017,,,,
17908,392a3754cf9d201fc57115aa5b416fa38643eeb7d96bd60555351ddb4038e8d0,"Two DOA orders. First hard drive came bouncing in a giant box, second one crushed in a padded envelope... sigh. Refund on way. [USER] [URL]",[USER] Please help us to improve by providing your packaging feedback here: [URL] ^SY,17906,Wed Nov 01 03:50:21 +0000 2017,,,,
2220079,7f2d8f7d2318a460af0f4dbe142faca1f7e73a11bf4573f069ca4a96da65b22d,[USER] Bonjour Gros problème de livraison... Urgent,"[USER] Bonjour, nous avons répondu à votre DM. ^SM",2220078,Fri Nov 10 12:52:07 +0000 2017,,,,
2296558,7f2d8f7d2318a460af0f4dbe142faca1f7e73a11bf4573f069ca4a96da65b22d,"Bonjour [USER] , Pouvez vous me dire quand vous répondré a mon email???????","[USER] Bonjour, le délai de traitement d'un email prend généralement 6 heures. En quoi puis-je vous aider ? ^SM",2296556,Sun Nov 12 12:28:32 +0000 2017,,,,
1025569,b43aec37c4d7a67883df977cf6fa235c9977fddc714657ba1c7b562236da8d6f,If [USER] have taken money out of my account after saying it's a free trial I will be fuming 😤,[USER] This may be an authorisation to confirm it's a valid card. More info is avail here: [URL] ^EP,1025567,Sun Oct 22 23:54:22 +0000 2017,,,,
1242237,139ad58bb470d09a15c8be64bdc8f6d3fb57fe2322b31ea344cac980b87f6e4f,"[USER] got my new fire tv today, setting it up and the your apps section doesnt list apps. They are in recent","[USER] Hello, PeeJay! Let's try some of the troubleshooting here: [URL] Let us know how it goes! ^RM",1242235,Wed Oct 25 22:47:38 +0000 2017,,,,
789634,42e33c63ad6e10cf021745ac6d72178eb0e143a9eca26611eb3595e889ec6861,[USER] [USER]  Your customer Dept cannot provie exact status of my order. Pathetic . Hell bad .For human sake Help me Plz !,[USER] I'm sorry for the delay in delivery. Please fill this form: [URL] we’ll contact you at the earliest.^AU,789633,Thu Oct 12 11:45:22 +0000 2017,,,,
233786,1c69e1e9190254d6eb716d498feb58a49b5c4fb190051ced3c00c3ebfb2ede88,"Hmmm I feel like my [USER] return got lost in the mail. Sent off on the 21st, still not received yet. How long does it normally take?",[USER] Sorry for the delay! Let's find out what the status of that return is: [URL] ^JZ,233784,Thu Oct 05 11:59:15 +0000 2017,,,,
277568,3378abca4f680146daf79f8c490019084be3155aaf51f79676a69e94ed44cbb8,[USER] waiting for order since yesterday [USER] said courier team will contact you ! Where is the parcel ?,"[USER] We apologies for the late delivery, kindly contact us here [URL] and we'll look into it. ^RD",277567,Fri Oct 06 06:28:33 +0000 2017,,,,
1589691,3378abca4f680146daf79f8c490019084be3155aaf51f79676a69e94ed44cbb8,[USER] [USER] [USER] [USER] please make a note of dis complaint #AmazonGreatIndianFestival is known 4 Quality! Please replace! [URL],[USER] I’m sorry about the issue you’re facing with the product. Let us look into it. (1/2)^HR [USER] Have you reported this to our support team here: [URL] ? (2/2)^HR,"1589692,1589690",Tue Oct 17 07:43:00 +0000 2017,,,,
180870,333e761487fee24617dcd573bce35839e0a77743cf0115830054f83a06097cfe,"[USER] No code for preordering Star Wars Battlefront II physically, and now I can’t use my Amazon store card to buy it digitally? Why??","[USER] Hi, you should get a code for pre-ordering the physical copy. When did you place the pre-order? ^RL",180869,Wed Oct 04 12:42:41 +0000 2017,,,,
1165661,2fdc97d88820a01e142fd42e1664f7dc64805159ef743a92b6f9103a8e0c4a7b,[USER] Hey Amazon! Where can I speak to a customer care representative? The usual 1800 number doesn't seem to have that option anymore.,[USER] Kindly connect with us here:[URL] Akil. We hope to see you soon! ^PB,1165660,Tue Oct 24 18:08:27 +0000 2017,,,,
1258942,2fdc97d88820a01e142fd42e1664f7dc64805159ef743a92b6f9103a8e0c4a7b,"Thank you [USER] 
Your customer service guy (Shubham) was extremely helpful & had my product delivered just as and when I wanted.",[USER] Glad to know that you've received the order. Do keep us posted for any further concerns. We'll be happy to help. ^AR,1258941,Thu Oct 26 08:43:00 +0000 2017,,,,
1439191,2fdc97d88820a01e142fd42e1664f7dc64805159ef743a92b6f9103a8e0c4a7b,Is there a way to speed up my orders [USER] ? I've ordered four gift packages and I'd like them to be delivered by/on Diwali.,"[USER] We aim to deliver as per the estimated delivery date assigned to packages. Unfortunately, we'd not be able to 1/2 ^MA [USER] promise a faster delivery. We'd appreciate your understanding. 2/2 ^MA","1439192,1439190",Mon Oct 16 18:29:33 +0000 2017,,,,
1727862,cdd158abe74a28d3c1237767613ed4e912d7ed20e72f3bc4121a18706dde5531,[USER] I am totally disappointed with Amazon bcoz i place a lot of orders but  it Will be cancelled this is my registered number [NUMBER],"[USER] I'm sorry that your order got cancelled. I'd like to check this, kindly contact us here: [URL] and 1/2 ^SY [USER] we'll be glad to help you. Please don't provide your contact details, we consider it to be personal information. 2/2 ^SY","1727870,1727860",Tue Nov 07 10:41:01 +0000 2017,,,,
910747,96711d183c5eb95d934bc2dd56f795476524a4c07486e610b700a015d7dbe80d,None of my Amazon Pay transactions are going through.. 4 failed transactions now [USER]  pls help,"[USER] I'm sorry about issue with the transaction. If there is a payment failure, we send out an email with more information 1/2 ^GK [USER] about the same. Kindly refer to the email. For further concerns, you may connect with us here: [URL] 2/2 ^GK","910748,910746",Sat Oct 21 06:19:06 +0000 2017,,,,
770495,565ce0ac7288ff0e06dbcad38b8db5b4cd55488a7ff19421fa7345be3e407109,i just wanted to water color but 4 days later i still don’t have my watercolors and supplies 😭 [USER] [URL],"[USER] I'm so sorry about this delayed order, Eryka! Have you viewed avail refund/replacement options here: [URL] ^SD",770494,Wed Oct 11 23:25:15 +0000 2017,,,,
260809,1e6a99749e79ab50912bf895f28caca6f77145edcfd2ee0b5b8ec606fde16b72,Yo [USER] your driver left my parcel on my doorstep & covered it in rubbish. In the rain. Can you not do that again please?,[USER] I'm sorry for the troubling experience. Have you had a chance to set up your safe place here: [URL] ^AG,260806,Thu Oct 05 21:05:12 +0000 2017,,,,
1053541,21aff420e73dcda3a35201d0cc2c24c7b6134b3d9aa8b4f7506be74155e81c02,[USER] Hi. Will the new fire tv work in Qatar?,"[USER] Hi Razy, thanks for reaching out! The Fire TV will not work in Qatar. More info can be found here: [URL] ^CM",1053539,Mon Oct 23 14:44:44 +0000 2017,,,,
1277044,21aff420e73dcda3a35201d0cc2c24c7b6134b3d9aa8b4f7506be74155e81c02,[USER] Hi pls help. I signed 4 prime in [URL] frm Qatar. Can u pls check is this valid for Qatar __email__,"[USER] If you don't need Prime for the U.S., you can cancel and look into refund options here: [URL] ^AF",1277042,Thu Oct 26 16:05:01 +0000 2017,,,,
1041852,bcee3303849b68114bae818c1a5b586379307dd43b6029037eb59baa6c3f784e,[USER] where's the Arrow S5 box set on prime?,[USER] Thanks for reaching out. I found it here: [URL] ^BH,1041851,Mon Nov 20 23:58:09 +0000 2017,,,,
703029,02bd34653158c6c856438e895c476ad1d2587dd756c9352cbcecc292f5c9dd89,Thanks [USER] for reducing the tablet I ordered this week by £40 today 😭😭😭 can i order a new one today & send higher priced one back ?,"[USER] Yes! You can absolutely do that! If you have any further questions, let us know! ^FR",703028,Thu Nov 23 17:37:37 +0000 2017,,,,
985482,2c08302224e54d1b17f98256a8365093c1b709f3711f6b4fd197184dd3f76cdb,"[USER] I ordered a unit with a faulty remote, battery cover is loose. Amazon cust care says they are out of remotes to replace.","[USER] Sorry to hear that the product is out of stock. Once the product is in stock, a replacement will be created. (1/2)^HR [USER] Also, we shall forward the feel back regarding this to our appropriate team. Appreciate your understanding. (2/2)^HR","985483,985481",Sun Oct 22 10:41:38 +0000 2017,,,,
703046,bfdbbe249cfdca70e2fa73f16c372f0afcf425decf17602ad8f29b87a4dfb3b3,"Thanks team [USER] my product problem solve quickly and thank you so much monoranjan sir,good job.","[USER] Our pleasure to be of assistance, Srimanta! Let us know if you need anything else! We'll be here for you. 😉 ^JD",703045,Thu Nov 23 17:32:38 +0000 2017,,,,
1050809,d83b83db066d3eb784b92dcc5d5e03b92364d94a103ebba4ef7bd8d844ab13dd,"Hep [USER] faire la pub du #dash rapide et proposer des kleenex en livraison 2 mois, c'est une blague ?","[USER] Bjr, je comprends votre point de vue, il arrive que dans certains cas rares, que des articles soient en rupture de stock. ^RA",1050807,Sat Oct 14 20:09:18 +0000 2017,,,,
2670710,2bff0ef95a1b7619cdd3fc436e8c991a8a9755f7e6f13ca60a85be9a68ccb39e,"[USER] Not sure what's going on with your Prime service this weekend, but I have had problems with App freezing and Amazon error messages and stuttering. Not a bandwidth issue my end.",[USER] I'm so sorry to hear that! Have you tried using a browser instead? ^VF,2670708,Sun Nov 19 12:11:45 +0000 2017,,,,
453364,fb53032393d94047df4eb96d0d03181c4f72603ef597347c1bd0b9e1e54eb1d4,"Seriously [USER] needs to stop using [USER] because they constantly lose orders, deliver packages damaged and generally suck. I never have an issue when it’s sent via Amazon Carrier.","[USER] I'm so sorry to hear about the trouble you've been having with your orders! When you have a moment, we'd like to assist you directly using this link: [URL] ^JR",453362,Thu Nov 30 22:29:43 +0000 2017,,,,
407484,4a6221f84a81be65573a4738493eb12b706f291f5cf3df6cb63cea02e8dc93e1,[USER] still haven’t gotten my package. It’s still delayed. [URL],"[USER] I'm sorry for the wait! Typically, late orders arrive the next business day. If yours doesn't please let us know. ^EP",407483,Mon Oct 09 22:00:33 +0000 2017,,,,
921733,19e27937efb6365822af9086262ae9465bac2e504c6b6834c64811e2fc947d3f,"[USER] Beyond comprehension Amazon was Unable to re-order my damaged product.Pls fix your system problems,contact me that all was resolved [URL]","[USER] I'm sorry for the frustration! When you spoke with us, what info did we provide to you? ^AC",921732,Fri Oct 13 22:50:42 +0000 2017,,,,
937603,19e27937efb6365822af9086262ae9465bac2e504c6b6834c64811e2fc947d3f,"[USER] not doing this over Twitter.Pls investigate internally,need final resolution.If unable to fix I want call from [USER] office [URL]","[USER] I'm sorry, we don't have access to your account through Twitter. Did we suggest placing a new order for the item? ^MB",937602,Fri Oct 13 23:24:08 +0000 2017,,,,
304571,944150d3b63a1f384b5498ec89f71c01d7480852becb870f44a750b83416f1f4,Tnx [USER] for charging me extra for same day shipping through [USER] that DOES’T show up the same day 🙄😒 // tomorrow’s gunna suck,[USER] I'm so sorry for the delay! What's the current tracking shown here: [URL] ^AG,304570,Sat Nov 04 04:11:03 +0000 2017,,,,
2149567,944150d3b63a1f384b5498ec89f71c01d7480852becb870f44a750b83416f1f4,Gotta love [USER] — item was supposed to arrive by Nov. 3rd.... even paid extra for one day delivery. 5 days later still no item..... 😡,[USER] I'm sorry to hear you haven't received your package! Please reach us here to have a look into this: [URL] ^SY,2149566,Thu Nov 09 00:15:45 +0000 2017,,,,
2936625,346b14e6a01ab0c78c682864f2783a8752c2b3e70b7567a632ae3b27ccab2223,"[USER] Please update my account [NUMBER] or __email__
there are some problem to add balance. Balance is not added why??",[USER] We can't access your account details over Twitter. Allow our support team to investigate. You can report this here: [URL] Please don't provide your order details as we consider it personal information. Our twitter page is visible to public. ^CB,2936624,Wed Nov 29 11:15:54 +0000 2017,,,,
1480838,919c20b4f2e1fa857c6bc6e9010fd2f8ea6ceb53a3129c13600c8855f1e57364,Everyone is getting their Amazon Echo while Amazon has delayed the delivery of mine to Monday 😢😢😢😭,[USER] We understand your excitement. Sorry for the delay. Kindly wait until the revised estimated delivery date. ^NS,1480837,Fri Nov 03 07:28:27 +0000 2017,,,,
1545231,919c20b4f2e1fa857c6bc6e9010fd2f8ea6ceb53a3129c13600c8855f1e57364,WHERE IS MY AMAZON ECHO,[USER] Kindly wait till the revised delivery date and I'm positive it'd be delivered on or before that. ^AU,1545230,Sat Nov 04 05:43:02 +0000 2017,,,,
1844480,919c20b4f2e1fa857c6bc6e9010fd2f8ea6ceb53a3129c13600c8855f1e57364,"For some reason, the Echo Dot went batshit crazy last night at 12. Was sleeping and Echo Dot started playing the introductory Alexa welcome message :|","[USER] Whenever the device restarts due to power fluctuations, the welcome message plays. ^AK",1844479,Wed Nov 08 04:37:56 +0000 2017,,,,
419416,0abcd999e7c190c85bbbb72dc3cd8320876b08f363dce787884f21abd41f80f6,[USER] are you testing enough ? This link is not working.  [URL] [URL],[USER] Unprecedented spike in traffic led to customers facing difficulty in accessing the site. Please try refreshing the page. ^AK,419414,Tue Oct 10 05:22:07 +0000 2017,,,,
2862111,ecffa5a86dac9e00f8212beaa36f51fdc183959c43b51960a5130a08a9464eb4,Does [USER] offer any type of compensation if you order something with a guaranteed delivery date and you don't get it by that date?,"[USER] Hi there! Do you have a recent order that did not arrive when expected? If so, did we miss the delivery date in the confirmation e-mail for that order? You can check here: [URL] <[URL] Please let us know! We'd like to help. ^SM",2862109,Mon Nov 27 22:35:13 +0000 2017,,,,
2957003,c512541274464747cfda4b5d145ad4802701d63a1e898aa826e552eb8e40ad65,Colis repoussé entre le 29 et le 4 alors qu'il n'y aura personne a la maison! Merci [USER] et [USER] !,"[USER] Bonsoir, vous m'en voyez navrée, quelle était la date de livraison indiquée dans l'e-mail de confirmation de commande ? ^ASZ",2957001,Wed Nov 29 19:16:39 +0000 2017,,,,
156825,8545c88425d6b17ce483c6dfb72591a96d86842aa0489ca5b6bacc24fa0e1264,"Hi [USER]! Amazon has been my personal favorite but I was disappointed to know that when my friend ordered Samsung J7 Pro, a used Galaxy J7 was delivered by a #Amazonfulfilled seller called HeartySibling. Some help sorting this would be great. [URL]","[USER] We certainly didn't expect this to happen. Kindly report this to our support team via [URL] so that we may look into it. Also, please don't provide your details, as we consider it to be personal info. Our Twitter page is visible to the public. ^BV",156824,Wed Nov 22 15:37:43 +0000 2017,,,,
1556302,65bccb1ec7e01753ff59d323403de3a786dfb295304fdaf26580e38de594c514,[USER] hi someone has activated the Amazon Prime trial on my account how can I get this reversed,"[USER] I'm sorry for the concern, Stephen! You can find more info on how to cancel your Prime trial here: [URL] ^SD",1556300,Sat Nov 04 12:19:32 +0000 2017,,,,
1349146,87d51664a97a504b9c259d2ba977d9c0fb576150ee22d164a42ede4eadc55674,When you order lightning chargers from [USER] because you’re down to one broken one and someone steals them out of your mailbox 😫😫😫,[USER] I'm sorry to hear this! We'd like to look into a resolution for this with you. Please click here: [URL] ^TH,1349145,Fri Oct 27 17:29:11 +0000 2017,,,,
2947533,e8b53fe92c991037d71c2c13dce779f62c5da88626f8fce7522d5d32e9f12b45,[USER] I’ve had an email from a seller RE an item I’ve bought. How do I know it’s genuine?,[USER] You can use the information at the link below to help identify if the seller sent the order through our system: [URL]  Let us know if you have any other questions! ^GS,2947531,Wed Nov 29 15:39:07 +0000 2017,,,,
2488979,3eefaa4b4d9695db289cd6f0008a0585f4aaaf1fb214fd68deb8939617d0d811,"[USER] I  have Prime Video on my Android pad device. Is it possible to ""cast"" to a non-internet enabled TV?","[USER] Hi, Tim! Have you checked the manufacturer's specifications & troubleshooting on the devices you're using? We're here to help in any way we can! ^AZ",2488976,Sun Nov 26 18:59:54 +0000 2017,,,,
2710413,3eefaa4b4d9695db289cd6f0008a0585f4aaaf1fb214fd68deb8939617d0d811,"[USER]  I have Prime Video. I subscribe to HBO through my cable provider.
Is there a way to access HBO through Prime Video based on that subscription?","[USER] Which device are you using? Most devices have access to HBO GO, which you can sign in to with your cable provider details to access the content. More details here: [URL] ^BH",2710412,Sun Nov 26 22:32:07 +0000 2017,,,,
1972826,e886256abef95af0acffa383a096c34d68c237e984317bfe35ebcc4262a7192f,La agenda es preciosísima me quiero morir y es que encima me ha llegado hiper rápido 😍😍 gracias [USER] [URL],"[USER] Tienes razón, Bipa la agenda está hermosa 🌸 Y lo más lindo es que te ha llegado muy rápido. ¡Que la disfrutes! 🌸 ^VL",1972825,Sun Nov 26 10:16:02 +0000 2017,,,,
231469,3eba2104c311931a8d47bff00c04f1b22f4e6aed9bd261598f856611247d285c,Bought some batteries on [USER]  Received them yesterday. Supposed to be guaranteed 5 years. Expire 2020. Amazon sold me old stock. [URL],[USER] That's strange. Please see your available return or replacement options here: [URL] ^CL,231467,Thu Oct 05 02:29:14 +0000 2017,,,,
1427920,d771765235c46d538d566995594e738a7b92faa8c6c11251c9ec70b997ae6268,Hi [USER] tis is 2 infrm U abt Ur service which has caused prblm fr me & no 1 is bothered abt it tis is not d way 2 behave wit d clients [URL],"[USER] Please don't provide your order details, we consider it to be personal info. Our page is visible to the public. (2/2) ^MO [USER] Sorry for the trouble. Did you happen to report this to our support team here: [URL] ? (1/2) ^MO","1427919,1427921",Mon Nov 06 15:09:26 +0000 2017,,,,
2278439,6e6cb2afc6c76012a9663926dda6845d1a8461b759519582edefc82ac5713261,[USER] Just had a VonHaus monitor arm delivered and this is it fully assembled. Not impressed. It has 1000+ 5* ratings too. [URL],[USER] Oh no! Have you had a moment to look at available return/replacement options:[URL] We're here to help! ^ML,2278437,Thu Oct 19 18:48:08 +0000 2017,,,,
222740,727ce3fad0f4af398ce0c7074919866580a830612c236408c796ce2f54ceb3b4,[USER] Please Clarify this a contest or not [URL],[USER] Yes! This is a contest. ^SP,222739,Thu Oct 05 02:56:01 +0000 2017,,,,
840849,fb54e0e251296bf0ab74b8444ca9087c180a805a31b22cd264d937b94d0aec45,[USER] You guys took away the continue to watch feature from the home page. Going back to what I was watching has become super crazy,[USER] The 'Resume' feature is available on the TV show/Movie page which allows you to continue to watch it from where you left it.^RS,840847,Fri Oct 13 11:32:58 +0000 2017,,,,
256727,cfa7e01e840483ac33fd674e9afd1dc7c6940cfb7c12a6289d0a6dcef468210b,"Crud... hey [USER], any chance you have SNES Classic stock to honor a replacement on this? [USER] [URL]","[USER] When you return an item, you may see different options for a refund or etc. You can read more here: [URL] ^TG",256725,Thu Oct 05 19:06:16 +0000 2017,,,,
2366300,e4a0fff48f66631f9a5053382c2f1859240525543278d326ab6acef3228f9bd3,[USER] I️ never received a package that says it was delivered. How do I️ fix this?,[USER] I'm sorry you didn't receive your order. Here are some tips to help you locate your order: [URL] Please keep us posted. ^CO,2366298,Mon Nov 13 22:56:05 +0000 2017,,,,
2942057,1a77b2435aefde23fa73645ba34ffa00f0fe0d2b2dc530374cbdb4e090b0bdce,[USER] Bonjour pouvez vous répondre à mon message privé svp,"[USER] Bonjour, nous vous avons répondu par DM.",2942056,Wed Nov 29 13:45:07 +0000 2017,,,,
916614,899c1b37e806e4f6547dfadba1ffa7f20c3d8ca46ccc4804c6d2f0d414a7316e,[USER] I keep getting error codes 5266 AND 1060 on my Xbox One for Amazon video app. Anyway for this to be fixed?,"[USER] Hi, have you been able to check that your firmware is up to date: [URL] ^TS",916612,Sat Oct 21 09:19:14 +0000 2017,,,,
2119323,b06d4e755858d2fe33de13dd100f98a7cb78a8a5439a1e9287da3ba0e35c4a13,[USER] sent me 2 different shoes in 2 different sizes🧐😐 [USER] [URL],[USER] Sorry for the late response! We'd still like to help! You can view options here: [URL] ^HS,2119322,Tue Nov 07 20:26:47 +0000 2017,,,,
331369,b5a3404dfc54d9859d63909bb6a94a5d18087602ec4ad67188d1519edfd8c98d,"[USER] I get 100 messages a day, regarding order status which I have not ordered..I guess tech issue..PLS HELP. It is disturbing badly","[USER] Sorry about the trouble, Nikhil. Please report this to our support team here: [URL] ^HD",331367,Sat Oct 07 17:49:00 +0000 2017,,,,
2698904,4df0c4f97c20fa24363fef5a72d1b9daa8b7e4db3217722e03f9add0228ce78b,"Great delivery today by [USER], it was accepted by the customer apparently. Though not the customer it was supposed to be delivered to. I now have an expensive item lost in the wind, and Amazon don't give damn about the delay and financial impact it is causing me","[USER] Oh no! I'm so sorry to hear about your poor experience, Gabriel. Would you mind taking a look at these steps to make sure your package has not been delivered?: [URL] ^VF",2698902,Sun Nov 19 19:38:31 +0000 2017,,,,
1469977,887ecd8a6f17302832a216dc9afe08adfbef453e20d13435ef148702709c831b,I’m starting to wonder what the point of [USER] prime is....I’ve had a few packages lately not arrive on time 😐,"[USER] I'm sorry to hear about this, Samantha! Please share more details so we can look into these orders for you. We want to help! ^SH",1469975,Thu Nov 02 23:58:01 +0000 2017,,,,
2902531,187e3a72e0f6b19e574d4c8d4f6623de981eac9a51bfefa99ddcd7449c1cac05,"[USER] hello,
is there a way right now to contact costumer service by email?
In [URL] page “Contact Us” i only have the Phone or chat option.
Thanks.","[USER] Hi there! The basic customer support email address is  __email__  but please be aware that email responses take between 12 and 24 hours. If you need a faster resolution, it would be best to use the phone or chat options. ^SP",2902530,Tue Nov 28 18:34:35 +0000 2017,,,,
2319298,35fd6d18d879384528968b3adb0a07695c71e62054b6529967ace91e84d85425,[USER] I've lost my remote for the Fire TV Stick Basic Edition will any remote for the firestick family work or do I need to buy another new stick ?,[USER] Hey Martyn- any remote would do or the remote app. You can find more info here: [URL] ^MA,2319296,Mon Nov 13 12:05:26 +0000 2017,,,,
2810765,cb709232b8065916f13b9ffe6c66764549e0747aabfa4888fddcd4e78c514c36,[USER] I ve suffered a bad experience in delivery of goods...the shipment that was scheduled to be delivered on Monday hasn't yet delivered,[USER] I'm sorry you've not received your order. This can be disappointing for anyone and is no more acceptable to us than it is to you. Please contact us here: [URL] & we'll help you. ^SF,2810764,Wed Nov 22 06:40:56 +0000 2017,,,,
2979658,86f11fca9fcbebcfeccfa1916655f001c38bec6cad1ba814e3e90d6b3aa0763e,[USER] [USER] wot is this?? Are the servers down?? [URL],[USER] The application is working properly. Kindly check your network connection and try again. ^SC,2979657,Thu Nov 30 03:49:19 +0000 2017,,,,
178634,e913d591d66472f7c5f1db050b81fb7b65a8d0e44afbc7fa1b3cd72a3b4125d1,"[USER] Can you tell me why my tracking says with courier to deliver today,then says it might take another 6 days?",[USER] That's peculiar.. Was the original estimated delivery a window of time or an individual day? ^MJ,178632,Wed Oct 04 20:31:30 +0000 2017,,,,
2599672,5593ade9bf8557a8449c9ff481ede82ac7157c705d704aae921be633e7f3dca2,Yay! Heute ist Erscheinungstag und nicht morgen. Danke für nichts [USER] .A. [URL],[USER] Bitte entschuldige die Verspätung. Wir gehen dem gerne nach. Melde dich bitte über folgenden Link: [URL] Viele Grüße ^UK,2599671,Fri Nov 17 06:33:45 +0000 2017,,,,
1755052,9706e8eff19556d8f2c30ba09dcbd415ac4def4047cda2f60bd9d3e2289cfca1,"[USER] WHY AM I STUCK IN A CIRCULAR HELL OF PASSWORD RESET AND ENTERING MY EMAIL AND THEN THE CODE RINSE, REPEAT? OMG I AM DYING OF FRUSTRATION. I just want to change my password. What the fuck. Seriously.",[USER] I'm so sorry for the trouble! Have you reached us by phone to discuss this experience: [URL] We can assist best with live support. ^ST,1755050,Sun Nov 26 06:04:15 +0000 2017,,,,
1363799,d605a5df08fa85e2eb47f7e03dca1f11c79556ccf5d266673da154f116af18af,[USER] third times the charm. Delivery actually arrived with contents. Package damaged though. Might look into handling.. [URL],[USER] I'm glad your items arrived! Please help us improve by providing packaging feedback here: [URL] ^JM,1363798,Fri Oct 27 21:05:31 +0000 2017,,,,
1206144,4693c4cd788dd4b83bf1c50b7748d8b5468cccb5b36085790ffcd9fca5156c19,[USER] its too difficult to sell via Amazon Easy Ship. Order is never pickup. HELP.,"[USER] Hi, sorry to hear that. What Amazon website did you use to place the order? [URL] ^JJ",1206141,Wed Oct 25 09:09:47 +0000 2017,,,,
1323527,4693c4cd788dd4b83bf1c50b7748d8b5468cccb5b36085790ffcd9fca5156c19,"Amazon India EasyShip needs to shut. Associates never come to pickup order.I roared on call, contact form,twitter; no resolution [USER]","[USER] If you have shared your details with us, you can check for our response here:  [URL] Do keep us posted.^CB",1323525,Fri Oct 27 10:07:37 +0000 2017,,,,
77513,d1ea30717fb66665a5f137653de109ea65c537255baf4e71e8675c3e73659bb7,"[USER] Hola, llevo semanas esperando q me respondan un mail referente a mí novela en versión Kindle, ASIN B006GGG25Y Solicito que retiren el libro de venta y me abonen los beneficios obtenidos. Ya retiré hace años el libro de portal Bubok. Por favor,una solución. Thanks","[USER] Hola, Lola. 
Disculpa los inconvenientes, por este medio no tenemos acceso a tu cuenta por lo que te recomendamos ponerte en contacto directamente con Soporte al Cliente. 
[URL]
Un saludo, 
^DB",77511,Thu Nov 30 12:09:43 +0000 2017,,,,
117869,e51045e13c2aa3e557d67d4edfbc7d7443d621856fdd7c44f152f8bdc1f0f521,Love buying a new tv and it doesn’t work cheers [USER] [USER],"[USER] Hey Sol, we don't want you to have a non-working television! Have you had a moment to look into return and replacement options: [URL] Let us know if you need help with the return or exchange! ^PF",117866,Thu Nov 23 21:49:09 +0000 2017,,,,
800995,aceb0b5b52b587622dd9668b0b24962c2d3aac0bff76d558172c2304a0795c87,"[USER] After 2 Emails, still waiting for reply on my harassment. charged 925 for an item having MRP 695 on it. #Havedgnity #dontbeflpkrt [URL]",[USER] I realize your query about the MRP difference. Kindly go through the link here: [URL] for details. ^SG,800994,Thu Oct 12 15:42:34 +0000 2017,,,,
2914477,f841e471bf022109683e48118fb622c8f52fb80644b6a16ce46f1f6dc3b8dc99,"Em 3 dias uteis meu lindo box chegou, achei que nem ia chegar essa semana, parabéns [USER]","[USER] Ufa, corremos para entregar o mais rápido possível!🏃📦🎉 Me diga, que você comprou?🤔 ^HC [URL]",2914476,Tue Nov 28 22:50:07 +0000 2017,,,,
631699,90b25ed33a48a36ab3540a497dc157fc829d267a674a048b241e2449e3559d18,"[USER] yesterday an amazon driver tried to open my front door, telling me he is told to try all doors to leave parcels inside? today one unlocked my side gate made his way round my house and knocked on my back door, then left oil from his van all over my drive.",[USER] I'm so sorry for the troubling experience! We want to take a closer look at the situation. Please provide us some information using this link and give as much detail as possible: [URL] ^MJ,631698,Wed Nov 22 15:45:54 +0000 2017,,,,
2278296,dff3eca0e0c38b300b76acbf13fecc4b4599fc758db09ee3ab87fa2b20479889,I wonder if [USER] know what 1 day #delivery  #guaranteed means and we on day 2 #Amazonprime,[USER] We're sorry for any delays! What was the original delivery date provided in your order confirmation e-mail? We'd like to help! ^ZW,2278295,Sat Nov 11 18:48:26 +0000 2017,,,,
1768286,f0afe92eb8622487145e35646cc6606e07771669ab75273acac4b6b29841efdb,"[USER] i ordered something on october 29, 2017 and i have yet to receive it in the mail... it's currently november 7... hurry up.",[USER] I'm sorry for the wait! What's the delivery date shown in your order confirmation e-mail: [URL] ^BN,1768284,Tue Nov 07 22:17:12 +0000 2017,,,,
2292206,f0afe92eb8622487145e35646cc6606e07771669ab75273acac4b6b29841efdb,"[USER] the package i ordered on oct. 29 has YET to arrive. i have prime with you all as well. it should not take nearly a month and lack of communication to tell me that my order has been back ordered. the last time i filed this complaint, i was given $5 credit. no thanks!",[USER] Was the order fulfilled by Amazon or a third-party seller? Please check here: [URL] and let us know! ^BE,2292204,Sun Nov 26 15:33:17 +0000 2017,,,,
2412589,f0afe92eb8622487145e35646cc6606e07771669ab75273acac4b6b29841efdb,[USER] i have not received my order that i placed on october 29. the website is saying that i need some type of approval. please fix this. i have waited almost a month for this order.,"[USER] Sorry for any inconvenience, we're here to help! What message is being displayed? Have you received any e-mails from an Account Specialists? Please, be sure to check spam/junk folders to make sure. ^JE",2412587,Tue Nov 14 15:47:53 +0000 2017,,,,
318404,f594d874aebfc7e74b695dd0b1d36e4a747f8b62703daedecd3b222f043e8159,"[USER] I want 2 buy phone for my firm, where do I provide u GST no. So I can claim its input? Can't reach ur Cust. Executive.","[USER] Hi, you can add the GST no here: [URL] ^HN",318402,Sat Oct 07 08:38:25 +0000 2017,,,,
746781,f594d874aebfc7e74b695dd0b1d36e4a747f8b62703daedecd3b222f043e8159,[USER] [USER] how do I send my my Amazon pay balance to my bank account?,[USER] We don't have the transfer feature available currently. For more info: [URL] ^HD,746779,Wed Oct 11 16:40:13 +0000 2017,,,,
976772,f594d874aebfc7e74b695dd0b1d36e4a747f8b62703daedecd3b222f043e8159,"i havent yet recieved my refund of 16k Reference No.  #7433274__credit_card__ 
[USER] [USER]","[USER] If you've received the refund reference number, kindly file a charge dispute with your bank ^AK (1/2) [USER] and the refund will be credited to your account. Appreciate your understanding. ^AK (2/2)","976773,976771",Sat Oct 14 07:28:20 +0000 2017,,,,
2462171,f594d874aebfc7e74b695dd0b1d36e4a747f8b62703daedecd3b222f043e8159,"[USER] Hi, i want to withdraw my Amazon Pay money to my bank ac. Please do it !",[USER] I'm sorry once the amount is added to Amazon pay balance we'll not be able to transfer it to the bank account or any other Amazon account. ^SH,2462170,Wed Nov 15 07:51:42 +0000 2017,,,,
915962,394342439edefed5e12e72f388b2bf349ef524840e3fb473134488f6d9e1a3a8,[USER] how would you justify blocking a customer’s number who’s awaiting a refund?,[USER] We'd like our team to have a look into it. Please try connecting through chat or email option and they will revert shortly. ^AB,915961,Sat Oct 21 08:57:10 +0000 2017,,,,
940418,5ed312a5d1713163912207a5c40dd179d2b78e1a64cda9c6e7c7582244659007,"Seriously, [USER]? Was this otherwise empty shipping box really necessary? It's like you're hoping I'll have to RMA it. [URL]",[USER] We'd like to make sure this is shared with our business team. You can send us feedback here: [URL] ^AM,940417,Wed Oct 11 02:17:08 +0000 2017,,,,
1249970,2ba7483dc8fd03e12eab5d100ae968d052d7c71ab99cbf8961cfdd3d93172f88,[USER] I was unavail to acpt ur call 4 delivery nd u autocncelled it.this is how you give service.need my order back.[USER] u r better,"[USER] Apologies for the inconvenience you had to go through with your order, we din't expect this to happen. Kindly reach out 1/2 ^AH [USER] to us here: [URL] and we'll help you. 2/2 ^AH","1249971,1249969",Thu Oct 26 03:13:21 +0000 2017,,,,
1766034,073ec447abdb92b46e7824c499e0d1d6b32b4d3b663b50727b01618072bb8800,"[USER] Did the delivery driver get lost, or something? 😏 Do I get something for not being pissy about my item? 😂 [URL]",[USER] I'm sorry your delivery is late! We'd like to look into this with you. Please reach us here: [URL] ^HS,1766033,Tue Nov 07 21:39:40 +0000 2017,,,,
1594012,96590df68617aa7587c60bd8c38a935070ebf661cac13deb39fc5e87ab61e505,[USER] [USER] Your order for pin [NUMBER] dispatches from Kolkata West Bengal to Haryana while it can directly be send to Patna.,"[USER] I get your concern, Divyanshu. Once the order is received at any of our fulfillment centers, tracking is updated accordingly. (1/2) [USER] Please wait till the estimates. I'm positive your order should be delivered as per the estimates shared with you. (2/2) ^SV","1594014,1594010",Sun Nov 05 01:45:31 +0000 2017,,,,
2375416,96590df68617aa7587c60bd8c38a935070ebf661cac13deb39fc5e87ab61e505,[USER] i want to delay my order bcz i couldn't be able to present at the given address on the mentioned date of delivery. What could be done?,[USER] Please connect with our support team here: [URL] and they'll assist you regarding this. ^NR,2375415,Tue Nov 14 02:05:54 +0000 2017,,,,
9823,6017e03b183607dbfd177caf0eac9ddd2ba87ab0912c557123ffde7c2376112e,[USER] thanks for the new movies on Prime video. Something new to distract from pain during CRPS flare ups #TheWitches 🌙🎃,[USER] We are happy that our new selections bring you some comfort. Stay strong Cassandra ^CH,9822,Tue Oct 31 23:57:48 +0000 2017,,,,
331628,5628f6b0ade7191fabdfab91a3340c00958676d06a345f7447f0e6b1d57c8785,"How [USER] delivered #apieceofwood in place of #oppof3plus #fraud #scam [USER] 
[URL]","[USER] Sorry about the trouble. We'd like to investigate this further, please share your details here: [URL] ^HA",331627,Sat Oct 07 18:09:56 +0000 2017,,,,
2979577,a6ea8c6b454b9d20b1c58fca1e6bf7e379ba8c3113c0a56c408343f65f612536,How winner is decided #AmazonPayQuiz #amazonindia #Amazon,[USER] The winners are selected randomly from the list of eligible contestants. ^AH,2979575,Thu Nov 30 04:07:48 +0000 2017,,,,
1713151,f73b45ce32145734b2c9d5c04f6a0685e0dbbb1dc7218cce72c67185c235475a,"[USER] [USER] Hola, tengo una cuenta en Amazon y no puedo recuperar mi contraseña, este es mi correo: __email__","[USER] Hola, Heather. Por motivo de seguridad, te recomiendo eliminar tu tuit, pues contiene información personal. (1/2) [USER] Por favor, contacta a nuestro Servicio al Cliente, a través de este enlace: [URL] (2/2) ^CR","1713154,1713148",Tue Nov 07 02:08:27 +0000 2017,,,,
2375414,f73b45ce32145734b2c9d5c04f6a0685e0dbbb1dc7218cce72c67185c235475a,"[USER] Hola, tengo más de dos meses intentando ingresas a mi cuenta de Amazon y no lo he logrado, no me envía el código para reiniciar mi contraseña, no responden mis correos ni me aceptan el ZIP Code. Necesito que me ayuden a solventar esta situación.","[USER] Hola Heather! Lamento mucho los inconvenientes con tu cuenta, en este caso te recomiendo entrar en contacto con nuestro Servicio al Cliente. ^Dayan S.",2375413,Tue Nov 14 02:04:33 +0000 2017,,,,
344871,09d07fdba83d67193c7901bccf0e6d8873796d274f719a32888347158e71eb34,[USER] is it possible to be able to contact 1 of your assistance to help resolve a very unprofessional experience with your call center,[USER] I'm sorry for the poor experience. Without posting any personal information can you tell us more about what has happened? ^EP,344867,Sun Oct 08 01:04:40 +0000 2017,,,,
2211717,a68ae463fde3330e61363f30b79353c59b2e7ce21fb0eacd2ff9ab54280c29ac,"[USER]'s A-to-Z Guarantee is a F'ing Joke! Shop at [USER] instead, at least they provide actual Customer Service. And they speak English!!!
#4WeeksStillWaitingForRefund 
#BlackFriday #BlackFridayDeals #ShitCustomerService",[USER] Oh no! Sorry to hear you are still waiting on a refund! What is the last correspondence you have received on your claim? We are here to help! ^AD,2211716,Sun Nov 26 14:32:52 +0000 2017,,,,
2320851,b24d681d9a785a0c5262ce69c51d706b1109fc564273d163d2cd88e108be610a,Just a heads up [USER] #Amazon is scamming people and automatically enrolling them in prime membership with a button in the checkout process that just says either get free two day shipping or get started. There is no confirmation page if you click either auto signed 108 bucks!,[USER] I'm sorry for the unexpected charge! You can learn how to end your Prime membership and about refunds here: [URL] Please let us know if you have further questions or concerns! ^TG,2320842,Sun Nov 26 16:11:00 +0000 2017,,,,
476837,64d2f9fa8c3de40266512e660f32af2afc18eccb3870100c3639138177cc9baa,"En se moment évitez [USER] car si il livre avec [USER] , vous êtes sûre de ne pas recevoir votre commande... 3 jour sans nouvelles, personne ne sait où sont mes commandes !!","[USER] Bonjour, Je suis désolé pour cela, que dit le suivi de votre colis?
^YL",476835,Fri Dec 01 11:04:33 +0000 2017,,,,
517597,64d2f9fa8c3de40266512e660f32af2afc18eccb3870100c3639138177cc9baa,"[USER] quand je vous dit que [USER] vous prend pour des debiles. Le colis a été refusé par le point relais avant sa mise en livraison, c’est le troisième cette semaine !! [URL]","[USER] Bonsoir, comme indiqué, le point relais ne peut plus recevoir de colis supplémentaires. Je vous propose de contacter notre SAV [URL] afin de vous proposer une solution.",517595,Sat Dec 02 01:47:25 +0000 2017,,,,
1113831,3735ee381b5c8419a1a47004dbff7316a3b8f082bf97bd6dde93a407b09432f8,[USER] va a volver la venta relámpago del casco de star lord? Díganme que si😢😢😢😢😭😭😭😭,"[USER] Hola, Ara. Cualquier novedad se indicaría en la página directamente, por lo que te sugiero estar al tanto. ^JQ",1113830,Tue Oct 24 03:06:54 +0000 2017,,,,
1430401,494b8d22760ddb4d5742d403581f4e43020abe7641b070411cdecadd5f9e1512,きのうプーさんの6wayメリーをAmazonで注文したらもうきた😲👏さっそくラックにつけたらニコニコ目で追っててかわいい～😍💕胎内音にしたら眠りました😌🌱 [URL],[USER] こんにちは、アマゾン公式です。babyちゃんが寝てる間に、ママも少しでもゆっくりできますように。ご利用ありがとうございました！👶👶👶 ET,1430400,Thu Nov 02 07:14:31 +0000 2017,,,,
2907906,8674b4a86c033ee59592a1617d9c8acead55300a75faa4cc462e9d1ef2890465,[USER] you need to make sure your staff can spell & make sense. Also please offer prime only if YOU can guarantee it. Having someone say its not our fault isn't good enough when its your name on the line! [URL],"[USER] I'm sorry for the poor experience with our support. Shipping time refers to the transit time after an order is dispatched. Not all items are available to ship immediately. We always aim to deliver by the date provided at checkout, though. Have we missed that? ^AM",2907904,Tue Nov 28 20:11:38 +0000 2017,,,,
2558547,64cabe17757a06b6bffeeba0c5fbb3776832b27362eea9d315349fcf234ee173,"[USER] pretty appalled to come home to 2 parcels in full view outside front door, especially as A. One contained 3 bottles of spirits and B. Upon checking my account apparently I signed for it - i was at the dentist at the time of delivery.",[USER] I'm so sorry for the trouble with your order! We'd like to take a closer look at this with you. Please contact us here: [URL] ^KP,2558546,Thu Nov 16 16:48:55 +0000 2017,,,,
1041691,642b83c3f5249c33cb395eba22e405f7acf7a8d480e165e791833a8d43eaf39f,"Ugh [USER] is the worst! It never works right. Hulu, Netflix, HBONow, and literally ALL others NEVER give me a problem. Only Amazon. #DontWasteYourMoney #LearnFromMyMistakes","[USER] I'm sorry to hear you're having issues with your Amazon Video, Jaime. Is there something I can help you with? ^SY",1041690,Tue Nov 21 00:44:37 +0000 2017,,,,
1452421,1c1127bfc7e91366c1445450eaf5a2c125dba868c56f38e6d45ffff49dc9685c,"Don't know why [USER] website do not offer 'Save Password' option to save my login session. Also, no Web Push Notifications for orders.","[USER] I get your concern, Ayush. I'll ensure to forward your feedback to the concerned team internally. ^NK",1452420,Thu Nov 02 17:35:09 +0000 2017,,,,
1759035,ca0d67fb7da4d96fbd742246570fcd46e681883bb2b28f9271b19694002b66e8,Sorry.. but [USER] sucks as their exchange offer is still not available for my location where [USER] & [USER] just doing great [URL],"[USER] to forward your feedback internally for review to provide better services in the future. Appreciate your understanding. (2/2)^BS [USER] I get you being upset about this. As of now, we have exchange offer for certain pin codes. From my end, I will be sure (1/2)^BS","1759034,1759036",Tue Nov 07 17:29:47 +0000 2017,,,,
2380809,ca0d67fb7da4d96fbd742246570fcd46e681883bb2b28f9271b19694002b66e8,"It's an emergency.. 
Please [USER] deliver these two products as soon as possible.. [URL]","[USER] Orders are delivered as per the estimates given. Could you let us know the delivery date quoted for the order? Also, please don't provide your order details, as we consider them to be personal information. Our page is visible to the public. ^GK",2380807,Tue Nov 14 05:26:06 +0000 2017,,,,
392145,ff0063ae01458ccb919b4ebf11299cfb7c29aaf17d219be277d7a6c43d52bcae,"[USER] hola, hice mi pedido hace aproximadamente un mes y aun no me llega, cuanto tiempo puede tardar un pedido?","[USER] Hola, nos comentarías, ¿cuál es la fecha de entrega de tu pedido? ^HC",392143,Mon Oct 09 16:36:32 +0000 2017,,,,
1725802,41ac0c943e9289f6e583c049ae4bf720909796bb96b323865c93acf4ce1d117f,[USER] [USER] my order not delivered for 3 months. no response by seller. cant contact amazon directly [USER] [USER],[USER] Sorry for the unpleasant experience with the order. Have you reported it to our support team here: [URL] ? ^AR,1725800,Tue Nov 07 04:54:57 +0000 2017,,,,
592101,6de21596fa2f06cc6dbccff7eefd7837e44f81ab0ae61428732ae0af6add9006,[USER] Don't care satisfying customers and wont stand for it. Regarding my recent ordered phone on Amazon. [USER] [USER],[USER] I'm sorry to hear about your issues with the recent order. Could please let us know what went wrong so that we could check and assist you? ^HS,592100,Sun Dec 03 17:01:51 +0000 2017,,,,
2010037,9edca6813e645bf2118a42c5c0130a5ccf04631f66b5be329a0f89627573f3ba,No me tientes [USER]  que ya dejé de ser compradora compulsiva  🙅🏻👀💪🏻 [URL],"[USER] ¡Hola Andy, leer es puro amor! ¿Qué libro tienes en tu Lista de Deseos que más quieres leer? ❤ ^DA",2010035,Wed Oct 18 19:40:45 +0000 2017,,,,
2965218,1261c9a966f7530b67b497fb4a977dee5171652134ec7634e2a81f3b1ab5c0fb,"My [USER] package is 'Arriving today by 8PM', but it hasn't shipped yet. I won't hold my breath.","[USER] That's not good! We'd like to take a look at what's going on. When you have the time, please contact us here: [URL] ^KP",2965217,Wed Nov 29 22:28:29 +0000 2017,,,,
637117,3cc08b42b2be3d9b862ce7f7ea93ae18eea9fd683a0d4da0e3647496e47e19ed,sexta feira nois se vê [USER],"[USER] Olá Vonessa, estaremos te esperando! ❤ ^DA",637115,Wed Nov 22 19:46:09 +0000 2017,,,,
2309343,738c8718455c60af74997bb0d5f9e2c70aabefeea49768e57c93fba08755f9ec,I️ hope the Asshole that stole my amazon delivery of my Fitbit charger really got great use of I️t,[USER] Oh no! I'm sorry yo hear your package was stolen. Have you spoken to us about this yet? If not please do so here: [URL] Please keep us updated. ^AY,2309342,Mon Nov 13 03:05:13 +0000 2017,,,,
1477554,58f6d984fb7eedecf2f9c2766f0e32be91d68663fd8075f2631ff5824e0c0d22,So I get this package today from [USER] and I didn’t order it. No packing slip and not in my order history. iWatch band FTW! Freebie! [URL],"[USER] Sorry you received someone else's order! If you'd like to send it back, please reach out here: [URL] ^DD",1477552,Thu Nov 02 22:53:26 +0000 2017,,,,
2294173,bd7a12fe20da616f326c9ffa604b192d90034638c6db39d4b0e4d05f8d0bd973,"[USER] your Search engine sucks man... :/ All the time... The film is in your server bt it doesnt showup, when searched... [URL]","[USER] Thanks for flagging, Sandeep. I will forward the feedback to the concerned team internally and will get this checked for sure. ^NK",2294172,Thu Oct 19 19:58:06 +0000 2017,,,,
314034,7c1be378161e37803d23a4e1f48796ee2f71e612c2f2b0487b0c5b55d11ad807,[USER] : Hello!! How do I contact customer care for a .in vs .com kindle purchase confusion?,"[USER] You may contact our Amazon.in support team here : [URL]  And [URL] 1/2 ^SB [USER] customer support team here: [URL] for the help, as both are different marketplaces. 2/2 ^SB","314033,314035",Sat Oct 07 05:00:16 +0000 2017,,,,
927561,e9d5d1512a03155145260a0113309c21b468d86c74202fd7d14f607c56f79580,"[USER] I know it is festive time for u, but pls dont ruin ours by AMAZING us with something that did not event happen. #PatheticService [URL]",[USER] I'm unable to comprehend. Kindly be specific with your concern. ^SG(1/2) [USER] Please don’t provide your order details as we consider them to be personal info. Our page is visible to public. ^SG(2/2),"927566,927558",Sat Oct 21 14:38:12 +0000 2017,,,,
1431960,d5a93fb8b03dfe77c4d4fa9d8efe001cfac2cd90a59f0e83fc03b4a2a5081a45,@ #Amazon: se non passo l’esame incolpo te. Tante care cose.,[USER] Cosa abbiamo combinato? 🤔 ^MZ,1431957,Thu Nov 02 08:21:53 +0000 2017,,,,
1087645,f29e4f230940602928f34ae4eecdf739994176efaacb429b0fdb6f3ddd042359,"[USER] [USER] [USER] False commitment, Arogent agents, play with customer hard earning money. All happening in one order(1/5) [URL]","[USER] Sorry to know about the bad experience, Vinay. We'd like a closer look, please drop in your details 1/2^MS [USER] Here: [URL] and we'll reach out to you soon. 2/2^MS","1087647,1087646",Sun Oct 15 10:26:42 +0000 2017,,,,
2419926,cc3049988eaae68047bc80f80c6a0eb4f1d98f6b90f3a91b891747d980823a32,God bless [USER] support. They have been helping my MIL for 30 straight min for my niece’s kindle apps - Daniel the Tiger app is working AGAIN! Thank the lord!,[USER] So glad we could help! We're always here if you need us! ^BL,2419924,Sat Nov 25 22:30:23 +0000 2017,,,,
448302,4a5e4641b34beb279bd34244ed06d1c533ffe0ef5e466f3965f3d2a1a5701282,"Wow, really disappointed in [USER]’s new delivery system. From failed packages last week to chasing down “delivery man” (clearly untrained) & help him carry packages today bc stuff was heavy (he didnt have a cart/dolly). #Amazon #badcustomerservice #amazonoprime [USER]","[USER] This isn't at all the delivery experience we expect! With Twitter, we're unable to access account or order information. Please, reach out in real time to report this via phone or chat: [URL] ^JE",448300,Thu Nov 30 20:12:57 +0000 2017,,,,
361343,7b27337a0a1b6e51df17db8f000b62055834cd6a63172db45eb20dda7bebe2e9,".[USER] free two day shipping has been a blessing to my life, thank you!",[USER] Thanks for letting us know how it's helped! I hope you have a great rest of the weekend. ^MG,361341,Sun Oct 08 17:16:51 +0000 2017,,,,
2301076,be17f6306bdcfd0f0c993c2c611fe2c9547f778f4e2ab1713e52d5a43f4df3d3,[USER] #customerexperience #fail when a specialist to fix an account issue takes 2 days #nohelp,"[USER] Hi Kirsten, my apologies on the delay. To clarify, was the Specialist able to resolve the issue? ^CH",2301074,Sun Nov 12 17:29:40 +0000 2017,,,,
1666551,c9555f6f538d757e85f7ad7c706a297931900e6213aeed29480bdab5b7d26e06,"[USER] How does the Amazon.in decides that one review is most helpful, or most responsive?",[USER] We'll reply to your DM. Kindly wait. ^MJ,1666548,Mon Nov 06 10:50:58 +0000 2017,,,,
2538926,c9555f6f538d757e85f7ad7c706a297931900e6213aeed29480bdab5b7d26e06,[USER] Okay! Thank you so much....,[USER] You are welcome. ^MJ,2538924,Thu Nov 16 09:48:26 +0000 2017,,,,
2777444,3b219b8fe920c32b1e80f6a49747e546c1045c5828528d49def841d8438118bd,[USER]  Just wondering how do you manage to give such a hefty discount of  1rupee on your product. [URL],"[USER] I understand. However, this is the best we could offer at this moment. ^MN",2777443,Tue Nov 21 15:28:46 +0000 2017,,,,
2716937,184f7dd90ea1843e7934b7b56dda137a64453863c09aa2a72e7c06a89c4a7abb,"[USER] Hola tengo una duda, el pasado viernes realicé una compra de un producto vendido por Amazon México y horas después lo cancelé por x motivo, lo qué pasa es que se realizó el cargo a mi TDC y esta se me extravío no se si haya algún problema con el reembolso. Gracias","[USER] Hola Rubén, lamentamos el malentendido. Amazon cobra los pedidos hasta que son enviados, por lo que debes estar viendo una autorización en tu extracto bancario; estas autorizaciones son liberadas por tu banco. Puedes leer más aquí: [URL] ^AV",2716936,Mon Nov 20 06:26:53 +0000 2017,,,,
530729,c57e480a408191a5be41b88b3ad89f8023c576aefa3975b8787fdb15cb4d2bdb,Y que [USER]  no se quiere enterar!!!!. Que no quiero que me envíes nada con Seur.,"[USER] Hola, lamentamos los inconvenientes que has tenido. ¿Podrías comentarnos si actualmente tienes un pedido pendiente de ser entregado? ^FZ",530727,Sat Dec 02 10:22:42 +0000 2017,,,,
1015578,a5e9bd41a82cb8423119a5b5fa9033d89f957062f2b6a95114a6070f169b900d,[USER] hi I've got tickets for j cole tomorrow o2 however I'm not sure if they're actual Seated tickets in the arena? It's AL101,"[USER] Hey Tara, I'm afraid we can't see you account here but feel free to contact us so we can take a look: [URL] ^BG",1015576,Sat Oct 14 15:22:33 +0000 2017,,,,
2907920,b3176552806f8b975ee7cc4ee97216260c2accb3159314f5d42fa56d59e26b2a,[USER] Why do you use #Hermes for delivery? Parcel on their website says 'delivered and signed for' - actually thrown over 9 foot fence,"[USER] So sorry about this, Helen! We'd like to look into this in more detail with you. When you have the chance, please reach out to us here: [URL] so we can investigate this for you. ^VB",2907919,Tue Nov 28 20:09:53 +0000 2017,,,,
1490322,53c792987a433352d7f9d9b8f2aea35252270314ff952b072e11ad324f8e9d91,"Does [USER] have an API for affiliates to search/pull products, and product attributes etc.?",[USER] Hi there! Great question- we do provide our Associates access to our API! More info here: [URL] Let us know if you have any further questions. ^BL,1490321,Sat Nov 25 15:00:10 +0000 2017,,,,
2087205,516806da032588cf76aa51a56df42f5e7c8c3c8ed1123982aecf6cdbcf44276a,[USER] - I don’t understand how an “Attempted Delivery” can be made by one of your AMZL US drivers when they’re literally the next city over. And then y’all don’t even try to deliver it today? I just want my damned peanut butter.,[USER] This isn't the experience we want you to have! Please provide details about your experience here: [URL] ^WT,2087204,Thu Oct 19 02:58:07 +0000 2017,,,,
353590,824dc7006de6f18890ce41b5ed30dcef668581b89d4b941d9ec2cb4b9bd27693,[USER] [USER] You guys are selling Fake products online that is i fact amazon fulfilled and when I ask for a compensation for(1/3),"[USER] I’m afraid, we don't have a compensation policy. We'll get this reviewed by the concerned team. ^MP",353588,Sun Oct 08 11:40:40 +0000 2017,,,,
1090965,824dc7006de6f18890ce41b5ed30dcef668581b89d4b941d9ec2cb4b9bd27693,"[USER] All these orders were either non genuine, delivered later than expected date or dint match the description. Kudos to you guys(1/2) [URL]","[USER] Apologies for the inconvenience with the delivery of your order and the products you received, certainly not intended. 1/2 ^PS [USER] I'd like to take a closer look into this, please share your details here: [URL] I'll look into it. 2/2 ^PS","1090966,1090964",Sun Oct 15 03:31:24 +0000 2017,,,,
1163362,f7647a84f87cd20ca57952f153e36843fbb21158514bb499ff16cd6dbcd19be1,[USER] Please advise your employees who deliver items (not from a 3rd Party shipper) to READ SIGNS on people’s doors.,"[USER] Sorry for your delivery experience w/ us, Kaitlyn! A specialist would like to reach out to you: [URL] ^JZ",1163361,Tue Oct 24 16:53:57 +0000 2017,,,,
2876325,805f4c085e97b68bb78f961a7d780ef670ea7e5557ebfc5b4111b90258276931,[USER] My Order# [ORDER_ID] not received cashback of Rs99/- yet. you guys are bullshit & assholes.,[USER] Sorry to know you haven't received the cashback. Twitter is a social media platform we'll not be able to access any of your account/order details. Please let us know which cashback offer are you referring to? 1/2 ^SH [USER] Please don’t provide your details as we consider them to be personal information. Our Twitter page is public. 2/2 ^SH,"2876326,2876324",Tue Nov 28 05:35:07 +0000 2017,,,,
2539602,a344f058abeaea512e59f3b16f19af4c36828f746724330372a1f84f285e9312,"Ich habe seit heute Amazon Prime Video, das heißt: Ich kann die #Bundesliga auf #Eurosport schauen.",[USER] Du kannst diese über Amazon Channels buchen. Guck mal hier: [URL] Ganz lieber Gruß ^TG,2539600,Thu Nov 16 10:24:03 +0000 2017,,,,
1887822,20ddbdfbbd90b36bfbfbc43eb5d29370cb0484c793e507acfca277f9ef853932,[USER] My money is missing- Amazon.in order #[ORDER_ID] - firstly the wrong product was sent and the seller is asking me to talk to you and vice-vera but no news of the refund!,"[USER] Please don't provide your order details, we consider it to be personal information. Our page is visible to the public. ^AH [USER] I understand your concern is regarding the refund. Kindly reach out to us here: [URL] & we'll help you. ^AH","1887821,1887823",Wed Nov 08 05:39:39 +0000 2017,,,,
1917095,20ddbdfbbd90b36bfbfbc43eb5d29370cb0484c793e507acfca277f9ef853932,"[USER] I have contacted cust care 100 times, so please do not redirect me there! There is a reason I am reaching out on Twitter, cause 100 calls and emails are not working!",[USER] I'd like to look into the issue and set things right. Please provide your details here:  [URL] 1/2 ^SH [USER] and I'll get back to you. 2/2 ^SH,"1917096,1917094",Wed Nov 08 06:11:36 +0000 2017,,,,
230206,207e2e39c30b541862e48c6abafe1d62c7b8269def4d0d42af5b8beab57ceb20,"So [USER] fixed the [USER] Baseball episodes problem I reported 9/16. Never told me. Bit late now, I've no subscription. Annoyed.","[USER] sorry to hear that, can you get a subscription now? ^AS",230204,Thu Oct 05 09:09:24 +0000 2017,,,,
2925560,cc97737133cc4749be488d28d7d32a7fa436a5a6deb578d3ba9bfc1b5f19a762,"Some Black Friday or Cyber Monday, [USER] I have to wait a week for my Prime eligible order!? Stop using [USER] !!! I could have driven to Fontana and back with my item before they'd even lie about having it delivered.","[USER] Oh no! Without giving account details, please tell us more about this! What does tracking currently indicate? Please check here: [URL] ^BE",2925559,Wed Nov 29 03:22:18 +0000 2017,,,,
287417,032ec5361a934ef9d0f0e42be0ddd4ae1e0b8adb8d9acd2f85133fbecf0e010c,Seriously- how did people function without [USER] and Prime?! Just ordered a baby gift card! ✔️Done.   #momlife #Mompreneur,[USER] That's so exciting! Glad we could help out in your adventurous life! 😁 ^AD,287416,Fri Oct 06 14:52:52 +0000 2017,,,,
423738,5262b850a5ba91ccbd1666b795e87a5b9e047b9f75491f6675228a51cd5d69d0,[USER] can you please tell me what's happening here. I spoke to rep and they don't seem to have any update [URL],"[USER] That's unusual. Let us help you out here. Please drop your details here: [URL] (1/2) ^VM [USER] so that we can get in touch with you. Please don’t provide your order details, we consider them as personal info. (2/2)^VM","423737,423739",Tue Oct 10 10:50:50 +0000 2017,,,,
1074610,2a3954ba226f991ee3ed4e08846913dafd3da1ac9aec72223de3c2d95067c9af,[USER] why is it so hard to report I didn't get my package?,"[USER] I'm sorry for the frustration. Without providing any account details, will you tell us more about what's going on? ^KB",1074607,Sun Oct 15 00:23:38 +0000 2017,,,,
2847432,a7f6f36caf73460cd8d83f71a432b2f80463d8502fea0f2edb972c19860e8b9f,[USER] How do I enter giveaways on the Amazon app? I've got the app loaded but can't find any links to the giveaways that I can find on the site,"[USER] Great question! If you search ""Giveaways"" in the app, you should get a banner at the top of the search results that'll take you to today's giveaways. I hope this helps! ^BL",2847430,Mon Nov 27 18:23:42 +0000 2017,,,,
2595455,b47c9947f93294ad3edf724b8dda7e1dbfcc37f01c326f03c9d4df45414dbc3b,"[USER] I want to an invoice copy of my phone which I bought in Dec 2016.
Can't find option old help it's urgent",[USER] Please follow the steps as mentioned in this link here: [URL] to download an invoice for the orders purchased in your account. ^KA,2595453,Fri Nov 17 03:12:35 +0000 2017,,,,
2684299,0243b3ec7117826ca22674aed3d16c6c1a82cb64eaae596931db2c8eb1e7c49b,decided we hate [USER] always messing up our goddamn orders ON PRIME ASWELL!,"[USER] Could you provide us with a few details about the issue, without posting personal info, you'd like help with? ^WM",2684297,Tue Oct 31 16:33:49 +0000 2017,,,,
1669406,f0744831800941cb7cffcebcb354357a99f5de24932e82fbd1b3217cae6393ab,[USER] Hola buenos días ¿Podriais ayudarme sobre mi pedido de la XBox One X? Es urgente.,"[USER] Claro, sin brindar información del pedido ¿cómo te podemos ayudar? ^VL",1669405,Mon Nov 06 12:31:17 +0000 2017,,,,
2866115,405e158d06c73673b4d87277a3890fb67f4b0601663d82cd89276fe8af6e2399,[USER] How do I solve this? [URL],"[USER] Please try these tips, and let us know if it helps: [URL] ^BH",2866114,Tue Nov 28 00:15:28 +0000 2017,,,,
570816,7212ab2937cd19635a1543e332f90c497e2a9af7e02a7f286d5b3cd92fe0287e,[USER]  WORST UI EVER! WORST REPs EVER!! [USER],"[USER] That's quite a remark, Jasgeet! Looks like you've had an unpleasant experience with us. Please do let us know what went wrong, we'd like to assist you. ^EM",570814,Sun Dec 03 03:56:39 +0000 2017,,,,
1004533,4da9b79de7397b48e4b9da53f1034fc5ae8efbc6d84a72e0e5d67e5720341257,[USER] I ordered something that was supposed to be here yesterday and it never showed up.,"[USER] I am sorry to hear this. Can I ask, what website did you place this order on please? [URL] or AmazonUK etc?^GA",1004532,Sat Nov 25 17:03:48 +0000 2017,,,,
320610,288e65988e585a399ebcd9c8119db068a835aa36f7f496f478690db33629f4e2,I lodged a complaint abt the fraud with the Bank. Additionally I logged into my Amazon account and sent an email reg this case. [USER] [URL],[USER] Sorry to know you have got an unknown charge. Could you let us know more about the charge details? We'll look into it. ^PS,320609,Sat Oct 07 11:59:11 +0000 2017,,,,
2504867,5cd9029f24b762ab304b7c07c2ce0a537974181ed812ca970f8f987c7a6d9bae,con eso de que [USER] no deja echarle un ojo al catálogo de prime video ANTES de comprar... pues el que no enseña no vende.,"[USER] ¡Hola! Gracias por tu recomendación, nos gustaría que puedas acceder al catálogo de Prime Video, para ello por favor ingresa en el siguiente enlace y podrás ver la información disponible: [URL] ¡Saludos!  ^PC",2504866,Wed Nov 15 21:24:17 +0000 2017,,,,
2276755,2d98a240ac28a1b14b46ab4ef363663c8215de63fd24333e5c2738a95c05771d,"Please don't buy #AmazonPrime product, no one day delivery it's all bullshit, it takes 5-6 days 👿
[USER]",[USER] I'm sorry for the disappointment. Prime offers free shipping for Prime eligible order. The availability of expedite shipping depends on the pincode. You may refer here: [URL] for the benefits provided for Prime membership. ^SG,2276754,Sat Nov 11 17:27:03 +0000 2017,,,,
503551,22e8c1a4bed4fbce9531edf7ba827844357d1df60320f303ec374a19aaeb28a3,"#ColisPrivé 1ere et dernière fois,colis qui fait Nancy/Lille/Nancy livraison reporté 2 fois et toujours pas de livreur [USER] [USER]  merci de mieux sélectionner vos prestataires","[USER] Bonsoir,
Avez-vous un souci avec la livraison d’une commande effectuée sur Amazon ?
^MD",503550,Fri Dec 01 20:13:02 +0000 2017,,,,
2622540,389a3dd881205fbbb7651e8768654b552d02e0f861f532528a564b92a8c43f0e,[USER] bad qlty products sold on u r site wornout in 3 mnths pl return #amazon #onlineshopping,[USER] Apologies for the ordeal. Could you please elaborate the issue you're facing so that we can resolve it? ^MN,2622539,Fri Nov 17 16:02:18 +0000 2017,,,,
1601617,c3baaee0702602e598a28738a00f9f688e3af4dec841587eca2acc9c683e802f,[USER] Les acabo de enviar un MD para confirmar una sospecha que tengo sobre un correo que recibí el día de ayer... Revísenlo. Gracias,"[USER] Hola Néstor, ya hemos dado respuesta a tu MD ^AV",1601616,Sun Nov 05 05:26:29 +0000 2017,,,,
2009031,c3baaee0702602e598a28738a00f9f688e3af4dec841587eca2acc9c683e802f,[USER] Hi! I have a problem with my pay method on my account.... It says 'Your account and orders are on hold' Can we talk on DM?,"[USER] Sure, we can DM! Please don't provide acct specific or personal info. Was this order placed on [URL] ^LB [URL]",2009030,Sat Nov 04 18:29:33 +0000 2017,,,,
2254512,c3baaee0702602e598a28738a00f9f688e3af4dec841587eca2acc9c683e802f,"[USER] Hola. Envié un mensaje al correo de contacto de Amazon (para resolver mi situación), pero hasta el momento no he recibido respuesta. Tengo congelada mi cuenta.","[USER] Hola, Néstor. ¿Hace cuánto enviaste la información solicitada? Recuerda que el equipo encargado tiene hasta 48 horas hábiles para responder tu correo. ^CR",2254510,Fri Nov 10 23:05:53 +0000 2017,,,,
2304445,1f5d8912d3e2837c0de639b53d1d5853160d0a0bf9c0e288e5c27e1682486aa4,Hey [USER]  could you keep your delivery drivers from being unacceptably lazy and not attempting delivery and then stealing my packages? I want same day delivery not 3 days later and to be robbed. CNt wait for a viable competition in the market,[USER] I'm sorry for the difficulty. What does the tracking say who the carrier is? You can find that information under your orders here: [URL] ^MH,2304444,Sun Nov 12 20:03:44 +0000 2017,,,,
2467236,2fc3af803c429d385da67f3512397be35609c0c24d990f9c3ceeef9d318704de,"Hallo, wie kann man die Arlo Kameras mit dem Amazon Echo 1. Generation ohne… [URL] #Alert #Amazon",[USER] Vielleicht ist das eine Option für dich: [URL] Gruß ^MH,2467235,Sun Oct 29 20:21:19 +0000 2017,,,,
2966548,f42e5e11c58206a6b0549dce5cd380b54fff2fbf6e265fdaaea8d4291a2a5970,[USER] Hello - can you confirm - are all items on PrimeNOW sold and dispatched by Amazon (not third party sellers?),"[USER] Thanks for reaching out to us today. In addition to items that are fulfilled by Amazon, you can also order items from local stores and restaurants using Prime Now. For more info, check here: [URL]  ^FJ",2966547,Wed Nov 29 22:36:27 +0000 2017,,,,
61047,26bf6af19c007335de51138afcc10d3940dc918d5f8d48e692089154e98d5ef3,#AmazonIndia worst service. Almost a month has passed but my refund still not processed. Executive are giving fake assurance every time when I call them. They say that I am handling your concern from now and  when I call next time the new one say may I know your problem.,[USER] I’m sorry about this experience. Please share your details here: [URL] and I'll get in touch with you. ^MK,61046,Wed Nov 01 21:10:46 +0000 2017,,,,
1670700,26bf6af19c007335de51138afcc10d3940dc918d5f8d48e692089154e98d5ef3,[USER] Amazon india is not refunding my money [NUMBER] of Motorola g5s+. A month has passed I have talked to them almost 20 times. Their executives giving me fake assurance. whenever I call  a new executive picks up my call and in 3-5 days your refund will be initiated.,"[USER] earlier here: [URL] ? (2/2) ^MO [USER] We'd like to look into this. Could you please confirm, submitting your details in the link provided (1/2) ^MO","1670699,1670701",Mon Nov 06 12:36:34 +0000 2017,,,,
1672067,26bf6af19c007335de51138afcc10d3940dc918d5f8d48e692089154e98d5ef3,[USER] your executive to whom I talked to last gave 7 days that my issue will be resolved. What kind of service you are providing. Nothing yet. Worst service.,"[USER] I apologize for the inconvenience, I request you to check this as we've responded to your query here: [URL] ^SK",1672066,Mon Nov 06 13:00:36 +0000 2017,,,,
465723,fd64d397e97b5c3cefdad74ac9ba4707c98f81b3433170b2e5b3904c99773c35,Thanks [USER] for making Prime really worth the $80 a year. Order was guaranteed to arrive today via [USER]. It’s 9:29PM and not here. #iwantmymoneyback,[USER] I'm sorry your order is taking longer than expected to arrive! What is the most recent tracking scan from the carrier showing? You can check here: [URL] ^BN,465722,Fri Dec 01 04:32:06 +0000 2017,,,,
1235927,c3111dcf8becb3bf297f82738d3dccc8e97f119dd6ebf8cad2d9417cdf506b44,[USER] How come one of my SPTFB has shipped but the other order has not? Will I not get both on release day? I preordered these in June,[USER] We expect your orders to arrive by the date quoted here: [URL] Please keep us posted. ^JA,1235925,Mon Oct 16 01:42:56 +0000 2017,,,,
1355365,c3111dcf8becb3bf297f82738d3dccc8e97f119dd6ebf8cad2d9417cdf506b44,[USER] I accidentally ordered a game for the PS4 that I wanted for the Xbox one. Is it possible to exchange it?,"[USER] We'd love to help, Marc! Has the item entered the shipping process? If not, the order can be canceled:[URL] ^ML",1355363,Fri Oct 27 19:07:49 +0000 2017,,,,
2317583,47d22dbfd743ec08272468ef5de8b092b431646a4bfae065acb1c02cbea7d273,"[USER] Bonjour, j’ai un soucis avec un de mes avantages Amazon prime (TwitchPrime) est ce que vous pouvez m’aider?","[USER] Bonjour, En quoi puis je vous aider ?
^YL",2317581,Mon Nov 13 08:54:20 +0000 2017,,,,
2973830,a0a375bc54b2f4b2e0b89c26a6e8281cc5d57811549825c9f8ed840d99cf2e24,Paid $25 extra dollars for one day shipping from [USER] for my wife's birthday present and it doesn't even arrive in the given time frame. Thanks guys.,"[USER] Hello Andrew. I'm very sorry to hear you haven't received your order as promised! This certainly isn't what we strive for and we want to help the best we can. Just to confirm, who's the carrier listed for your order here: [URL] ^HC",2973829,Thu Nov 30 02:05:46 +0000 2017,,,,
562921,aebeb6efe7b8198dc13974f50b7ca3463090be855715144eecabc4b19a6bb1e1,[USER] have provided terrible service,"[USER] Hi! I'm sorry to hear about having a terrible experience with us. Maybe we can assist, would you care to share what happened? Please do not provide sensitive information. We look forward to hearing from you! ^DA",562920,Sat Dec 02 23:13:25 +0000 2017,,,,
2309324,c08df40031ad4dc599829218544a29ec3ea4c8a3800cf27a1f95bb3e568e3933,"[USER] [USER] Order date
09-Nov-2017
Order no.
[ORDER_ID]
Where's my order? You guranteed its delivery on 10th nov but today is 13th. No one in your org hasa damn clue about it. And im a prime member, to make matters worse. Poor stuff.","[USER] I'm sorry you've not received your order. Let us have a closer look at this. Fill in your details here: [URL] & we'll assist you. Also, please don't provide your order details, we consider it to be personal info. Our page is visible to the public.^SF",2309322,Mon Nov 13 03:10:21 +0000 2017,,,,
1445455,b863abf1761a4c341f54de8ff2975c6bde15a6cff9dac785ab29388d6de4fa3e,"Dear [USER], this is completely unacceptable. If I drove my other car I would have gone right over this package. [URL]",[USER] So sorry! Who was the carrier listed for the order: [URL] Please let us know! ^KJ,1445454,Thu Nov 02 15:44:06 +0000 2017,,,,
2617288,b863abf1761a4c341f54de8ff2975c6bde15a6cff9dac785ab29388d6de4fa3e,Literally watched the delivery guy put my packages in front of my garage instead of my front door. 😡 [USER],"[USER] This isn't at all what we'd expect, I'm truly sorry to hear that this occurred! Who was the carrier? Check here: [URL] and please let us know. ^JE",2617286,Sun Nov 26 21:32:31 +0000 2017,,,,
389988,800a2bf06fca17b9a842299a0e9abe33f94582bebc5f4c5a568c85d382c3420d,"[USER] failed to deliver package on promised date, I can't believe it.",[USER] support team here: [URL] We'll be glad to help you. 2/2 ^MJ [USER] I'm sorry for the inconvenience in delivering your order. Have you reported this to our 1/2 ^MJ,"389986,389992",Mon Oct 09 14:24:50 +0000 2017,,,,
450719,60b2b04f797d7dc630b114bd7a43370b26f74173603db219eca5d5474aa1f800,So [USER] I pay for prime and 3/5 of my last prime deliveries haven’t arrived on time and one electrical item was left outside?? An explanation would be nice!,"[USER] I'm sorry for the trouble! Delays can sometimes occur due to unforeseen circumstances, although rare. I'm unable to provide an exact reason for the delays. With the item left outside, do you have a covered safe place listed on your address? You can see how (1/2) ^LR [USER] to set this preference here: [URL] (2/2) ^LR","450720,450718",Thu Nov 30 21:40:03 +0000 2017,,,,
292843,92c6309dec80661421035b6f573b69a8ec8d39167d6b1b679a00242b13759adb,"I had to call [USER] customer service today and they were so kind and helpful. It was awesome. Thanks, Amazon! Color me impressed.",[USER] So glad we were able to help! You can give feedback via the links at the end of the email you received after the call. ^AD,292842,Fri Oct 06 16:37:49 +0000 2017,,,,
1020120,5eb88aba1ded112f8d88ade572b9bf663b8b8dbf9c535504dd8395608382c137,[USER] Why is it that my delivery notes of 'leave in enclosed front porch' and the note I Ieft on my door both get ignored and my item goes undelivered AGAIN!,"[USER] While our goal is to honour your preferences whenever possible, we can't guarantee that our carriers will be able to meet these instructions under all circumstances. You can find more info here:[URL]",1020118,Sat Nov 25 17:32:30 +0000 2017,,,,
2873315,52156c574eb2fb4bade0ee92c97dc9cdddbe953f92b59d952985c7d8ed5f92aa,[USER] [USER] why did my stream deck get delivered today open?,"[USER] Kevin, I'm sorry to hear you received your item opened. You can leave package feedback here: [URL] ^SY",2873314,Tue Nov 28 03:48:04 +0000 2017,,,,
2571328,90b0e02961ea644bc3986032a59da14c2b24209463c0f62f1a35b92f2e8be703,"[USER] I want to transfer all content from one kindle to another to include games and scores, achievements, etc. How do you do it?","[USER] We'd love to help! As long as both Kindles are registered to the same account, they have access to the same content. ^AJ (1/2) [USER] However, when it comes to game save files, they will transfer if the app supports online saves. ^AJ (2/2)","2571329,2571327",Mon Oct 30 17:29:29 +0000 2017,,,,
2937423,aa678a4b543839fc5c7e02a3cf63452b46151593362befec963c3dd4a9c86e59,[USER] which order is delayed? This doesn’t tell me and nothing in orders either. [URL],"[USER] Thank you for contacting us. If the link does not take you to your order, please confirm the most current tracking update here: [URL] Let us know if this helps! ^SC",2937422,Wed Nov 29 11:52:13 +0000 2017,,,,
1868912,49e9cec5a15af7f8b073dac79ab40e954120bb66db5b7ebef47dbab51d93f5b5,hi [USER] is this an actual joke ?????? [URL],[USER] Sorry about this. Did you purchase the item from a third party seller or directly from Amazon? ^KM,1868910,Wed Oct 18 08:28:24 +0000 2017,,,,
1123570,340be0ec04b40b4ddf4ea8c9e862558b761dab85c526ec4def4b874917875098,"[USER] if I have shared my KYC details with Amazon while ordering from global store, do I need to again share it with courier agency?",[USER] You can check this with our team here: [URL] They'll assist you accordingly. ^VN,1123569,Sun Oct 15 13:38:15 +0000 2017,,,,
1385288,340be0ec04b40b4ddf4ea8c9e862558b761dab85c526ec4def4b874917875098,"[USER] one of my packages has not arrived, but shows delivered. The delivery agent also don't respond. What should I do?",[USER] I apologize for the incorrect tracking update. Kindly report this to our support team here: [URL] ^VH,1385287,Sat Oct 28 08:55:37 +0000 2017,,,,
2670772,5edc68735f8328aa9cee2f7b75a542f6504f4fb0693b5dbc43fa12c97067ce55,"[USER] [USER] 
This is 4th tym I am getting different Quantity of product as per booking order and as per product delivered in last 2months.
Email Id: __email__ [URL]","[USER] Please don't provide your order details, we consider it to be personal information. Our page is visible to the public. (2/2) ^MO [USER] We're sorry to know that the quantity of items you've received was less than what was ordered. Kindly report it to our support team here: [URL] so that we can assist you accordingly. (1/2) ^MO","2670771,2670773",Sun Nov 19 11:36:29 +0000 2017,,,,
1877680,0fa6b9afc11d16b786701e40aeefe8b8176c2858fbc9a8efcb171d9053b71462,[USER] refer order 4__credit_card__. Instead of replacement of incomplete order you cancelled my order. Now u want me to pay extra money.,[USER] Apologies for the unpleasant experience. Kindly share your details here: [URL] and I'll contact you. ^GS [USER] Please don’t provide your details here as we consider them to be personal information. Our page is visible to public. ^GS,"1877679,1877681",Wed Oct 18 09:51:15 +0000 2017,,,,
1887468,0fa6b9afc11d16b786701e40aeefe8b8176c2858fbc9a8efcb171d9053b71462,"[USER] way to cheat people. Order cancelled forcefully. All offers and discounts deducted, left over money stuck in Amazon pay. Pathetic",[USER] Is your issue regarding the previous order on which we were already working? Do let us know. ^CB,1887467,Wed Oct 18 10:50:25 +0000 2017,,,,
1364738,c0c6b8fdf0f23ce9dbc9bcc2b74636507251d4358ff5ef383a797e195acb45a3,[USER] have you removed the lyrics function on songs with the latest firmware?!,"[USER] We'd like to look into this further, please reach out to us by phone or chat here: [URL] ^SY",1364737,Thu Oct 26 21:11:38 +0000 2017,,,,
807297,3dc95b93570b7fada0122274775f46fbc8365b10a646c54a86712d2e12b1c1c0,Are you serious [USER] ? I was thinking to buy a bra case n amazon surprised me with its crazy cost.. [URL],[USER] Thanks for flagging this. We'll have this reviewed internally. ^SQ,807296,Thu Oct 12 17:55:55 +0000 2017,,,,
2558578,43c18a435f18c458d518c5f9127551b821b3b3d687f7b49fb2590661de2384f4,"Hey [USER], wenn Ihr schon fragt wo mein Paket hinterlegt werden soll und es dann doch einem “Hausbewohner” übergebt, soll ich mich dann durchs Haus klingeln oder hoffe ich einfach, dass “Hausbewohner” sich meldet???","[USER] Hi, wenn deine Lieferung nicht auffindbar ist, melde dich gerne zur Überprüfung bei uns, damit wir hier genauer nachforschen können: [URL] Liebe Grüße ^TA [USER] Und, hast du dein Paket mittlerweile gefunden? Liebe Grüße ^AN","2558577,2558579",Thu Nov 16 16:43:53 +0000 2017,,,,
365996,d92645d8db34d0b8687480b321564c3e29882c1b09efc46f7dc5852f7c2c539c,[USER] [USER] has mobile number registered for some stranger account that isnt mine. They say it cannot be removed. Where do i go?,"[USER] Please don't worry, We'd like to investigate this further, please share your details here: [URL] ^HA",365994,Sun Oct 08 19:51:50 +0000 2017,,,,
379444,45517d43dcf2e005b581490556ac5a321cd17eec63087c2cd8d6adf1e28d7112,Amazon customer care service from excellent to pathetic. Not able to handle pressure? [USER],[USER] It seems you've had unpleasant experience with our support team. Could you tell us what went (1/2) ^ST [USER] wrong so that we could assist you accordingly. (2/2) ^ST,"379445,379443",Mon Oct 09 05:32:21 +0000 2017,,,,
667778,b21779f72b3bd0ef09fe0f443a1f8bfc84220dc6b56c09087eb35eaf876ba511,"Just so you guys know..., this is kinda illegal... I hope [USER] finds a way to track them down and maybe take down their products too just for good measure... [URL]","[USER] Hello, Pete. Thanks for bring that to our attention. You can report e-mails like this one using the link provided here: [URL] ^FJ",667777,Thu Nov 23 03:05:27 +0000 2017,,,,
1622275,b21779f72b3bd0ef09fe0f443a1f8bfc84220dc6b56c09087eb35eaf876ba511,"[USER] I’m constantly getting emails asking for reviews in exchange for a free product. It’s REALLY annoying, how can I deal with this?",[USER] Are the e-mails coming from Amazon directly? ^BM,1622272,Tue Oct 17 11:45:08 +0000 2017,,,,
868097,de4e21269436f8266a86f285e942a2ab3b5709957e47f0aa9a93284987019a05,[USER] gestern soll die Sendung laut [USER] zugestellt worden sein.  Leider ist hier nichts angekommen. Und jetzt? [URL],[USER] ..lässt du das mal von unserem Kundenservice prüfen: [URL] Die Kollegen haben einsicht in deine Bestellung. ^AV,868096,Fri Oct 13 15:02:08 +0000 2017,,,,
854437,66d39eea4a24ea70cacf1106f0e1b3d23872efe56922278d0a8fcf91aa4250ad,"[USER] Hi Team
Please arrange delivery against Order # [ORDER_ID]","[USER] Please don't provide your order details, we consider it to be personal information. Our page is visible to the public (3/3)^GD [USER] All the packages are shipped on time so that it reaches you by estimated delivery date. (1/3) ^GD [USER] Could you confirm if we happened to miss the mentioned time frame? (2/3) ^GD","854436,854438,854439",Fri Oct 20 15:27:12 +0000 2017,,,,
2377231,fb876eaa14d305cc736a1d7b235777f5f8077ce683b2eeeeb12279f5c1a7ed59,[USER] what’s the point of prime if two-day shipping gets pushed to five days?,[USER] I'm sorry about the wait! We want to help in any way. Is there a particular order or delivery you need us to look into for you? ^SH,2377230,Tue Nov 14 02:52:35 +0000 2017,,,,
1570269,1e5d72eaa7185a9619d85cbd716d1b7a4f8f587f82eed2f95b3fcc7aac715f0c,"Aun así los veo en la Mole Comic Con en el stand de [USER] , pasen a saludar :D","[USER] Hola Monch, ¿cómo te podemos ayudar? ^AZ",1570268,Sat Nov 04 16:56:43 +0000 2017,,,,
99952,983f93e6a65844636db240a43d38bc058bce745f9d8023cecddbe100b2c1fea8,olha [USER] eh melhor vc entregar o dinheiro que eu recebi vendendo meu livro no seu site,"[USER] Olá Roger, como podemos te ajudar no dia de hoje? ^VL",99951,Thu Nov 30 17:07:58 +0000 2017,,,,
2056166,91c14cfc1ad37459dc57f6653cec75c2fd3801ee2d9e376ce6d634ea00772883,Love [USER] but is this really an appropriate sized shipping box? Big waste of cardboard #overkill #waste [URL],[USER] We're always looking for ways to improve! Please provide your feedback here: [URL] ^ZW,2056165,Thu Nov 30 20:11:48 +0000 2017,,,,
2543911,8507d573971818e30e8f00c5be07203bc9158819479e210a9a8e2c4edd4597a3,[USER] What's with the fire stick randomly switching to its HDMI input and turning the tv on in the middle of the night?,[USER] Hi Rich. This seems a bit odd. Has it always happened or new issue for you? ^NV,2543909,Thu Nov 16 13:22:27 +0000 2017,,,,
2889285,8507d573971818e30e8f00c5be07203bc9158819479e210a9a8e2c4edd4597a3,[USER] Why doesn't the [USER] have recurring reminders? That seems like a real easy real useful feature.,"[USER] Hi, if you have a compatible calendar, you can set recurring reminders through that, then link it to your account! Here is a link with a guide on how to do this: [URL] I hope this has helped! ^JC.",2889283,Tue Nov 28 13:37:31 +0000 2017,,,,
911534,30d905f859539facff07adeefa6c2517f065686457bcc5da870b180f828db12d,"[USER] My BiL sent a kurti as Diwali gift for my daughter. Your bill, & product listing, claims it's cotton. Delivered 100% synthetic pc.",[USER] I'm sorry to know that the product you've received wasn't as expected. Kindly report this to our support team 1/2 ^EM [USER] here: [URL] & we'll look into it right away for you. 2/2 ^EM,"911535,911532",Sat Oct 21 06:40:32 +0000 2017,,,,
911542,30d905f859539facff07adeefa6c2517f065686457bcc5da870b180f828db12d,"Are these really ORIGINAL [USER] respirators, [USER]? I ordered three different types. Received two sets in one delivery. [URL]",[USER] All products offered for sale on Amazon.in are authentic. Further you may reach out to our support team 1/3 ^SB [USER] here: [URL] regarding the other item which isn’t received by you. Please don’t provide 2/3 ^SB [USER] your account details as we consider them to be personal information. Our Twitter page is visible to public. 3/3 ^SB,"911544,911543,911541",Sat Oct 21 06:36:33 +0000 2017,,,,
2392643,441ce5621495e4b72c73666dcd2a83a10158ddc0b994dc4cd1cf1a01dee2f5c1,When you order a glass bowl from [USER] and they get it 50% right. #loadsofglass #nobowl 👎🏾 [URL],"[USER] Hi, really sorry to see this. Have you contacted us to get this replaced? ^KK",2392642,Tue Nov 14 10:58:50 +0000 2017,,,,
644725,07660cbe9db9b7f07e2a72269a73a14376fb4027343dbf717d82bc79c343a53a,[USER] three of us at home - no door knock but a card has just been out through the door ‘sorry we missed you - parcel in porch’. Ermmmmm really?! No one knocked!!!!!,"[USER] I'm very sorry for that experience, Joanne. Whenever you have time, we'd be happy to directly receive your feedback here: [URL] ^SK",644724,Wed Nov 22 18:17:44 +0000 2017,,,,
339476,57f0eaad87055480dfd4421518e19672e008d3028ef0faa568b8dca9ffbae7e5,[USER] where is your customer service number??? 😩😤😡,"[USER] We're here to help, if we can, or you can reach us best by phone or chat here: [URL] ^AM",339473,Sat Oct 07 23:29:44 +0000 2017,,,,
2967723,78908c9a5da0abfea9755de19b2e29cc01fcf58d6bd45829726b4fbe8c6c6e73,I've been given the run a round from 2 different call centers who you outsource too btw & they just put me on hold!! [USER] [USER] where's my tv??,"[USER] I'm sorry to hear your order has yet to arrive! Have we missed the delivery date shown in your order confirmation? If the item has already shipped, what is the most recent tracking update showing here: [URL] Keep us posted! ^BN",2967721,Wed Nov 29 23:20:16 +0000 2017,,,,
1201203,01103a14bcd6f72a059955729836769037163dcbcb277aa9ac8403e8add3cf3e,Y cuando en [USER] todo era genial se inventaron Amazon Logistics para fasridiarlo todo. Que desastre de servicio. Fatal.,"[USER] Hola, lamento cualquier inconveniente, ¿ Podrías informarme si tienes algún pedido pendiente de entrega? ^AZ",1201200,Wed Oct 25 13:09:37 +0000 2017,,,,
1673706,90aad3ae2a7c3892f439080ca05da45f04465321b5c6115b40873d4870184b75,"Such a shame, had to open twitter to get my [USER] and [USER] account unlocked. Contact us @""__email__"" is a waste!","[USER] Sorry for the inconvenience, may I know if you have any pending issues with your account? ^BS",1673704,Mon Nov 06 16:37:50 +0000 2017,,,,
1558717,e58f86065a87e81cf8f790c83e59317ddc00587463f1240ef6a32fe1cdded836,.[USER] Love the Echo! When is Prime Music streaming going to be available? No complaints otherwise [URL],"[USER] Delighted to hear that you love it. Regarding Prime music, currently there is no announcement. Stay tuned for updates. ^AM",1558715,Sat Nov 04 13:02:17 +0000 2017,,,,
574521,55a8960fec918d21e2445a0f87f04c4b7bfcfc41ff924c286fe3b67f636ebd82,Hi my account was hacked [USER] [USER],[USER] I'm so sorry for the trouble with your account! Please reach out to us here: [URL] so we can look into this for you. ^JN,574520,Sun Dec 03 06:52:22 +0000 2017,,,,
2395751,7d50dbcd46b576b46ecf73da31980ed07114ea3bc1d55cfd44dafc734b15bc1a,[USER] I want to know can I reedem [URL] voucher on amazon.in,"[USER] As [URL] is our partner website and works independently, all vouchers offered by them should be redeemed on their website only. ^SU",2395750,Tue Nov 14 12:18:54 +0000 2017,,,,
1318955,169f183c0f12d9a62cafe87d32c208b51b1ec89ba83eee1e6feeb86e45994387,"[USER] i didn't received the product and you guys texted me that it is delivered, what is this? [URL]",[USER] Have you reported it to the support team here:  [URL]  (2/2)^HR [USER] I'm sorry to hear about the delivery of the order. Let us look into it. (1/2)^HR,"1318952,1318958",Fri Oct 27 08:09:01 +0000 2017,,,,
2055055,a894dd1accb183559cc8fa02eaf04dffd03da6011cb92d10aaef1683e071af42,Triggered when [USER] fails to deliver a package 3 times. I blame [USER] or amazon delivery company.,[USER] I'm sorry your order has yet to arrive. Please contact us here so we can look into this with you: [URL] ^GG,2055054,Wed Oct 18 23:57:27 +0000 2017,,,,
693902,52801e755fd96bf9dd12e3398bab71c1033ee651e0ad22f0ac9e2bf2b4690d19,"[USER] Any plans of including Kannada ebooks? or just confining to Hindi, Tamil, Marathi, Gujarati and Malayalam ?",[USER] We do have Kannada ebooks on our website. You may find the same here: [URL] ^SG,693901,Thu Nov 23 14:32:47 +0000 2017,,,,
2297484,aa645550bf34260982d80e373bbda134e45bb09e32fd01f8df9601421f8c6848,"Nota: nunca más,  comprar en [USER]","[USER] Hola, ¿qué ha sucedido? ¿Se ha presentado algún inconveniente? ^KS",2297483,Thu Oct 19 20:21:36 +0000 2017,,,,
2766303,bf5b4538a3a9ed5612f5c1b9b6795dc6ddca900d4c5f55e549537203789d457d,"Now #FraudAmazon #Amazon says the product is on the way after claiming it was deliverd and rejecting to provide proof! #news18india #aajtak #abpnews 
[USER] [USER] Sir, FDI is good but cheating people in the name of FDI #Amazon [USER] [URL]","[USER] I'm sorry about the conflicting tracking information. Kindly share your details here: [URL] and we'll check. Also, please don't provide your order details, as we consider them to be personal information. Our page is visible to the public. ^GK",2766302,Tue Nov 21 09:06:09 +0000 2017,,,,
21880,9685296779133b563cca344d0d8147fa4f4284360bb5136d8fdf2cec379409cc,[USER] Customer care is not capable of solving issues regarding refund and return. Need to speak to senior manager who can solve the prob,[USER] I'm sorry to hear about the trouble you had. I'd like to personally help you. Kindly drop in your details 1//2^AR [USER] here: [URL] and I'll look into it right away. 2/2 ^AR,"21882,21878",Wed Nov 01 07:59:14 +0000 2017,,,,
2452870,ccd763f420b969af19ede910c65b39a23d0db67213f43f559807da4332d4e446,[USER] your payment services are not up to the mark.. Google pay is better..,[USER] Sorry for the disappointment with the payment services. I'll surely forward this as feedback internally and we'll work on it. ^SQ,2452869,Sun Oct 29 18:06:27 +0000 2017,,,,
2452901,ccd763f420b969af19ede910c65b39a23d0db67213f43f559807da4332d4e446,Trying to join Amazon prime but failed [USER],"[USER] Oh, that's unusual! We'd like to get this checked and help, Ganesh. Please connect with us here: [URL] ^MA",2452900,Sun Oct 29 18:07:18 +0000 2017,,,,
1694495,fc4ff4c6de20a0e8d6e2f7a20adad8da822fdf78fdd3eff06d5f414a59b3773b,[USER] fuck service provider ur. Better you leave india. Flipkart provide better shopping experience on their website,[USER] That's quite a comment. Could you kindly elaborate on the issue to let us help you better? ^PB,1694494,Tue Oct 17 15:57:11 +0000 2017,,,,
1507923,5fafb4097286d59ae7b839b079140f47b1de68e79400efc4a1d69fef0e71ad84,"""Le colis a été livré à un résident. "" Sérieusement [USER] ??","[USER] Je suis désolé d'apprendre cela, quel est le transporteur qui s'est occupé de la livraison de votre colis ? ^ME",1507921,Fri Nov 03 13:43:31 +0000 2017,,,,
2498234,98b38476251b62db39afa0766a2dd4aafefd6e12d2766f234f0fd31f0fbbfee7,Continued. Stop fooling the customers. Do you really try & call [USER].20pm to deliver. #amazonsucks [USER] [USER] [USER]  2/2 [URL],"[USER] Please don't provide your order details, as we consider it to be personal information. Our Twitter page is public.​ ^RW [USER] I’m sorry about this experience with your order. I’d like to assist you, please fill this form: [URL] ^RW","2498233,2498235",Mon Oct 30 03:32:00 +0000 2017,,,,
2816290,35f09cc3e226504116c34916d85bec253a2df5ed08d58d0effc91f7739c02bc0,[USER] There appears to be no way to contact you on your site about an order you show as delivered but in fact has not been. Only been a week now and it's in USPS purgatory.,"[USER] Thanks for reaching out, Andy! I'm very sorry you've not received your order. We'd be happy to look into your available options with you via phone or chat here: [URL] ^KL",2816289,Mon Nov 27 03:37:19 +0000 2017,,,,
1453987,3539e05e60f5897761eb448e8be2d0954427d7cb2fc7591f547ef51f6506c0f5,"[USER] cuando podre ordenar leche de coco o almendra, asi como cereales y panes ?","[USER] Hola Vicente, en el momento no contamos con esta información, más novedades serán publicadas en el website. ^DA",1453985,Mon Oct 16 19:55:57 +0000 2017,,,,
1584465,3539e05e60f5897761eb448e8be2d0954427d7cb2fc7591f547ef51f6506c0f5,ahora si [USER] se sacaron un 10 [URL],"[USER] 😊 Cuéntanos, Vicente, ¿ya sabés la primera serie o película que vas a ver? ^LG",1584464,Sat Nov 04 20:43:32 +0000 2017,,,,
2318857,caa195a6d0f14c8432dff32d274c6e94f13ca67b5ac96019c4a99e1e83338c9e,"[USER] how many times do i need to tell Alexa i don’t like coldplay before she stops playing coldplay songs in your playlists?

current count: 684.",[USER] Sorry to hear your not a fan. Here's information on how you can create your own playlists: [URL] ^MI,2318855,Mon Nov 13 11:25:42 +0000 2017,,,,
1138340,237fc4ebb1fe9357267894e713a5b5434173d1637c8893864b99623a23fa36e6,"[USER] Hi! Im trying to take use the 5 EUR reduction on the amazon.fr app, but it does not appear on my cart as it said it would! help!","[USER] Hello, which product would order you with this 5 EUR reduction please? Because there are some restrictions for using reduction?^BR",1138339,Wed Nov 01 22:53:35 +0000 2017,,,,
861859,436c04944e30f93354a1bdfd0d64301c329abda672f36b262023a19c8798d1ef,Not had this one before [USER] just sent me an empty box. How can no one spot it was just two pieces of cardboard masquerading as a box,"[USER] Oh No! I'm sorry for the troubles, Simon! Let's discuss options in real-time. We're here to help: [URL] ^SK",861857,Fri Oct 13 14:35:53 +0000 2017,,,,
1454122,3e414119df3301b639d60268b56f16affd0a377df5f6585df54515b7da9ee420,[USER]  where is my Gary Barlow presale ticket email??,"[USER] Hey Alison! This link should help! [URL] If you need any further help, please reach out! ^BE",1454120,Mon Oct 16 19:42:40 +0000 2017,,,,
643694,18f00f247853632d8e9c13fd93be6e1368a6ad69db4cc8bd5206df19ef58fdb1,[USER] What's wrong with your website? Can't access it.,[USER] I'm sorry for the trouble! What device are you using? Are you getting any error messages? ^EP,643693,Fri Oct 13 05:44:00 +0000 2017,,,,
637344,960efcf04072dea986be1de624d1430696177059ac05b6f08716808b9a5a9cdd,"Ordered an Xmas tree from [USER] and the left picture is what was advertised, the right is what has been delivered #speechless [URL]","[USER] Oh my goodness, Nick! I'm so sorry that your tree is not the quality you expected. Please make use of our online returns center for this order: [URL]  And do not hesitate to ask if you need further assistance! ^SP",637342,Wed Nov 22 19:28:38 +0000 2017,,,,
465833,5e80b6e85110b52b43a89ded686d9391171203208be8a034f2819e11ab8b407c,Amazon guaranteed delivery is crap! AMZL is the WORST delivery service EVER. How can you guarantee a delivery going to an Amazon locker and then not even get the order there? [USER],[USER] I'm truly sorry! What is the delivery date for your order? This info is located here: [URL] ^SH,465831,Fri Dec 01 04:25:54 +0000 2017,,,,
627785,e1f2752f662f1a5dceb860c4c43245e5b7c380baf587ad3c73d8ac5734a411d3,Plus de 30mn au téléphone avec [USER] pour qu’au final on me dise « vous êtes client prime ou pas ? ». Pourquoi ? Les clients « prime » sont privilégiés ? Très déçu de la part d’Amazon. [URL],"[USER] Nous vous présentons nos sincères excuses quant à la gêne occasionnée, pourriez-vous nous expliquer davantage la situation je voue prie? ^SA",627783,Wed Nov 22 14:54:13 +0000 2017,,,,
2812138,e1f2752f662f1a5dceb860c4c43245e5b7c380baf587ad3c73d8ac5734a411d3,Bonjour [USER] ! Est-ce normal ? Pour une livraison payée 10€ qui était censée arriver en 1 jour ? Deuxième jour de retard.,"[USER] Bonjour Ahmed, je suis désolé d'apprendre cela. Quelle est la date de livraison qui vous a été communiquée dans l'e-mail de confirmation de commande ? 
^ARC",2812137,Wed Nov 22 08:20:51 +0000 2017,,,,
2115576,ac91873a05310c38df1c5b276fa199db120a97569ddd85c418f3a596e9c352f5,"[USER], a bit eager aren't we! Accepting and confirming a delivery date when the payment hasn't gone through. Meaning it didn't arrive because you needed new card details. Seriously. Don't confirm something if you haven't got what you need.","[USER] We won't charge your card until the order ships. To confirm, was your payment declined? Please let us know, Emile! ^FD",2115574,Wed Nov 08 17:19:52 +0000 2017,,,,
2694992,6c67b32f29798c82a40fba982bc4a71541d3786401b09906fbdbb4e08c381515,"OMG 
trying to return something to a chinese third party vendor at [USER] is a nightmare
 imagine returning a 20lbs pkg to china.
 freight costs $300+
 seriously fucked up.",[USER] I'm sorry for this issue with your return. Please let us go through options with you here: [URL] ^DO,2694990,Sun Nov 19 17:58:55 +0000 2017,,,,
147292,a735a4318c9abbd4a7311c6cc9340f79abd833053874948a5dea26d18f340f79,[USER] DISPATCH MY MAGAZINES IVE ALWAYS BOUGHT STUFF FROM YALL I DONT EVEN LOOK AT FLIPKART IM LOYAL,[USER] All the packages are shipped on time so that it reaches you by estimated delivery date. Could you confirm me if we happened to miss the mentioned time frame? ^GD,147291,Fri Nov 24 14:01:22 +0000 2017,,,,
445625,a735a4318c9abbd4a7311c6cc9340f79abd833053874948a5dea26d18f340f79,[USER] Can y'all please ship my reputation magazine I'm anxious,[USER] All the orders are shipped and mapped for the delivery based on the estimates provided. Kindly let us know if we happened to miss on that? ^HS,445624,Wed Nov 22 09:51:09 +0000 2017,,,,
2824736,a735a4318c9abbd4a7311c6cc9340f79abd833053874948a5dea26d18f340f79,[USER] deliver my order already challenge,"[USER] Hi, what Amazon website use to place the order? [URL] / ,co.uk / .de? ^JJ",2824735,Mon Nov 27 09:17:19 +0000 2017,,,,
601318,d0a22d34cd531150b093881a6fd990453771bdf3ef38491688f861866e7e1e28,[USER] love to return home to find our moisture sensitive package left on the street (of a busy town) soaking wet. Well done 👏,[USER] I'm so sorry for the difficulty! Please call or chat with us here: [URL] so that we can look into some available options with you. ^MH,601316,Sun Dec 03 21:19:36 +0000 2017,,,,
2688062,3a367a95fde304a2c7630a98f15e3591e13e78e2a605d4b36fca5ed5bdc5932a,[USER] not so much delivered as thrown over a fence! [URL],"[USER] Hi, sorry to see that, is the item ok? ^JJ",2688060,Sun Nov 19 14:22:33 +0000 2017,,,,
2191000,16aa947a541a3234203bf4a50adf9ff7046600fa35389719ab0ac5018ba73a2d,"#LaFeteEstFinie Merci [USER] qui livre un jour en avance

IL TUE

Merci d'exister [USER] je t'aime tellement fort [URL]","[USER] Bonjour, nous sommes ravis d'avoir pu vous donner satisfaction... ^MD",2190999,Thu Oct 19 13:26:41 +0000 2017,,,,
83338,a8d9e5ff2cd60a39ecd97f8e84feda2786e9498c8e4b1613302fc736e041a7bf,"Shoutout to [USER] for the super deal on glue sticks. Sincerely, teacher that’s out of glue sticks in December 😬 [URL]",[USER] Glad we were able to help 😊 ^ES,83337,Thu Nov 30 13:51:48 +0000 2017,,,,
2419483,d9bbae7fcf971d48a76bd5c9995ecc9d944c19d9023e49522571e1da80611844,"""Oh yeah, none of the neighbours will see it there!""

Seriously, [USER], this is unacceptable. I'd rather have to pick it up than this. [URL]","[USER] Sorry for the frustration with your delivery, Peter! Let's take a look into this w/ you here: [URL] ^JZ",2419482,Sun Oct 29 12:22:58 +0000 2017,,,,
2625676,35be9c0eb0201713d8a0e5d6a48af85d0720abbfd7ee64a62fb20ed4aa2def24,[USER] Who could I get in Contact with regarding Amazon's Indie Game Development investments? Thanks!,"[USER] Great question! If you'd like to submit a proposal to one of our departments, please see here: [URL] ^FD",2625675,Mon Oct 30 23:24:09 +0000 2017,,,,
1437375,ab154d8cc9d8580b27ed7fc75d2783e7127bc5f2d0aeaabb5a52d1f0c1083714,[USER] I have 1st generation [USER] device. When will I get update for it so that I can use it in India. Will I get it ever? ☹️,"[USER] We'll be happy to address your concern, kindly connect with us here: [URL] ^SG",1437373,Thu Nov 02 14:07:11 +0000 2017,,,,
1499896,ab154d8cc9d8580b27ed7fc75d2783e7127bc5f2d0aeaabb5a52d1f0c1083714,[USER] [USER] When [USER] 1st Gen is getting software update for India???,"[USER] The device sold on Amazon.in are of the latest software. For further updates on the device, kindly visit the Alexa app. ^RB",1499895,Fri Nov 03 14:01:41 +0000 2017,,,,
1423788,3fd309ad821cecfa303bfae8c68c59a0670cc81c95228d7160d20c6ee29209f2,[USER] pretty sure you have enough money to cancel an order made by mistake that has not being dispatched #amazon [URL],"[USER] Hi, here are the instructions for canceling eligible orders: [URL] ^JJ",1423784,Thu Nov 02 09:58:57 +0000 2017,,,,
2945528,32dac78cdaf0cd73edc5ae25aec57c35f3cc84e25c43674dfb46406a0920fe44,[USER] Bonjours je vous contact car colis est soit disant livrer mais il est introuvable,"[USER] Afin que notre service client puisse faire des recherches à ce sujet, je vous propose de les contacter via ce lien : [URL] 

^YL",2945527,Wed Nov 29 15:28:55 +0000 2017,,,,
224939,4fc5da76fd2efe11a99e8f02fa696b4a44742c2f37e53a4ea8c50e088d8f0cc9,[USER].Fraudalent activity- Repeatedly happening despite being PRIME members Just few days ago on 27/9 and... 1/1,[USER] support team here: [URL] ? (2/2)^HR [USER] Sorry to learn that order isn't delivered. Let us get it right. Have you reported this to our (1/2)^HR,"224946,224937",Thu Oct 05 05:41:38 +0000 2017,,,,
233767,4fc5da76fd2efe11a99e8f02fa696b4a44742c2f37e53a4ea8c50e088d8f0cc9,[USER] [USER] Shocked.... Till now No action taken from your end to solve the problem... Only effort from your team is to buy time.,"[USER] We are here to help you, Taruna. As you have submitted the details, we will have this checked and get back to you soon. ^KS",233766,Thu Oct 05 12:18:07 +0000 2017,,,,
141030,60696c36832dc17aef4bbaf9946c502a9061ae6e3b64ecd96ff3ab1b4d53fea2,"[USER] on a roll this week. Booked a designated Prime delivery for today. Not on van yet and we're 30 miles from depot. Lost another delivery due on 21st, reordered to be delivered today. Not even dispatched. Apparently their busy, shouldn't promise what you can't deliver!","[USER] Hey Sandy, what is the current status of your order? Some orders go out for delivery later on in a day and are delivered that same day. Since we are in a very busy period some deliveries might take longer: [URL] ^MA",141028,Fri Nov 24 11:41:52 +0000 2017,,,,
311040,ce0b5e444993bce62439a78fe31202c5b7b93f38dde2786b8ee2366a9e1726ac,"[USER] So you charged my card 4 days ago, and haven't shipped anything yet?",[USER] I'm sorry for the inconvenience! Was the order sold by Amazon or a third party seller? Check here: [URL] ^DW,311038,Sat Oct 07 02:45:13 +0000 2017,,,,
558471,95b6631de31572769c189d43d6a40a7e15f2e87535adce80d9bb8a7461b8572c,"[USER] ticking me off! [USER] Prime. Needed by Friday so ordered Wed, then on Friday morn it said due 2 ""operating conditions"" it would B delayed. Now sched 4 TUES! 50 miles away n has been since Fri morning! Why? Could drive there in an hour but apparently UPS CAN'T!  [USER]🤬","[USER] I'm so sorry for the delay! Please keep us posted as we want to make sure your order arrives, if it hasn't been delivered by Tuesday please reach out. ^AG",558470,Sat Dec 02 21:42:14 +0000 2017,,,,
2260772,6c68873e143747792313a5b90b986a1cb04bda2e0b92c1ea2066cc771088a5a6,My amazon fire froze and I am offended how DARE [USER],"[USER] I'd like to see how we can help. If it's your Fire Tablet, have you tried restarting it: [URL] If it's a Fire TV device, restarting is at the top of this page: [URL] ^MG",2260770,Sun Nov 26 14:54:43 +0000 2017,,,,
2969420,6c68873e143747792313a5b90b986a1cb04bda2e0b92c1ea2066cc771088a5a6,Yo [USER] y'all gonna help me with my fire stick being frozen or what it's been like three days now since I asked,"[USER] Hi there! Thanks for reaching out. Were here to help. Just to confirm, have you done this basic troubleshooting listed here: [URL] ^LH",2969418,Thu Nov 30 00:17:24 +0000 2017,,,,
2504698,42021272dbb28b50a76bfc20327eaa8e46cd3f4a08bd3c5c8907a430fb0d145b,[USER] this was how my parcel was left marked as delivered and signed by customer. It’s food order too. Not acceptable. [URL],"[USER] We're sorry for the way in which you parcel has been delivered. Is there any damage to the any of the contents inside? If you notice any damage and need to return the item, please navigate here: [URL] ^TE",2504697,Wed Nov 15 19:58:17 +0000 2017,,,,
2081567,f448eff1ab938a1aacdaab6fd75265cf5eaff2ff0cbaf52177a7f47d9c80a5cf,"[USER] thank you for finally delivering me my phone after a day's delay
Disappointing courier service
But still I wish u a happy Diwali",[USER] We are glad you have received it. Thank you for your wishes and A Very Happy Diwali to you and Family. ^VM,2081566,Thu Oct 19 02:45:21 +0000 2017,,,,
463382,9141042f9a706b8a80a5df2f2a44cb495fae486180f82c2644f1fd0f747f8ff8,[USER] been on the phone for 40 minutes and the gold music just went dark. You and alexa have both abandoned me tonight.,"[USER] We are still here for you! Without giving any personal/account info, can you please tell us a little about the issue you are facing? ^BA",463381,Fri Dec 01 03:07:17 +0000 2017,,,,
2980908,d0e5b563702ee7afd707ffe820467543e3ede2eb84aa364bbc1172e0bcd8b7f2,"They should just rename Amazon Logistics/AMZL_US to be ""Some Random Dude Shipping"", or ""Your Shit Will Be Late Shipping"", or ""You Are Now Getting The Shaft, Valued Prime Customer Shipping""",[USER] I'm sorry for any trouble you've experienced with your recent deliveries! I'd like to have a member of our team look into this on your behalf. Please send us the details and order/tracking numbers here: [URL] ^SB,2980906,Thu Nov 30 04:50:25 +0000 2017,,,,
486701,7f65ba17d08484ed75b0f75cb793c29e28f3febc4b1c937eaf7bdef5e21c1ff4,"Usually [USER] are amazing with service, however this order has been frustrating! Even called customer services and they weren’t much help.... just have to wait and see if it shows up",[USER] I'm sorry for the poor experience! Do you have a current order that is late or delayed that we can help you with? ^ZW,486699,Fri Dec 01 15:39:01 +0000 2017,,,,
530846,d22e15b866d1face78373c1a3c1e848c6077e9137bedfcb4f9c5968dad8b9ce7,Yes colis reçu ! Merci [USER] [USER] ! 😁🔥 [URL],[USER] Je suis ravie pour vous 😍 Profitez-en bien 😉 ^SM,530844,Sat Dec 02 09:45:53 +0000 2017,,,,
2829564,d22e15b866d1face78373c1a3c1e848c6077e9137bedfcb4f9c5968dad8b9ce7,La bonne affaire je pouvais pas passer à côté 😁 Merci [USER] [URL],[USER] Meilleur deal pour les streamers :p ^AR,2829562,Mon Nov 27 12:22:37 +0000 2017,,,,
546515,4e97d247f7961938662df57a0f9bd84ee4eaf905ce06fe6d83aa900cfb3d5d62,[USER] [USER] [USER]  Why is the technical issue not getting resolved between Amazon and SBI for past one week? Is it only with SBI? [URL],[USER] I'm sorry for the trouble caused over this error. Have you reached to our support team here: [URL] for assistance on it? ^RW,546514,Sat Nov 25 07:20:14 +0000 2017,,,,
744093,cd0a8c1843520ede744b3a8c17dacf55b7e0b8946e1478a31fc94a6938d73393,Sneeky Pete en [USER] es de las mejores series.,"[USER] Groenewold, ¿qué dirías que es lo que más te gusta de la serie? ❤ ^DA",744091,Wed Oct 11 16:11:20 +0000 2017,,,,
1773810,92da229d19e26869959ad97934b0f7d99881dde0940d3cd4791d69e8d42ae150,WTF THE FUCK is this with my Amazon Echo,"[USER] Hi there, could you tell us a little more about what's going on with your Echo? We're here to help! ^BL",1773808,Tue Oct 17 22:00:00 +0000 2017,,,,
1125307,60d4bdc4916f046d62347a0540e69b20050a4641b7100b7b655e638def5ce8df,excuse me [USER] why haven't my items shipped yet,"[USER] Hey, what estimated delivery date were you given? ^RS",1125306,Tue Oct 24 08:00:43 +0000 2017,,,,
2331911,ea1ae4ff110420b1db346ae5e64f011491842f7d664d9b8a10e6247050f1e41f,"[USER] been on hold for 55 minutes, waiting to be transferred to the US. Is this what you call #customerservice ?",[USER] Oh no! Please be sure to let us know what's advised during the call and if you are able to get in contact with the rep. ^TG,2331910,Fri Oct 20 00:55:14 +0000 2017,,,,
2289814,a91c6779447a51570696741847dd964e5a2d4de4a5042560f436ad27f69e9a90,#Amazon your ATS sucks big time... Start taking help from other competitors.... #amazonindia  #Amazonlogistic #Worstservice #secondtime,[USER] It appears you've had an unpleasant experience. Could you please let us know what went wrong? ^AP,2289812,Sun Nov 12 05:52:20 +0000 2017,,,,
2230634,bc617b34f7431ffe0aa62c92aad871135c8952c3ad232ef9290a99b71af38c43,"[USER] bought a book and didn't realise It was kindle edition, wanted hardback. Clicked refund. How long will that usually take?",[USER] Hello Abigail! Refunds can take up to 3-5 business days. You can learn more about them here: [URL] ^JZ,2230633,Thu Oct 19 16:09:19 +0000 2017,,,,
2199075,8a0aaa1b20a6a88dfc3d650fdfb51c9ca6958255bc14c0d99be8289817cd4f2d,I've been bamboozled... IVE NEVER FELT SO BETRAYED IN MY LIFE [USER] [URL],"[USER] Sorry for the wait! Typically, late orders arrive the next business day. If yours doesn't contact us here: [URL] ^NN",2199074,Fri Nov 10 01:11:04 +0000 2017,,,,
2594359,7a187c0179af6233c70e2436626f774d98a797f7a5d88981aabc6860516fe1c9,[USER] my Echo Show maybe pop noises every 5-10 seconds when I play music. Any idea what this is and how to stop it?,"[USER] Very odd! We'd like to take a closer look at what's been going on and assist you directly, please reach us via ""Help & Feedback"" in your Alexa app. ^LM",2594358,Fri Nov 17 02:23:53 +0000 2017,,,,
138221,c49ac105018e853290c5b922a97fd439c659a5e9df53dd5b5b7500b42ace887d,[USER] Am confused as to what I am paying for Prime delivery for when I can get anything delivered until next Tuesday?! Can you explain?,[USER] Hi Joanna! One day delivery would also depend on stock availability and the delivery address selected. May I ask what you're purchasing so we can take a look?^CN,138219,Fri Nov 24 10:23:27 +0000 2017,,,,
2518054,96836f489e7699e4b9a476b0f50d7dcee05ecfabe608f619413b2f9128370467,"[USER] What can I do to report a fraud seller that gave a false tracking number, the same tracking number in fact to several buyers?","[USER] Hey there! We can look into this with you, at your nearest convenience please reach out to us here: [URL] ^GM",2518053,Thu Nov 16 00:35:33 +0000 2017,,,,
2562266,8a4a4722075f7130b38181713e965c20c2b638edda43759c21fa7057de0c4a71,"Very frustrated that some [USER] drivers listen to my request to deliver to the door, yet others take the lazy way and deliver it to the front office (which is closed today) and now I can’t get my package that I was set to utilize today.",[USER] I am sorry to hear that we missed the mark in processing your order.  Which carrier was assigned delivery of this latest order? You can find this information in the order details from here:  [URL] ^CH,2562265,Sun Nov 26 20:23:03 +0000 2017,,,,
2277127,4893425b81093c40071c9197eb49c4cdefe88595985ed88068d72ff28e502755,"[USER] Salve, mi chiamo Luca e vi chiedo se, acquistando uno smartphone sul vostro sito, la garanzia è la stessa di quella che prevedono i negozi fisici? Non rilasciando scontrini, quale tipo di ricevuta d'acquisto mi date ai fini della garanzia? 😀","[USER] Ciao Luca, tutti gli articoli venduti da Amazon sono coperti dalla garanzia legale di 2 anni: [URL] Se desideri usufruire invece della garanzia del produttore, puoi stampare la ricevuta d'acquisto da qui: [URL] A presto! ^MP",2277125,Sat Nov 11 17:13:09 +0000 2017,,,,
2696113,d35a0c913fecdc81fd5fce96c6cab0fe4b214189df88b26a1037a34d86e3f2c3,"Oh cheers, [USER] for putting my parcel in the bin with dirty nappies and dog shit 😡😷🙄 [URL]","[USER] So sorry! For future deliveries, you can set your unattended preferences here: [URL] ^KJ",2696112,Tue Oct 31 18:04:23 +0000 2017,,,,
2968319,da2dd98ccced77c67a058f1b575d8ac90606f86bd93f4be39447e36964a3485c,[USER] I would really like to be watching tv on my fire stick right now!! 2 day shipping. It should have been here by now!,[USER] I'm sorry for the wait! What was the delivery date for the device given to you in the confirmation e-mail? ^DD,2968317,Wed Nov 29 23:40:41 +0000 2017,,,,
682950,aad576a97d1eb4ad006ffcd6a34d3e5afaea312ee21e790e6e149267b3b9d7a7,"""UPS nous a informé avoir tenté d'effectuer la livraison d'un colis de votre commande Amazon mais n'a pas été en mesure de vous le livrer en votre absence. "" 
Euh..... Alors si le livreur avait DAIGNE sonner à ma porte, il aurait sû que j'étais là hein....😡😡😡😡[USER]","[USER] Bonjour, désolée d'apprendre cela :/ l'avez-vous signalé à notre SAV ? ^Sn [USER] Bonjour, je suis désolée pour cela. L'avez-vous signalé à notre SAV ? ^SM","682951,682949",Thu Nov 23 11:27:08 +0000 2017,,,,
535803,6fdbabaaeb5a9fbe714f7871a3524e93865405583004e478546d65f36e41221a,Apparently this [USER] review is not allowed? It’s 100% accurate? [URL],"[USER] Hi, a review would need to be about the item itself. What delivery information is visible in parcel tracking here: [URL] ^TS",535801,Sat Dec 02 11:55:14 +0000 2017,,,,
354028,d8fc82d26a0501038b7c0980180a2ee3553e0a8e729a6b018329660a0a5c82e5,[USER] we have a wishlist that we use for our charity fundraising but I don't get notifications when someone buys from it? Pls help,[USER] Let's take a closer look into this with you in real time here: [URL] ^JZ,354027,Sun Oct 08 14:00:15 +0000 2017,,,,
262529,ed34269edd69820f2fd1a3d3779082b4658c87b6da7209770b9da1e1fdc85ee6,[USER] Bought 2 phones in Dec. Found out they are counterfeit & don't work. Seller closed acct. & took my $500. Amazon CS is NO help :(,"[USER] I'm sorry for the poor experience. When you spoke to us, what options or information were we able to provide? ^WT",262527,Wed Oct 04 17:33:19 +0000 2017,,,,
2663196,8fbad789ce3e2e2378a746d9e07c143521c4a25035bb387a5f151b1ae5f145ba,[USER] I'm a prime member from India. Could you please let me know when Prime Music will be launched for prime users?,"[USER] Amazon Prime Music will be available to Indian Prime Members exclusively on echo devices starting 10/31/17 and in near future would be available across other devices & operating systems including Android, IOS, Fire TV , PC etc. Kindly stay tuned. ^PS",2663195,Sun Nov 19 08:09:42 +0000 2017,,,,
937333,c6348b09dfaec99751681a6f12abd54098a8b0fd05b17545129031ed81c14c7f,"Last 4thOctober I returned an order. But so far no refund has come to me.This service can not be expected from you.
[USER] [USER]",[USER] I'm sorry about the delay in refund. Kindly connect with us here: [URL] we'd like to help. ^SG,937331,Sat Oct 21 18:02:54 +0000 2017,,,,
2152550,d4ca9128765aef16cf15c52223e3185f16afb17838e33fb76da23fe3dae4ba62,Nothing like the delivery guy for [USER] tossing my package out his window in the driveway in the rain and driving away.,[USER] I'm sorry for how your item was delivered! Can you please confirm the carrier? Found here: [URL] ^AC,2152549,Thu Nov 09 01:34:35 +0000 2017,,,,
2940286,1950e458d6fc7b72d3f93b7aa05501c3baae112617a3fdb803fa3d00ef7aae2d,"[USER] Je doute de recevoir un colissimo passé 14h, retardé déjà d'un jour pour défaut d'adressage (l'adresse est bonne) et ""réacheminé vers un autre site de distribution"" alors qu'il est indiqué à une plateforme qui est à deux bornes de chez moi depuis le début ?","[USER] Bonjour, navrée pour cela, Avez-vous signalé cet incident à notre service client je vous prie? ^SA",2940285,Wed Nov 29 13:00:27 +0000 2017,,,,
1655058,008fa457324e87586432dc74e76613e2388d51e7791433ed356b421be41ff1aa,[USER] [USER] ce n'est pas mon colis mais celui de mon voisin. Mais je me suis déjà fait voler et ouvrir un colis....c est normal? [URL],"[USER] Bonjour, dessolée d'apprendre cela :/ de quel transporteur s'agit-il s'il vous plaît ? ^SN",1655057,Tue Oct 17 14:13:26 +0000 2017,,,,
361396,86ad419889a08de5b3a9540a295865b7be30d6cca6298d9635a3ff6772486a16,"Segundo retraso de Amazon prime y lamentable servicio de atención al cliente. [USER], [USER] así no.",[USER] Lamento cualquier inconveniente. ¿Podrías comentarnos más sobre lo que ha ocurrido sin publicar detalles de tu cuenta? ^VL,361395,Sun Oct 08 17:24:47 +0000 2017,,,,
2198892,7f1eb376505c631c3a986db15ee4208056c90b66dc44a672916cfb41f49bb239,What’s up w/ [USER] not actually having 2 day delivery anymore!?!?  Not cool. #AmazonPrime #FirstWorldProblems,[USER] Hey Tina! Have we missed a delivery date? ^LS,2198891,Fri Nov 10 02:05:02 +0000 2017,,,,
2769084,21b4101f0eae69096012d314fa77add98e5fa13470084d44949afcd6e62a9829,"[USER] Mein gewählter Bankeinzug wird nicht als Zahlungsmöglichkeit akzeptiert, obwohl es nie Probleme oder Zahlungsverzüge gab, wie kann das sein? Was kann ich tun? #verzweifelt","[USER] Hey, unser System führt in bestimmten Fällen Routineprüfungen durch. Die Prüfung ist automatisiert und eine manuelle Änderung der Zahlungsart durch den Kundenservice ist leider nicht möglich.
Mehr dazu findest du hier: [URL] ^AM",2769083,Tue Nov 21 11:33:27 +0000 2017,,,,
2300296,a84a021a0247679c15023146ed7ad4152e092379b90871b8a56675461f074e4a,"[USER] Alors là à ce prix-là, je vous vends mon âme dans la minute... j'ai essayé mais sur la page de paiement ça passe à 3.99/mois, l'erreur se situe où du coup ? cette page ? le paiement ? entre ma chaise et mon clavier ? ;) [URL]","[USER] Bonjour, désolée pour cela s'agit-il d'une capture récente je vous prie ? Car Amazon Prime coûte EUR 3,99 par mois jusqu'au 31/03/2018 puis EUR 5,99 par mois par la suite ou bien 49 EUR par an. 
^KE [URL]",2300295,Sun Nov 12 16:42:59 +0000 2017,,,,
515239,a2791187f1f507154ae3d45b12bd908a5c76658c3b997d12c85446fdcc01e2a4,[USER] My package was supposed to arrive Wednesday.Its friday. Still NOT here. So much for being a prime member!!!!,"[USER] I'm sorry you haven't received your order! We'd like to explore options with you to get this taken care of. When you have a moment, please reach us by phone or chat for direct assistance: [URL] ^MV",515237,Sat Dec 02 00:52:47 +0000 2017,,,,
394922,c6b3bf2f5cde61894aa888768889c4e77bae2e8d95d2726712006348be6ea982,"[USER] Tracking #: [NUMBER].
Being prime member, product is not getting delivered even after 2, 4 business days. #AmazonPrime there is of no use.","[USER] Please don't provide your order details, as we consider it to be personal information. Our Twitter page is public.​ ^RW 2/2 [USER] I'm sorry for the delay in delivery. If we have missed the estimate delivery date on the order, please get in touch with our support team here: [URL] ^RW 1/2","394921,394923",Sat Nov 25 04:52:27 +0000 2017,,,,
2529281,ff4033a886eec8fe67857450b1f780c2d990896b0d03907121403fcd71d1c831,very bad response. Still not collected my return order. Worst service [USER],[USER] I'm sorry the return hasn't been completed. Please share your details here: [URL] we'll look into it and reach out to you soon. ^AP,2529279,Thu Nov 16 06:22:05 +0000 2017,,,,
2434166,46698ce6c379799a667704d8cbfb64678d12bbcd6c358c7e656e510a2ad7bfd9,[USER] customer centric you are having a laugh. I gave up trying to connect to chat after my 3rd attempt & a wait of 45 mins +,[USER] I'm sorry to hear you had a poor experience. Without giving account or order details can you tell us what happened? ^AN,2434163,Sun Oct 29 13:54:13 +0000 2017,,,,
594593,a2bf2227727a286c223684b942ad53a821cbed230e5bc8e19421de97971affff,Received this photo from Amazon today asking me what I thought of this photo of their delivery. I wasn’t surprised that it wasn’t there when I got home tonight. Should have left the cash on the step. Pathetic Service. Not for the first time either. [URL],[USER] I'm sorry about this delivery experience! Please give us a ring here: [URL] so we can look into this with you. ^TR,594592,Sun Dec 03 18:07:44 +0000 2017,,,,
817602,2c70a61729d341703d8e6bbf7d798d8479ce9c29409396889190e53b134a9f02,"Im starting to think [USER] is starting to be super wasteful. That empty space, no packing, hopefully my [USER] keyboard isn't crushed. [URL]","[USER] So sorry your keyboard wasn't packed well! You can let our packaging team know about this here: [URL]
^BL",817601,Thu Oct 12 20:55:50 +0000 2017,,,,
2273371,d17ffb746329cc7a184307b8f3621682c47cb7609946d39f7ce6e7c89bf26ec6,Really annoyed today that my parcel arrived not in any protective packaging! It was a gift for a work colleague it was delivered to my work address for all to see! Good job I didn't order a fucking dildo!! [USER] [URL],"[USER] Hi, sorry about that, it looks like its sent frustration free packaging, this is shown on the product detail page, in the checkout you should mark it as a gift to avoid this in the future. ^AS",2273372,Sat Nov 11 12:41:14 +0000 2017,,,,
1209138,08e7ff54e5a4b31ce7145636fce08822c8f932c130db1a0122c92fb90c1c4e9a,"Feeling better.That's why I was upset:they'll send me Assassin's creed 5 days after the official release.Amazon,WTF!I pre-ordered it!! 😡😡😡",[USER] Sorry to hear this. Has any reason been given for the delay? ^KM,1209137,Wed Oct 25 10:33:46 +0000 2017,,,,
834820,404e1dc63f51f22332caae35014545ddec4387bc903261dd0116af0729233b19,[USER] [USER] So #genervt! #AmazonPrime sabotiert sich selbst weil Zustellungen über #AmazonLogistics so gut wie NIE PÜNKTLICH ankommen.,[USER] Hast du dich hierzu bereits bei meinen Kollegen gemeldet? Du erreichst sie via: [URL] Liebe Grüße ^DW,834819,Fri Oct 13 07:58:40 +0000 2017,,,,
222607,8df2f47e649697a89d75a07018dbc8611aa6952c32246fca1fa8b0c8b3f93da7,Want to buy 10 or E with exchange but exchange is not available in my PIN code is there is other way [USER] I really want this,"[USER] I understand your concern, please contact us here: [URL] so that we can assist you accordingly. ^SP",222606,Thu Oct 05 03:48:23 +0000 2017,,,,
317268,8df2f47e649697a89d75a07018dbc8611aa6952c32246fca1fa8b0c8b3f93da7,Why there is very limited Exchange location [USER] [USER] I want to ex but can't plz start in pin [NUMBER],[USER] I'm sorry for the trouble. Have you escalated this to our support team here: [URL] ? ^SB,317267,Sat Oct 07 06:32:40 +0000 2017,,,,
421511,8df2f47e649697a89d75a07018dbc8611aa6952c32246fca1fa8b0c8b3f93da7,I choose 2 day delivery option but product not receive in 2 days it takes 5 days even after I m prime member [USER] [USER] [URL],[USER] Sorry that you feel that way. But did we happen to miss the estimated delivery date for your order? ^HR,421509,Tue Oct 10 08:15:59 +0000 2017,,,,
1710377,8df2f47e649697a89d75a07018dbc8611aa6952c32246fca1fa8b0c8b3f93da7,ur exchg offr is not wrking in any loct kindly fix this problem as u promise offer expires 17mdnght [USER] [USER],"[USER] We'd like to get this checked, could you let us know which exchange offer are you referring to here? ^MA",1710374,Tue Oct 17 17:50:27 +0000 2017,,,,
2219947,8df2f47e649697a89d75a07018dbc8611aa6952c32246fca1fa8b0c8b3f93da7,"dispatch this order order ID [ORDER_ID]
this is replacement of 10 or G 4GB i dont hv any mobile so plz dispatch this soon [USER] [USER] i also contact c care but they only promise dont do anything","[USER] Our page is visible to the public. (2/2)^SU [USER] Sorry that you had issues with the delivery of your order, please share your details here: [URL] and we’ll contact you soon. Also, Please don't provide your order details, we consider it to be personal information. (1/2)^SU","2219946,2219948",Fri Nov 10 13:14:12 +0000 2017,,,,
2290363,8df2f47e649697a89d75a07018dbc8611aa6952c32246fca1fa8b0c8b3f93da7,bought LG Q6 from [USER] as a offer i hv to receive 50GB additional data but dont receive anything it has been 5 days i read all ur T&C im eligible [USER] Call C care dont do anything so im here,[USER] I'm sorry you've not received the offer. Kindly report it to our support team here: [URL] we'll look into it and reach out to you soon. ^AP,2290362,Sun Nov 12 07:03:54 +0000 2017,,,,
1582547,04194b590c84cb981cd0740cd6405a76cdadd9ff03fe111981ff4960fc838667,"[USER] mobile recharge isn't working on your app, what happened??","[USER] That's odd, could you let us know the error your getting? ^RW",1582545,Tue Oct 17 07:19:02 +0000 2017,,,,
1095958,a26ae03329875d035b01766c49e45af09ebda59aa4f357a42d0d5adaed1b0e50,"Ah sinon, chez vous aussi [USER] est inaccessible uniquement depuis Firefox (56) ? [URL]","[USER] Bonjour Edinson, je suis désolée pour cela. Pourriez-vous tester encore une fois s'il vous plaît ? ^SM",1095955,Sun Oct 15 04:12:24 +0000 2017,,,,
502481,97403d9fb3d9155222840d2e6e9e48f21b82cb6d63a13157d39c2fe54164af5c,"[USER] hi, I have prime membership but can only listen to certain songs on the amazon music app? Does the prime membership not include prime music or?",[USER] The Prime membership includes Prime Music which has select titles available to stream and download for free. More details here: [URL] ^BH,502480,Fri Dec 01 19:52:20 +0000 2017,,,,
2883376,a14e774b3848486a0e4f43a99fbdcdae9309203ad492a441b792589d46fe55d3,"Hola [USER] queremos #AmazonLocker en todas las capitales de provincia, escribo desde Leon.","[USER] Hola Rodrigo, las novedades serán anunciadas en nuestro Sitio Web. Saludos ^VL",2883375,Tue Nov 28 10:30:33 +0000 2017,,,,
1101756,7252c36f731815a06160e5ba7756d23bc4933c7351c597cfba364c07091adb0e,"[USER] I feel like the service I'm getting from my Echo is deteriorating. It doesn't hear me, radio and Spotify stutters... any help?","[USER] Hi, could you please try to restart it and also switch off and on the WiFi? Please get back to us if that does not help. ^TA",1101754,Sun Oct 15 06:59:49 +0000 2017,,,,
2300805,6e7d04d2b700028a8f47464737a6257f9652f277e26ebe6c532f01d40f6ac8c8,[USER] I️ thought if I️ ordered one day shipping today 11/12 it would come 11/13...? Am I️ wrong? My package says 11/14 and I’m confused..,"[USER] We're here to help, Haneen! Some items may take additional time to process - One-Day Shipping refers to the transit time after shipping. For more information, please refer here: [URL] ^FD",2300803,Sun Nov 12 17:02:44 +0000 2017,,,,
408432,5867f1db6f3004cc049d6a4c7d980bcfe5641aa4aa2c9774a13d49be432ee993,"Yayyy, [USER] sent me an empty package!  Yayy, Amazon makes it close to impossible to contact the seller.  Yayyy, sometimes Amazon sucks.",[USER] Oh no! I'm sorry for the trouble with the missing item! You can find how to contact the seller here: [URL] ^TG,408430,Mon Oct 09 22:34:27 +0000 2017,,,,
1137844,5867f1db6f3004cc049d6a4c7d980bcfe5641aa4aa2c9774a13d49be432ee993,[USER] does not want me to have a stainless nib in fine for my [USER] Safari Graphite #fountainpen is seems. #sadness #crushed,"[USER] This certainly isn't what we like to hear, Ron! Are you having trouble with a recent order? ^HC",1137842,Sun Oct 15 15:36:32 +0000 2017,,,,
224995,bd5d05ead2b54d4dfc108d3c04586218a5c24390b3058c93c0b64e063e2f25cc,[USER]  worst online shopping,[USER] Looks like you didn't have a pleasant experience with us. Please let us know what went wrong so that we can 1/2 ^SH [USER] assist you accordingly. 2/2 ^SH,"224996,224994",Thu Oct 05 05:22:12 +0000 2017,,,,
828297,520a9aaf1bd98457d39cb9bc8ca9904da097cc5d10edd8da9af83807a5ce3abf,[USER] my package has not been delievered even though it says it was 🚩,[USER] I'm sorry for the issue with your delivery! Have you tried the steps listed here: [URL] ^JA,828295,Fri Oct 13 03:09:24 +0000 2017,,,,
249863,9c966c98440c907722cf8c7755c22c1f2a75593dfb64faf62e56f84d301a9974,[USER] a suggestion. It's difficult to browse this format [URL],[USER] You can always use the voice assistant to narrow down your search! Ready to experience new feature? ^SV,249862,Thu Oct 05 16:51:26 +0000 2017,,,,
1220816,4e78774c9a2d011c3747532c1e2f4f2db127fc1790a23d03638136f65ba1eaf1,"[USER] im absolutely disgusted with whatever courier your using. This is how they left my package today, I ordered another aswell. Was i just lucky finding this one? [URL]","[USER] I'm sorry your package was left there, Natalie! We'd like to make sure courier feedback is left. Please reach out to us here: [URL] so we can do so. ^WJ",1220815,Sat Nov 25 19:27:23 +0000 2017,,,,
41535,3d17f52180a29bedbc3a2f24354d4700b1c049152838fc01d29bd0c54b0dcdfb,"[USER] [USER] sperrt Business Konto von Firma, weil ein Mitarbeiter (Besteller) negativen Saldo bei Amazon aufweist. Kein Scherz!",[USER] Bei Fragen kannst du dich gern an den Business Kundenservice wenden. Den Button findest du links: [URL] Gruß ^MH,41534,Wed Nov 01 15:26:59 +0000 2017,,,,
2932875,68b66c994e25166110b317f8c932022c166bc6fa7d8533ad159c601148e87986,[USER] hey quick one: mother in law in France is wanting to buy a video game off amzn.fr. Would the game be only in French?,[USER] Good question Justin. Can you please reply to us with the video game you have in mind so we can check its compatibility for you.^GA,2932873,Wed Nov 29 08:40:59 +0000 2017,,,,
2698922,b90058070fac9dbe51d038c97664f4fafa97de5800ce9675edaa570919d5702a,"[USER] The PS4 was supposed to arrive today in Prime and now it's rescheduled for Monday or Tuesday. It's a birthday gift and I pay for Prime. Not cool, Amazon. [URL]","[USER] So sorry for the trouble, Jacek! I understand how frustrating this may be. We'd like to look into this further with you! When you have the chance, please reach out to us here: [URL] so we can investigate. ^VB",2698920,Sun Nov 19 20:11:35 +0000 2017,,,,
2910334,b90058070fac9dbe51d038c97664f4fafa97de5800ce9675edaa570919d5702a,[USER] I pay for Prime and I was charged for this item a week ago. Screenshot shows the last update on the tracker. I spoke with a support person yesterday - they said it would arrive by today. I'm very disappointed. Is there a point in Prime anymore? [URL],"[USER] So sorry for the wait, Jacek! We'll always try to deliver your orders as quickly as possible but there can be occasional, unforeseeable delays. When you have a moment, please feel free to reach out to us to check on an update: [URL] ^BG",2910332,Tue Nov 28 21:32:45 +0000 2017,,,,
261700,7f9ca1f484ed66b0acf056ed924522615aafd22f66287fd1b197d34b7c33434d,New sandals arrived. THANKS [USER]. [URL],[USER] Oh no! We want to make sure you get the right one! Please reach us here: [URL] for available options. ^JM,261699,Thu Oct 05 21:46:26 +0000 2017,,,,
103136,b2e772e6dcd8227b0a6e5eadc759da238cb0da4b144072a562c45ef0b514578c,[USER] waited in all day for my amazon prime for it not to arrive. Won't be renewing and it's needed for Friday. So annoyed [URL],"[USER] Hello Charlotte. I'm very sorry to hear you haven't received your order as promised! This certainly isn't what we strive for and we want to help you look further into what's going on. When you have the chance, please ring us here: [URL] ^HC",103135,Thu Nov 30 01:04:42 +0000 2017,,,,
2253174,303b878bfc8c65663b6c1fd3b07d88d411a944f28877d710a661bda0d561d07c,"[USER] talk about a downward spiral, no delivery and no apology. Customer for 10 years.. very poor show.","[USER] This definitely isn't what we strive for! Without providing personal account information, could you tell us more about what's going on? We'd love to help in any way we can! ^ML",2253172,Fri Nov 10 20:04:42 +0000 2017,,,,
1095858,f5615d84e5a6114b12a589e0c282a5190c17e63cb72a9c6294951684c6c4e3aa,[USER] my order no is [ORDER_ID] . 4 days before i was telling the amazon co. no one is responding to my shoes,"[USER] Apologies for the trouble with the order. We'd like to help. Kindly get in touch with us here: [URL] ^AK 1/2 [USER] Please don't provide your order details, we consider it personal information. Our Twitter page is visible to public. ^AK 2/2","1095859,1095857",Sun Oct 15 04:56:11 +0000 2017,,,,
1102339,f5615d84e5a6114b12a589e0c282a5190c17e63cb72a9c6294951684c6c4e3aa,[USER] Provide us customer service number Who work smoothly,[USER] You can connect with our support team here: [URL] for further assistance on it. ^RW,1102338,Sun Oct 15 07:16:59 +0000 2017,,,,
1310118,6f2cb1b34fc252308507d2732b127d450b905eb968dbe8c9e6b89d7a0bd2693f,[USER] last 3daz calling u still no call or any communication received from your side #worstservice [USER] ext warr for firestick,"[USER] I’m sorry about this trouble. I’d like to assist you, please fill this form: [URL] ^RW",1310116,Fri Oct 27 04:54:31 +0000 2017,,,,
2279043,59ab1bb9d19e8ee9df5edfed4c30bb2bb53b52c2478bf8d87ee47465b99f960e,"[USER] Order #

[ORDER_ID]

Ship it asap...","[USER] We ship orders to be delivered by the delivery estimates. Could you please let us know if we missed the estimated delivery date. Please don't provide your order number, we consider it to be personal information. Our Twitter page is visible to the public. ^MP",2279042,Sat Nov 11 16:13:07 +0000 2017,,,,
1071147,64e49b7036c5e44244305dd3e61d6ad3a548db0402d2d2bd08c3b7ed1d3a63fd,"[USER] hi guys, what time do you continue to make deliveries until? I have been waiting all day for my package but will be leaving soon",[USER] Thanks for contacting us on here. Couriers attempt delivery up until 21:00. Feel free to keep us posted. ^GG,1071145,Mon Oct 23 15:58:41 +0000 2017,,,,
2166511,64e49b7036c5e44244305dd3e61d6ad3a548db0402d2d2bd08c3b7ed1d3a63fd,"Signed up for [USER] Prime, placed my first order right away for same day deliver... 3 days later - still no delivery 🙄🤦‍♀️🤷‍♀️",[USER] Sorry to hear this! What does the tracking say? ^KK,2166510,Thu Nov 09 09:57:49 +0000 2017,,,,
2344000,f8bbe39ffa73d926e841b481c2876e71d79ba18132f23aad6eea5f82b83cd49f,[USER] hey i was charged on nov 7 for something that idk what for i tried calling but no answer,[USER] I understand your concern and apologize for the unknown charge. Are you able to see the description of the charge on your account? ^SC,2343998,Mon Nov 13 14:53:12 +0000 2017,,,,
2104313,a4f138c8fe541c695a553865677585b2e4117adca24324d13d82cd0a5ad4e872,Apparently the DELAYED sonic forces i ordered from amazon didn't come with the controller skin. Thanks amazon!,"[USER] Hi, which edition did you order on the website? Can you link us and we'll take a look please? ^TS",2104312,Wed Nov 08 12:14:47 +0000 2017,,,,
233460,6146c7f12c97b1000c01fd039d1595a6b02073635ecd0d69745d515688e33c4e,WHY DOES [USER] ALWAYS SCREW UP ORDERS THAT I NEED ON A DEADLINE FOR MY STUDENTS???????? UGGGGHHHHHHHAAAAHHH,[USER] What is the latest on the order? What delivery date is showing?^CD,233458,Thu Oct 05 11:57:17 +0000 2017,,,,
2275936,b2af2f5258c4de810abd75679283843803138a1a246da3d28624ebd14544bd6e,[USER] i did purchase a honor 6x with sbi dr card cash back offer upto 15% but back cash recieve only 11 %,[USER] That's strange. Have you reported this to our support team here: [URL] ^VH,2275934,Sat Nov 11 08:02:38 +0000 2017,,,,
1153779,1684a15ce6d5a2219c9fa8b6da4e67602d4b320b652bbeb578aeb1d21c1c28ae,I fucking hate Amazon my foundation still isn't here & it said it was gonna be here yesterday. I signed up for prime and still paid shipping,"[USER] Sorry for the delay, Emma! What does the tracking info say for it here: [URL] ^JZ",1153778,Tue Oct 24 17:24:54 +0000 2017,,,,
302603,3e3e316f637e227781153f1940ba01f04c8504a54d25786f097651d75b068802,[USER] you have a number I can call? Account has been compromised.,[USER] Sorry to hear about your account! Please get in touch with us here: [URL] for further assistance. ^EZ,302602,Fri Oct 06 21:53:56 +0000 2017,,,,
109808,3a77c69774ea34686e9079c2fe1da9160349b2f960094960205a22bfb0d01f72,"Hola queridos amiguitos de [USER] últimamente están teniendo muchos problemillas con sus reembolsillos, he tenido que hablar hasta 5 veces para arreglar algo, espero se pongan las pilas rápido, saludos.","[USER] ¡Hola, Don Tortuga! Sin compartir información personal, ¿nos das más detalles de lo sucedido? ^LC",109806,Thu Nov 23 20:03:09 +0000 2017,,,,
1337957,3a77c69774ea34686e9079c2fe1da9160349b2f960094960205a22bfb0d01f72,"[USER] tienen que echarle más ganas a que cuando un producto diga PRIME y goce uno de este beneficio, cumplan por lo que estoy pagando.","[USER] Hola Don Tortuga, ¿cómo podemos ayudarte? ¿Tienes algún pedido pendiente de entrega? ^LG",1337955,Fri Oct 27 14:58:08 +0000 2017,,,,
2410502,3a77c69774ea34686e9079c2fe1da9160349b2f960094960205a22bfb0d01f72,Y luego por qué me consienten los de [USER] 😘 [URL],"[USER] Hola, ¡nos encanta consentirte! Dinos, ¿cuál es el producto que más te ha gustado? 😊😉😍 ^KA",2410500,Tue Nov 14 16:19:14 +0000 2017,,,,
511706,99cb0bc274e73013174b56cd5e5a82ee05fee710ac47b27e248a68d7b7c91466,[USER]  Delivery Options for me (a prime customer) aren't showing the next day anymore. Whats going on?,"[USER] Thanks for reaching out, Dave! All items aren't eligible for One-day Shipping. You can learn more about it here: [URL]  ^EA",511704,Fri Dec 01 22:47:59 +0000 2017,,,,
570873,3791fa8312ce023061c63eb9688d110e04616f0f5375d3e14ebf5ac99e5da681,Hella annoyed with [USER] carriers & [USER] for the their service today though. I really needed that coconut oil like ASAP. It’s why I pay for prime after all.,"[USER] I'm sorry that you are having a bad experience with your orders! As we cannot see account information in Twitter, Please click here:  [URL] and contact us via phone or chat for further assistance. ^TL",570871,Sun Dec 03 03:26:34 +0000 2017,,,,
2855151,c9ae7e193da0b4fac61b265815e41414cec89ce03f07eabdd976a28e44a56020,"Ich glaub ich hab irgendwo einen kritischen Punkt verpasst an welchem „eingänge, knackige“ Werbesprüche von „grammatikalisch falsch, aber verständlich“ zu „Geschwurbel“ übergangen sind

Großartige Leistung, [USER]! [URL]",[USER] Oje :( Hast du hier noch den Link für mich oder die Artikelbezeichnung? Dann geb ich das gleich weiter. ^BL,2855149,Mon Nov 27 20:58:44 +0000 2017,,,,
2933616,0ff19c344f94530b3282de6bbb70dc50b0762481659d045f6ab9588578bfc033,"[USER] Hi, is Amazon Household available for the German website for a Belgian Amazon Prime Account? #help",[USER] Sure! Here is the link: [URL] Kind regards ^TR,2933614,Wed Nov 29 09:17:42 +0000 2017,,,,
2061551,6b9afa14848ac7c6eacd2e981d3293fbf7e4e5ba01b343c255ce371ad7bc94cc,"[USER] Yesterday I ordered 2 items for same day delivery, and it was GUARANTEED to be delivered by yesterday Nov. 25th @ 9p EST (1st pic). I was constantly checkin for updates & @ 8:40p it wasnt even out for delivery yet (2nd pic). How was it supposed to be delivered by 9 if [URL]","[USER] Hey, Nike! I'm so sorry your package is running a bit late. Do you mind telling us the most recent tracking update for your package? You can find it here:  [URL] ^DY",2061552,Sun Nov 26 11:56:51 +0000 2017,,,,
2590133,8015672ef1fb6e7499c8cd8741272904e6689d936ee12f4e314e211b0db054bd,"Everyone Hates [USER]’s Shipping Partner [USER] (they won't deliver my package, falsely claim they tried) [URL]","[USER] This isn't what we like to see! Do you have a current order we can assist you with, here: [URL] ^DW",2590131,Mon Oct 30 19:33:24 +0000 2017,,,,
312396,3baf6fc9b7674dd5cb21acbad1473cd486d0a57c902135a51cc472ea23317e15,[USER] tracking nos [NUMBER] claims to be delivered but I have not signed nor received.,"[USER] Sorry to know you've not received the package. We certainly did not expect this to happen. 1/3 ^PS [USER] Kindly report this to our support team here: [URL] We'll definitely look into it. 2/3 ^PS [USER] Please don't provide your order details, as we consider it to be personal information. Our page is visible to the public. 3/3 ^PS","312398,312397,312395",Sat Oct 07 03:34:27 +0000 2017,,,,
922707,72f208f0dd58903e4feee039e94f62cb80b548345e9a04c3ca7c3208d72f376e,"Ich bin ja dafür, das mir [USER] die Erweiterung von Horizon Zero Dawn ausgibt ! ^^","[USER] Bist du so brav gewesen, dass du das deiner Meinung nach verdient hättest? 😀 ^BL",922706,Sat Oct 21 13:16:09 +0000 2017,,,,
1338001,21a3c67d1dafff6b9439ef77acd8ea9564f4ac244adb92dd8de79096db941af8,[USER] Boasting to be the most customer centric company on this planet. Shame on you. Kudos [USER] you have no competition.,"[USER] We apologize for any unpleasant experience. Kindly let us know, how can we make things right for you. ^CB",1337994,Fri Oct 27 14:44:29 +0000 2017,,,,
2226447,e01f1b506a27faa3442184efc045ef5ce691e5ecc3681da68e7b142c18fb9358,[USER]  [USER]  Got one of my order today. But received damaged item. See DM for order number and pics.,[USER] We've responded to your query over DM. Kindly check. ^SY,2226446,Fri Nov 10 10:02:27 +0000 2017,,,,
1220962,759ae5c76d27fc95165ecde35fc4d8924e488b5a5a86bc40750b954d57e84c47,Amazon Drivers be lying I swear. They said they knocked on our door. #LIES... I'm working from home.. nobody knocked on this damn door LOL,[USER] So sorry to hear this! A member of our team would like to look into this. Please reach out to us here: [URL] ^TH,1220961,Wed Oct 25 14:57:07 +0000 2017,,,,
130332,448e9f9cc39079247a6b352e35a30fa78732e423bf786208cd0fc5f18faa95cd,"[USER] still waiting for my to delivered. Ordered same in Oct 12 also I have paid to for & 2dy is 24 Nov.. Now it's more dn a month also I am trying to reach your customer care as well.nt gtng ny response from the them as well.
Order ID:- 4__credit_card__. Please revert asap.","[USER] I'm extremely sorry for the delay in the delivery of your order. We'd like to look into this, kindly drop in your details here:[URL] and we'll have this checked right away. 1/2 ^EM [USER] Also, please don't provide your order details, as we consider it to be personal information. Our Twitter page is public.​ Appreciate your understanding. 2/2  ^EM","130333,130331",Fri Nov 24 06:04:31 +0000 2017,,,,
1827330,256901c34aedf0e994ad86b95be73dfd24f5e879dd6474627d59af13fa318a1e,[USER] returns to amazon! what a heck new product delivered after 2 months for replacement old still with me amazon telling me to post it,"[USER] request you to post the parcel with a private carrier. Appreciated your understanding. 2/2 ^MJ [USER] I'm sorry for the trail in delivering your replacement, if the returns are on self ship method we 1/2 ^MJ","1827328,1827334",Wed Oct 18 04:34:28 +0000 2017,,,,
1565015,8d443d7d4b70468a8e902c7a6abe06b8a85c3bed0ca99356791a57ac19ed3a74,"[USER] me mandaron un correo que mi pedido había sido declinado con 2 diferentes tarjetas pero en pedidos salen 2 ""en proceso de envío""",[USER] ¿Sigue pidiendo revisión de método de pago?¿Has contactado con tu banco? ^JD,1565014,Tue Oct 17 05:14:14 +0000 2017,,,,
2981905,8d443d7d4b70468a8e902c7a6abe06b8a85c3bed0ca99356791a57ac19ed3a74,"[USER] le cobraron 2 veces 1 artículo a mi mamá, que procede?",[USER] ¡Hola nat! Lamento los inconvenientes relacionados con este cobro doble. Te recomiendo ingresar a esta pagina de ayuda para más información: [URL] ^DQ,2981904,Thu Nov 30 04:56:27 +0000 2017,,,,
1131228,deedc3208a3b167b0f4b3035ec4baa0b3879881aed08d8d3a91a8aee66a9cfdc,"[USER] dear Amazon,i am offering u to open HQ in my town(Bihar-India). i will give my Land free of cost bcoz our town folks will get job🙂","[USER] Please share your details, here: [URL] and we'll get back. ^YP",1131227,Tue Oct 24 12:01:15 +0000 2017,,,,
1713817,6a15b39559d790cd594e6d9f8f6a77ed7ced541a44f6dd0955e1d98c2a9191c3,Had the most headache inducing call with [USER] CS. Not even the right item AND that's a personal belongings bag from a hospital! [URL],"[USER] Oh no! This isn't what we like to see, were we able to help you with this order when you were on the phone with us? ^DW",1713815,Tue Nov 07 02:49:57 +0000 2017,,,,
521720,1b581df8a1857e3570ec9c3dc51c6c6029a62166cbc5fd66bbf0e2a46bafddce,[USER] is this what teach your customer service team.  When in doubt ignore the customer [URL],"[USER] Hmm, that is really odd. I apologize for this experience, that is frustrating! Please give us another chance. When you have a moment, please reach out to us here: [URL]  ^EA",521719,Sat Dec 02 03:21:57 +0000 2017,,,,
2680888,ab5d0f38a0a00c5771db5099f52f6542a19f9f20fc2c4c8c3f9c6f66b976594a,#AveenoBabyQuiz  [USER] done  pls give me gift for my baby [URL],[USER] Lucky winners will be announced by 30 November 2017. All the best. :) ^RI,2680887,Tue Oct 31 15:38:08 +0000 2017,,,,
590045,4734618e1abb63b76d4aac413cda52ab72d31617f9a1186469fa6fc068eea215,"[USER] [USER] 
Selling some very poor quality product that have only replacement policy. No return!!! It's like Customer Trap!!!","[USER] Sorry about the unpleasant experience with your order. We have 10 days of replacement only policy for speakers. For more info, please refer here:[URL] ^GD",590044,Sun Dec 03 15:58:01 +0000 2017,,,,
595707,fa455200f0bbad6810fdc341cb3d7ff9844543324625b2f9725ce884e742781d,"Ohhhh that excitement with [USER] tell you, your pre-order of  [USER]'s book will arrive tomorrow <3",[USER] We hope you enjoy! Happy reading! ^MG,595706,Sun Dec 03 18:57:19 +0000 2017,,,,
206086,b8fbb039514cbeba0f696c6cc733a3a18b84ee160b82a109744b168049a78fc1,"Ich wäre sehr froh, wenn [USER] mal mein Mail beantwortet...",[USER] Helfe uns doch bitte auf die Sprünge. Um welche Anfrage geht es hier? Danke! ^RS,206084,Mon Nov 06 13:19:38 +0000 2017,,,,
848225,b8fbb039514cbeba0f696c6cc733a3a18b84ee160b82a109744b168049a78fc1,Liebe [USER] Ticketnummer [NUMBER] wartet seit etwa zwei Wochen auf eine Antwort/Lösung,[USER] Enbtschuldige die lange Wartezeit. Ich habe nach einem Update gefragt. ^AV,848223,Fri Oct 20 14:34:59 +0000 2017,,,,
1397765,c7e359d90d73d34ca11f19805114fe436dec1ebbd160e0397d346c146e68fc98,EH alguien tiene experiencia devolviendo cosas en [USER] ??? Os necesito,"[USER] Hola Dani, cuéntanos ¿como podemos ayudarte?  ^RC",1397764,Thu Nov 30 19:12:49 +0000 2017,,,,
1133067,9794fe01c73f8ca372f81e8335c5fb91b1265d8bea225801ba5cef0e6f6a0a3e,[USER] Preordered Destiny 2 over a month ago and it hasn't arrived yet. Great job guys!,[USER] Hi. What was the estimated delivery date given at the time the order was placed? ^DC,1133065,Tue Oct 24 12:33:00 +0000 2017,,,,
661396,0a61d02edbde67d596fa606974472e273d15bb33ba9120d090865c47e3e6bb80,"[USER] Buenas noches, he pedido un paquete por [URL] y se me ha querido cobrar impuestos de importación desde E.E.U.U. de los cuales no se me dio notificación previa. El vendedor es AceBeach.",[USER] ¡Hola! ¿El producto es vendido y gestionado por AceBeach? [USER] ¡Hola! ¿El producto es vendido y gestionado por AceBeach? ^DS,"661397,661395",Thu Nov 23 01:13:03 +0000 2017,,,,
667741,0a61d02edbde67d596fa606974472e273d15bb33ba9120d090865c47e3e6bb80,"Quiero expresar mi agradecimiento hacia Alfonso de [USER] y hacia Leandro de [USER] por su paciencia, atención y buena disposición para solucionar las inquietudes que se suscitaron con mi paquete de hoy por la tarde. Ojalá un aumento salarial para los dos.","[USER] ¡Hola! En este caso, puedes dejar tus comentarios de agradecimiento sobre nuestro Servicio al Cliente, accesando en el siguiente enlace: [URL] ^NB",667740,Thu Nov 23 03:32:51 +0000 2017,,,,
2279022,0a61d02edbde67d596fa606974472e273d15bb33ba9120d090865c47e3e6bb80,"[USER] Greetings, there’s a “payment revision needed” on my order, I’ve already revised it yet it keeps appearing. Any idea why?","[USER] We don't have access to your account via Twitter, but we can certainly look into this together! Could you please confirm which Amazon site the order was placed on? We'll help you get in touch! ^LB",2279020,Sat Nov 11 18:57:53 +0000 2017,,,,
1340614,ffd14a3f32ca63db83e836ef2b0662eaba08214441fee8128deb6b92ca300368,[USER] When will iPhone X be back in Stock???,[USER] Availability of the product depends on stock we receive from the manufacturer/ suppliers. Please stay tuned to our website. ^SV,1340613,Fri Oct 27 15:36:02 +0000 2017,,,,
1340624,ffd14a3f32ca63db83e836ef2b0662eaba08214441fee8128deb6b92ca300368,[USER] When can we get iPhone X 256GB White Back in Stock????,[USER] Please stay notified via the link here: [URL] for any update on this. ^SG,1340623,Fri Oct 27 15:32:35 +0000 2017,,,,
1409523,ffd14a3f32ca63db83e836ef2b0662eaba08214441fee8128deb6b92ca300368,[USER] Phone X stock any update ???,[USER] Please stay tuned via the link here: [URL] for any update on this. ^BA,1409522,Sat Oct 28 19:15:56 +0000 2017,,,,
777168,7492bea5642a246df5476e14bd1beb19a8eb7737abc8a4c73da95a25fa580a3f,WHY MY PACKAGES AINT SHIP YET [USER] !!!,[USER] I'm sorry for the wait! What order status and delivery date(s) are you currently seeing here: [URL] ^JR,777166,Thu Oct 12 03:30:39 +0000 2017,,,,
436923,1c01d76454ea3c3a4cdb3d6bb8d12ef05d0559fb4459ced054618ea6352ddff6,"Amazon claims to have delivered these 2 products to me today, but I have not received...Fake delivery? Where is my stuff? [USER] [USER] [URL]",[USER] Allow our support team to look into this. You can connect with us here: [URL] (1/2) ^CB [USER] Please don't provide your order details as we consider it personal info. Our twitter page is visible to public.(2/2) ^CB,"436925,436922",Tue Oct 10 16:58:53 +0000 2017,,,,
736488,76c78fc2a57e820a9fc1c65bbd05dcf6e4cf5015acf4839ae2df73713eb7b0e2,"[USER] horrible customer service. False commitments, courier guys taking the brand for a ride. Speed post wouldve done a better job.",[USER] We're sorry to hear that. Could you please elaborate on what went wrong so we could check? ^HK,736486,Wed Oct 11 12:01:24 +0000 2017,,,,
1143408,3fb6a123c4df4157f57e7a55445b51e3c866177f0ca690997c5b0b4b8e5d0b54,"Cuando llega un paquete de [USER] a esta casa,a todos toca regalo 😬 [URL]",[USER] Parece que todos disfrutan de nuestras cajas. ¿Cómo se llama?  💕😍🐱 ^KS,1143406,Tue Oct 24 13:00:59 +0000 2017,,,,
2935769,32843a91de96923a089a4b0bf08b27e4e5e8a73bee1a69ce1aa114e328a67bbf,"[USER] te venden una cosa con descuento, te envían otra muy distinta y luego se lavan las manos.",[USER] Lamentamos los inconvenientes. ¿Has intentado contactar con nuestro Equipo de Servicio al Cliente? Ellos te pueden ayudar a revisar tu pedido. ^VL,2935766,Wed Nov 29 11:06:52 +0000 2017,,,,
390357,e6a2a5f1792ee2c46d8b4afd8e0d586d63aef81ce48d05ec2f8716889e63d852,Special shout out to [USER] for putting 95% of #doctorwho on prime....yeah guess what I’ll be doing all day?,[USER] This makes both of my hearts smile. 😁 It's always a good day to binge Doctor Who! ^FD,390355,Mon Oct 09 15:40:13 +0000 2017,,,,
887807,1066db54608440f9ddcc639a03b0fa4eb735c68d7a74f3ee2ac84778ba631ffc,"[USER] when will my copy of wwe 2k18 arrive, I still don't have a delivery date",[USER] I'm sorry for the wait! Please keep an eye on your e-mails for a delivery update! ^KP,887806,Fri Oct 20 23:21:30 +0000 2017,,,,
2369681,295ea66e2515a77c6a98e1dd06e2a2a212dac24d489465a3db2ca4fe727fb1b7,i ordered 2 books but only one arrived even though amazon says both were delivered uhm,[USER] Oh no! I'm sorry your delivery is missing. Have you had a chance to checkout these helpful tips: [URL] ^ML,2369680,Mon Nov 13 23:22:36 +0000 2017,,,,
2676844,e2aa9d0f932e52a2909bc185a0f14a4e3c3f87b386c6548940c18cbd1441d443,"Reason 644 I hate online shopping: My [USER] prime shipment with my Halloween shirt (promised today, one week later btw) now won’t be here until tomorrow. 

Should’ve stuck with [USER] 😑",[USER] I'm sorry your order didn't arrive as scheduled. We can look into your options here: [URL] ^AF,2676842,Tue Oct 31 13:57:24 +0000 2017,,,,
574016,f0558489cff519cbdafe17070cdb5f18637dcd5fba711f8ececb8e2053b285c2,[USER] this is the second time in a month where at the last minute my delivery was changed whats going on???,[USER] I'm sorry for the wait! Are there any updates or new details listed on the order information: [URL] ^EP,574013,Sun Dec 03 06:17:18 +0000 2017,,,,
204951,3e0d650086c8c182e62027973edeb5393c6a9f7696f6ab6107787e4ed78b05ed,I was trying to leave a review for Elites of Eden on amazon but it kept crashing what the hell,[USER] We're sorry you've been having issues with this; is there a specific error message that comes up when you try to post? ^WM,204950,Thu Oct 05 00:27:27 +0000 2017,,,,
36493,f5a1c86f49c03f2517b7518f527fd5a662558c922ff4372f1394915edb6c6ede,"Hi [USER] , I'm currently unable to download books, though I restarted, updated, uninstalled and reinstalled. Help? [URL]",[USER] How can we resist this plea! Sorry for the troubles downloading your content! Have you tried this? [URL] ^FR,36492,Wed Nov 01 13:57:12 +0000 2017,,,,
1239545,c5997b5887686480865902e566ae2c8c49a902759fe4c0b6a43e5d5078c6cc50,[USER] Yo I didnt get a shipment from you guys and its been a month. im cheesed rn,[USER] I'm very sorry for this issue with your delivery. Which Amazon site was the order through? [URL] .ca? ^DO,1239543,Mon Oct 16 02:04:33 +0000 2017,,,,
2871491,638c6afecb8c1659dd3cc339b90cbbdd75bf1bc66be9978694c70dd6301ce0a4,"Hey [USER], what the heck is the point of 1-day #Prime delivery if my package doesn't deliver in 1 day? I need my stuff before my #flight later this week! Not fun to try something #new right before a vacation and have it not work 😡 [URL]","[USER] Thank you, Lizzy for being a Prime member. I'm sorry that your package has been delayed. May I ask who is the carrier? You can confirm here: [URL] ^SY",2871489,Tue Nov 28 03:09:18 +0000 2017,,,,
868700,6b8d82683a0148cefbce268809a4b224e256f39007a201845fee804484b39416,Pixel 2 32 GB is more expensive than 128GB on [USER] [URL],[USER] Pricing & offers are decision of the sellers. The variants are being sold by different sellers & hence the price difference. ^SQ,868699,Fri Oct 20 17:56:13 +0000 2017,,,,
382205,2bedb6696471fddba1e90f409c8004b7206348402f3f8060c1362bb3488f6d9e,La vera sfida in ufficio è scommettere di chi sia il nuovo pacco in arrivo e nasconderlo se manca il diretto interessato #amazon,[USER] 😂 Poi per farglielo trovare gli date una mappa del tesoro? ^GD,382204,Wed Oct 25 13:45:46 +0000 2017,,,,
1731602,702a9290a0321bdf7ccde0cb969bc88f235f0182ab9d49c9caeb5df62d9bada8,[USER] você me odeia?,"[USER] Olá Giovana, sinto muito qualquer inconveniente, como posso lhe ajudar? ^AZ",1731601,Tue Nov 07 12:17:57 +0000 2017,,,,
2882658,c7e55489a71b54b5088017a0894fb6779e3c2c37891927317585166ff517cb4c,Hallo [USER] ! Wollen Sie uns drohen? Ich meine: wer will schon eine Woche voller Montage?😀 #montag [URL],[USER] Eine Woche lang die besten Angebote? Dafür nehm ich einen Montat voller Montage! 😁 Leider ist es schon vorbei. 😔 #montag ^UK,2882656,Tue Nov 28 09:45:04 +0000 2017,,,,
144028,3de887d0e44ada359db71393064ba271dbf56298e3616332c25339cc54f0113d,[USER] another driver today who is 'having difficulty finding my address' what is the point of having Pride when I have to wait days?!,[USER] I'm sorry to hear you're having issues with your order. Is the item still expected to arrive today? Couriers can deliver as late as 10pm. ^KH,144025,Fri Nov 24 13:28:36 +0000 2017,,,,
234750,c2f904d709ce4a8b014bd503683148a08d015f8f71d40f77f0ddd9fb6785ae4f,[USER] trying to contact your [USER] as i need assistance regarding account security. No response as of yet..,"[USER] Sorry to hear about this. We would like to help. W/o posting personal info, are you able to elaborate on the issue? ^PK",234748,Thu Oct 05 13:21:46 +0000 2017,,,,
380240,772c5f44ec209cb2acc91ae4b9552d3fa9e37776758bd5e277ac1a4f7f5e72a3,[USER] Wann wird Folge 5 Outlander online gestellt?!?! wie jede Woche das gleiche Drama bis es endlich online ist!!!!! 😡😡😡😡😡,"[USER] Im Laufe des Tages. Eine genaue Uhrzeit kann ich dir leider nicht nennen, da mir diese nicht vorliegt. Liebe Grüße ^MF",380238,Mon Oct 09 08:12:50 +0000 2017,,,,
2739321,772c5f44ec209cb2acc91ae4b9552d3fa9e37776758bd5e277ac1a4f7f5e72a3,"[USER] Wo bleibt Folge 10 von Outlander? sollte seit stunden schon online sein... und seit stunden heißt es nur, dass sich darum gekümmert wird... bei anderen Anbietern ist die Folge schon seit heute Nacht online!!! 😡","[USER] Die Kollegen arbeiten daran, die Folge so schnell als möglich online zu stellen. Hab bitte noch Geduld und behalte unsere Seite im Auge. Viele Grüße ^DS",2739320,Mon Nov 20 16:56:38 +0000 2017,,,,
2474903,d2a3c254e77b847a17396681266164cc0f3e60e2cc5793f5103447242e289628,[USER] Soy otro usuario de Canarias que ha comprado en las últimas semanas en Amazon y que también ha padecido el reembolso del importe de un producto. Me siento perjudicado no solamente por la devolución sino porque el producto ya no está en stock. Inadmisible,[USER] Hola Pionio. Lamentamos mucho la situación. ¿Podrías comentarnos un poco más de detalles de lo que ha pasado?  ^DB,2474900,Wed Nov 15 13:20:40 +0000 2017,,,,
2511166,4cbf9b4f7e0f65380423dba3d9103e0e9e2d33c66880ba381b5709ec4c1e3b35,[USER] I have spent the last 30 minutes trying to figure out how to report an item missing from a shipment. What am I supposed to do???,"[USER] I'm sorry for any inconvenience! Please reach out to us by phone, e-mail, or chat via the link here: [URL] ^GM",2511165,Mon Oct 30 04:59:16 +0000 2017,,,,
538602,90534d8cedd8c97ef8c251ee7065e8e64946d4e8458328681fd259ac3d33869c,Hi [USER] why did a product say it was going to be here next day (prime) then I get an email saying it will be 3 days 🙃 why am I paying for prime if it’s not going to be delivered the next day (yes I ordered it well before the cut off point)😭🙃😭,"[USER] Sorry to hear about the issue, Hayden! Was the e-mail you received the confirmation e-mail for the order, or an update to the order saying that it had been delayed? ^GS",538600,Sat Dec 02 14:16:59 +0000 2017,,,,
1565072,3d652f65889108d8af53e5fe9eeb47f7bc4beb2f71ea22d461dd171157b206ff,"[USER] [USER] Still no Hulu on [USER] Fire TV.  And no response either. Deleted files, emptied cache, & reinstalled. No go!",[USER] Hi! Let's see if we can assist. Please contact us by phone here: [URL] Take care! ^DA,1565071,Sat Nov 04 14:57:03 +0000 2017,,,,
524838,b72683da3de3ee1be7fade484a8a61640587eaaede665e6e7ca16c790dd823c3,".[USER] - Once again you've gifted me with your version of holiday cheer - a huge migraine after 2-1/2 hours on the phone trying to sort out 1 order. My reward? I'm paying more & my gift items are coming too late. Thanks, [USER]! You don't care! 😡 #amazon","[USER] This isn't the experience we hope for our customers. When you contacted us, what options or information did we offer? Have we given you a new delivery date? ^GG",524836,Sat Dec 02 05:42:42 +0000 2017,,,,
2314522,d0bf33b264b2bd792cbcde817eb38001f16eec1dc6e36025460e921e178b0044,"TFW I'm getting a [USER] order and the shopper asks if it's okay to replace an item and I say it is, but they don't replace it, just take the original item off. No chicken salad for me at all and I am not happy.",[USER] I'm sorry to hear your order was missing an item! Were you charged for the item? ^JS,2314521,Sun Nov 12 23:45:59 +0000 2017,,,,
868050,7f019534875f1306d25a9308a55b33ac5975ef919c93d84f9b9d07c9a0ddf7fd,[USER] tengo una duda sobre un envío de [USER],"[USER] Hola Asier, si no recibes respuesta de [USER], por favor indícanos. ^LG",868048,Fri Oct 13 15:17:09 +0000 2017,,,,
870063,7f019534875f1306d25a9308a55b33ac5975ef919c93d84f9b9d07c9a0ddf7fd,La historia es la de siempre... Hazte [USER] prime que los envíos sin una pasada... Y luego [USER] lo manda cuando quiere... [URL],"[USER] Lamentamos las molestias, Asier. Por favor contacta con nuestros compañeros de Soporte al Cliente sobre lo sucedido. ^LG",870062,Fri Oct 13 15:39:20 +0000 2017,,,,
2674982,970d639ef41027a7e12eaf4e4fdb35555afa96f604c32693370b235bc4720be9,[USER] I received message that delivery failed as they werent able to contact me but my phone is perfectly in range and working,[USER] here: [URL] and we'll investigate with this. 2/2 ^KH [USER] I'm sorry about the trouble with the delivery of your order. Kindly report it to our support team 1/2 ^KH,"2674981,2674983",Tue Oct 31 12:26:23 +0000 2017,,,,
292884,0440bd4982ce4313aae2c164e4fe222e4f20a95ae3e3dd1ae3b3792a1bf2428a,"Is it just me or is [USER] / [USER] starting to charge for shipping/returns? Again, Prime customer here. [USER]",[USER] Here's some info on return shipping & how we calculate refunds: [URL] Let us know if you have further concerns! ^KN,292882,Fri Oct 06 16:32:27 +0000 2017,,,,
2562251,0440bd4982ce4313aae2c164e4fe222e4f20a95ae3e3dd1ae3b3792a1bf2428a,"If a [USER] seam seemingly came undone on its own is that covered for warranty replacement, even if purchased through [USER]? Actually, I'm not sure it was ever attached. [USER] #Maxpedition #PygmyFalconII [URL]","[USER] Truly sorry to hear of this! Have you had the chance to check for any return options here: [URL] ? Please, let us know. ^JE",2562250,Sun Nov 26 20:25:39 +0000 2017,,,,
485220,8712e4c2d63da284bedf0103130763a72117e7af0f3e3da25c8e8acb9eaea91a,"Hey, [USER]. Hey friends. I enjoy the fact that I paid for 1 day shipping, with a guaranteed date of having my parcels delivered yesterday only to still be waiting today for it. Feels kinda nice. I'll be crying over here, no worries. [URL]",[USER] I'm so sorry for the wait! What does the tracking say about your order here: [URL] ^MH,485219,Fri Dec 01 15:03:16 +0000 2017,,,,
2056064,470b6b720d7d4800297310eb86f0f202693e62c041531b3b0268728cc73881dd,"hey [USER] auf [URL] scheint ein uebersetzungsfehler. ""Bestellen Sie Updates"" sollte vmtl ""Updates zur Bestellung"" sein","[USER] Hey, danke für den Hinweis! Geb ich so gern an die zuständigen Kollegen weiter. ^AS",2056063,Fri Nov 03 14:09:10 +0000 2017,,,,
523478,b87eedacae32bfa8abd1967bffc71e2de9858680372be512903a96214cd222d1,"[USER] has ""amazing"" customer service. [URL]","[USER] I'm so sorry for this delay! Without giving account specific details, can you please tell us who the carrier for this is? You can find that here: [URL] ^HS",523477,Sat Dec 02 04:34:59 +0000 2017,,,,
1168518,12232baa3be6cc8518bd67f38b605974fb5ba814d110b1cd494b25f3ce9fd4b0,"[USER] where the hell is my order? It was supposed to be here about 1 week ago , and i still havent recieved it. #upset .",[USER] I'm sorry for the wait! What's the current status of your order here: [URL] ^WT,1168517,Sun Oct 15 19:49:00 +0000 2017,,,,
1373683,f58907d807df1856b3c60b0a86267988484494d6d4b43ec8f478171ad211c827,[USER] didn't realize you were using drones in my area already. Otherwise how did this package end up in the middle of my front yard? [URL],"[USER] I'm sorry your order was delivered this way, Linda! Just to confirm, who's the carrier listed here: [URL] ^HC",1373678,Sat Oct 28 00:28:42 +0000 2017,,,,
1213346,650b88e42a7f26971f9610cb00b3ce2c230b2ee45c8e4695d547f2d6a9f4d45b,[USER] [USER] [USER] [USER] Once again Amazon proves to have the absolute most disgraceful customer services line I have ever experience. The fact that I can’t get an issue resolved in over a month in a half is an absolute disgrace.,"[USER] I'm so sorry to hear this, Paul! Without posting personal account information, tell us more about your situation. ^FR",1213343,Wed Oct 25 16:27:37 +0000 2017,,,,
1214452,760e2fbbf47839e6db5d6bd4a3f26f6f360483cd1b07c265308a82be4559d1cb,[USER] When's the next App treasure hunt coming? Waiting excitedly,[USER] We do not have any announcement for this as of now. Please stay tuned for any update. ^SG,1214451,Wed Oct 25 16:37:42 +0000 2017,,,,
1633301,46f1b9204d8e21ae44d87679c56c8eca407ec6755223cbbbf18a0defc3a185fd,"[USER] Just had the MOST frustrating interaction on chat, then again on the phone.  You people really need to get your shit together!","[USER] I'm so sorry for this! Without sharing personal info, can you tell us what's going on? We'd love to help any way we can. ^AL",1633300,Tue Oct 17 12:37:42 +0000 2017,,,,
2236354,898cccfef6fc7ffe11e808194f20212fc65eab3f359d2cbac00ccf9b3e33a9c4,"[USER] sto aspettando un pacco spedito con corriere sailpost: il tracking mi dà in transito da 3 giorni e la consegna era prevista per ieri, si può sapere quando arriverà? Comunque con sailpost la roba arriva sempre in ritardo","[USER] Mi spiace per il ritardo! Se non l hai ancora fatto, ti suggerisco di contattare il nostro Servizio Clienti cliccando qui: [URL] A presto! ^SP",2236353,Fri Nov 10 11:30:40 +0000 2017,,,,
1667791,89646f0c11481b62f555237de1637e4387700b50009a2b8a557f059bb449faf9,The last week I've had the worst experience with [USER]. Prime items not arriving after 10 days and customer service being awful 1/2,[USER] Sorry to hear that! What info have we provided? Please avoid posting order sensitive details. ^TS,1667790,Mon Nov 06 11:22:52 +0000 2017,,,,
2154433,beed8b2334af93c4eb52ea65e53aaa313abf1d37ccf95ad683574c07aa340d9f,Acabo de comprar las primeras cosas ever para Camilla por [USER] !! Pura cosa del Chelsea!! Estoy muy emocionada!! Ya subiré la foto cuando lleguen. #KTBFFH Corazón blue forever! :),[USER] ¡Que emoción! No te olvides de mostrarnos cuando lleguen para compartir tu alegría. ^JD,2154432,Thu Nov 09 02:23:01 +0000 2017,,,,
315312,a134652ec355a1098746b0a9cd30c45c58bb08ce6fb81bb8dd1814a47c46b0f3,"[USER]  Order# [ORDER_ID]
Rcvd sms that prodct is dlvrd  cld cust care ystrdy.... but no reply","[USER] Sorry to know you haven't received your package. Kindly fill this form: [URL] I'll contact you soon. 1/2 ^PS [USER] Please don't provide your order details, as we consider it to be personal info. Our page is visible to the public. 2/2 ^PS","315313,315311",Sat Oct 07 05:57:50 +0000 2017,,,,
1554361,531e2e1f689ea5da8cc0ac5b96d4d517ee3a66047ef17da5d92c5b67923a53d1,Hey [USER]   my Prime “guaranteed delivery” items now saying “expected 4th - 7th” Like to explain.  Needed today for Birthday tomorrow.,"[USER] I'm sorry for the troubles. Just to clarify, were you given a reason for the change in delivery date? ^AL",1554359,Sat Nov 04 11:35:52 +0000 2017,,,,
954133,ddaafc0c75a4d95e1c147c7db3c5dafd4216099ae103bc19718f41e66533ba59,[USER] need help. Serious fraud transactions on my saved card with your company. Pls help.,[USER] That's odd. Please contact us here: [URL] and we'll look into this. ^SQ,954131,Sat Oct 21 20:36:21 +0000 2017,,,,
1545747,fdab2d3c57b60b6180bc4bb2d734faf3d94c0d0b3ac15fb7b4d5529911935c80,"Dear [USER] [USER]
155/65 R14 Doesnt Fit Honda City, Y Do u Say it Fits! Liars! Cheat!
Multiple Different Level Complain Goes Futile [URL]",[USER] I'm sorry for the inconvenience this confusion has created. Call us here: [URL] & we'll get this sorted. ^MJ,1545745,Sat Nov 04 06:11:59 +0000 2017,,,,
676940,d029e827a0e78e0e9b6a786fb88db1b7c38ea8de47095746a62cb7d8826fc7df,[USER] i am facing problem regarding my phone bill. And not able to contact amazon as they are unable to find my order.,[USER] I understand your concern. We'll certainly help you with this. Kindly share your details here: [URL] and we'll get it checked. ^SY,676938,Thu Nov 23 05:49:14 +0000 2017,,,,
291354,4189f5de79c5f0f0b4c96d39d99bf5616ea754863c23147683c9112a67dd3cc0,[USER] i just placed an order with deliver next day by 1pm and its saying it wont arrive till monday?,[USER] I'm sorry your item is arriving later than expected. We'd like to confirm what's happened here: [URL] ^RA,291352,Fri Oct 06 15:56:14 +0000 2017,,,,
566567,e217c7d352603c290474875f07fe6f053080340e9143e268c5d11947e72aa849,"[USER] only 3 items out of 6 ordered on BF delivered. All 2 Day Prime, all shipped but still not delivered. New date every day. Tracking is useless. When do I get my items ?",[USER] We'd be happy to look into this with you over phone or chat here: [URL] ^RR,566565,Sun Dec 03 01:38:25 +0000 2017,,,,
600298,e217c7d352603c290474875f07fe6f053080340e9143e268c5d11947e72aa849,[USER] Canceled my BF Prime order because Shipping address is undeliverable. Really? Can’t you notice how many other prime orders are delivered to the SAME Address ? You have a serious problem with your shipping.,"[USER] That is odd! If you review your order history here:  [URL] Which carrier was assigned the delivery of that order, as shown in the order details. ^CH",600296,Sun Dec 03 21:05:06 +0000 2017,,,,
606066,4d04c1a1359db206466e6ff642b8694abea09490f2f2cc2a12c436c48ca25ed3,[USER] can you block things on the kids kindle so they cannot get to things on the internet? ##thanks!,[USER] Hi Amanda! You can set up parent controls. More info here:[URL] ^CN,606065,Wed Nov 22 11:07:47 +0000 2017,,,,
2707603,37650b012de8c7058d2f46029c494f7a1f075da14ca8a7a2ed0f12e07f8f0d05,"[USER] I placed an order at Amazon US but, almost 24 hours after that, I haven't been charged yet. Is something wrong with my payment method?",[USER] I'm sorry for the concern. We don't charge your card until your order has shipped. You'll be notified via e-mail is there are any issues processing the order. ^CL,2707601,Mon Nov 20 00:13:51 +0000 2017,,,,
2343980,9e3704cd9330b5b0577f51a61907104a44b59c99adc4448ed2181f097bca4def,"Oye, [USER] ,no veo muy normal vuestra forma de entregar pedidos. [URL]","[USER] Hola, Carlos. Lamentamos los inconvenientes, ¿tu pedido ha sufrido algún daño? ^VL",2343978,Mon Nov 13 15:27:46 +0000 2017,,,,
1226509,582d72850b8deddffb9533a7068156513e6cf1781bbd36834cee2dbb812888b9,[USER] who do I contact if I work at an apartment complex and I have a problem with one of your delivery people?,"[USER] Sorry for any trouble, Juanita. W/o account specific info, can you tell us more so we can point you in the right direction? ^BL",1226508,Wed Oct 25 19:20:27 +0000 2017,,,,
226133,823b2cef44ad9f613d5adbd28d379472e3ac608a53dfdf47fc87fa5ff282daf6,[USER] shipment in the way how to cancel????,[USER] You can refuse the shipment at the time of delivery and you will be refunded for the order if it's prepaid. ^AP,226130,Thu Oct 05 06:02:48 +0000 2017,,,,
350958,e99ad4326ee7ba6867a5f6b5f28be1640c4d9fb03986d9eae5069cc1b54642c0,[USER] ANOOP was being rude to me for no reason. He raised his voice and when I asked him the reason he disconnected the call.,[USER] here: [URL] we'll get back to you soon. (22)^AP [USER] Apologies for the unpleasant experience. Clearly not intended. We'd like to look into it. Kindly fill in your details (1/2)^AP,"350957,350959",Sun Oct 08 08:53:44 +0000 2017,,,,
866134,82908927b8f25daf81c0eb715ad6a37ddc032dc35a9a0d107b7ede450b299a48,"[USER] how do I cancel a digital book order that, since I can't use points to buy it, I don't want?","[USER] Give us a call, Debra, and we'll take care of it for you. Here's a link to help:  [URL] ^EM",866133,Fri Oct 20 17:46:59 +0000 2017,,,,
322604,cc0f2d645e9c1825e96ffdb58d9c41f74a14b4173eb969ad0f6c40385dd4d6fe,[USER] Im having problems to connect to ur service via PS4-App. Other apps like YouTube doin fine. Is there a servermaintaince?,[USER] Sorry to hear. What happens when you use it? Are you getting error messages? ^PK,322603,Sat Oct 07 13:52:24 +0000 2017,,,,
2923457,fe103668fb49e38aeb61dee324aa0a3e2882ff37fb3bbca4714baf6ba8a5a986,[USER] [USER] This must be a Black Monday Special.. I bought it new and it came in Used. What kind of 💩 is this ? 😤😤 [URL],[USER] Thanks for bringing this to our attention. Let's explore your refund or replacement options here: [URL] ^GG,2923456,Wed Nov 29 02:35:33 +0000 2017,,,,
657997,25f257845340c43e87fcc28d778063ed2bcc97e70324c5648d038f1bee3f38c2,Hey [USER] just received my package and only one of three items were not damaged. What are you going to do for me? Very upset and disappointed. [URL],"[USER] This looks messy! I'm so sorry this happened, Steve. We'd like to help! Please reach out to us via phone or chat for available options here: [URL]  ^JP",657996,Wed Nov 22 23:00:04 +0000 2017,,,,
2961750,55408c51b8960cb2f5d9954646409a980df2e2096bbfdb2071bff3a5cf9d63ba,When [USER] has been charging you $16.89 a month since June for HBO and 1. You didn’t know 2. You don’t even watch HBO 🤦🏽‍♂️,"[USER] We'd like to assist! When you have a moment, please reach us directly so we can review this subscription and any available options with you here: [URL] ^JR",2961749,Wed Nov 29 20:39:11 +0000 2017,,,,
164859,c448b032a871d2934761f91ef2da09ec1c8bdf3429bafd4807f3d7c0d398b36a,"[USER] ,[USER] I had ordered  a product on the 21st of November. The courier guy has not yet delivered my product. I need help .",[USER] We dispatch packages so that it reaches you by the estimated date. Could you please help us with the estimated delivery date of your order? ^MO,164857,Fri Nov 24 19:38:46 +0000 2017,,,,
2742941,3e0a159a55ada3b8ab09ab955845e478d241ce42fe988d32b83529e920fb1094,The amount of times I’ve had my call transferred to someone from a “different department” of [USER] is mind blowing. I didn’t even know this many dif services existed. 🙄 just trying to get one situation taken care of....,"[USER] Hello Spence! I'm sorry to hear this is happening so please, keep us looped in as to the outcome of the call if further assistance is needed. We'll be here to help where we can! ^TM",2742940,Mon Nov 20 18:41:58 +0000 2017,,,,
773491,d062211fbcb71ba84ecd220efb5698b4e2ffdda0cce073d4e27d355d2a0c895b,[USER] I'm curious if it will be delivered by 8pm or not.... [URL],"[USER] We expect your order to arrive as quoted. Please keep us posted, we want to make sure you're taken care of. ^JA",773488,Thu Oct 12 01:30:51 +0000 2017,,,,
776125,d062211fbcb71ba84ecd220efb5698b4e2ffdda0cce073d4e27d355d2a0c895b,[USER] Sad days in the Kingdom of Ooo. No package today. Two day shipping turned to three. [URL],"[USER] I'm sorry for the delay. Typically, late packages will arrive the following business day. Please keep us posted. ^JA",776124,Thu Oct 12 03:08:44 +0000 2017,,,,
1519197,e80a1e22135f9959d2872721d7e8735566b67f880cc30abf6572c62e01954e3f,[USER] Can you help me with my order,"[USER] We'd love to help with your order! Without sharing account details, what's going on? ^PF",1519193,Fri Nov 03 16:28:24 +0000 2017,,,,
2821113,ccac4335e7917dc1c9f449d915ec6054578da665ae8aa156cc015efc6159ebe0,So [USER] randomly signed my account up for prime and charged me without my knowledge or consent (Was not previously signed up) so check your account. Probably a good reason not to have payment info saved honestly.,[USER] Oh no! Follow these steps to cancel your Prime membership: [URL] ^BE,2821112,Mon Nov 27 06:40:23 +0000 2017,,,,
2375375,087425c46ed57d448dca6652e97364c16763c054dc242b2112e6969aab81b875,"Lore en [USER] es la puta hostia, repito, es la puta hostia","[USER] ¡Hola, Eichiirō! Definitivamente Lore es una excelente serie. Cuéntanos, ¿qué te gusta más de la serie?. 😃📽 ^NB",2375374,Tue Nov 14 02:11:13 +0000 2017,,,,
139054,98d411096fb5a318f675a2aaaabe459e59e7c82a2bd20f0b86c453cbf6d844e2,Añadido a Lista de deseos: 'What We Cannot Know (Tpb Om)' por Marcus Du Sautoy a través de [USER] [URL],"[USER] Hola Pedro, ¡ese libro es excelente! 😱 ¿Qué te ha llamada la atención sobre este libro para añadirlo a tu lista de deseos? 😊📖❤️ ^FZ [URL]",139052,Fri Nov 24 10:33:00 +0000 2017,,,,
1260498,07c52d6babcf7ae311a981ffbd6ef5a6dc72cd16ad0d489b5e11d38931438441,"Hey [USER] what's up w/ placing an order today & ""2-day"" Prime shipping has it arriving Mon? Shouldn't I get it on Sat? nbd, just wondering","[USER] Hello, can you check and confirm that you have weekend delivery active on your address. On occasions, it might be disabled. ^CR",1260496,Thu Oct 26 09:55:05 +0000 2017,,,,
173454,44d0577105257eb156abe27bd908684090580fd18751a0864e87b11491e12a14,"La commande [USER] qui passe de livraison ""Garantie"" au 24 novembre à ""Nouvelle date de livraison estimée : 24 nov. - 29 nov. "" en prime, alors que c'est un cadeau prévu pour le 26, pas merci hein. Je vais être obligé d'aller le cherche en magasin pour être sûr...","[USER] Bonsoir, navré pour cela, avez-vous reçu un email de changement de date ?
^YL",173452,Fri Nov 24 23:04:29 +0000 2017,,,,
2875012,2b15c68b652748758f0936d88438895f908ccdab3580b6786ed252a5694ba4db,"[USER] tried to swindle me. Extension cord with 60 ft cord. When you click on it, it cuts the cord down to 3 ft. WTF [URL]","[USER] Hi Tony, thanks for bringing this to our attention! I'm not able to duplicate the image showing the full reel, would you please link the URL? ^KL",2875010,Tue Nov 28 04:46:44 +0000 2017,,,,
2973758,2b15c68b652748758f0936d88438895f908ccdab3580b6786ed252a5694ba4db,"OMG!! I swear I am canceling my Prime account, so many problems this year! [USER] you shorted me 2 hatchimal key chains. It was supposed to be a 3 pack but I only got 1. Do I need to send it back so you can send me 3 or how does this work. #BrickAndMortarForNowOn","[USER] So sorry for the trouble, Tony! We'd like to look into this further with you in more detail! When you have the chance, please reach out to us here: [URL] so we can investigate. ^VB",2973757,Thu Nov 30 02:17:32 +0000 2017,,,,
2847414,b981d575c6f6b671a7655d4c902b45a289570bbc514a9e0d8ce84eb50c5aa759,Second instance of this [USER] driver blocking the bike lane. #tryharder #dobetter [USER] [USER] [URL],[USER] We would like our team to take a further look into this. Would you take a minute and give us more information here: [URL],2847412,Mon Nov 27 18:22:47 +0000 2017,,,,
2166048,9c502e62725c2162c74f1ef8490c59a199ca5c7653e27beb63e80ba53a75bbbb,"Hi [USER], can we gift Prime membership in UK? They show a Gift of Prime voucher in the US. Would suit some elderly relatives very well.","[USER] Hi Matthew, sorry but that feature isn't available in the UK at the moment. We haven't made any announcements about this to date.^JJ",2166047,Thu Oct 19 11:30:56 +0000 2017,,,,
2643631,0c566db7235030b13637569911a1be794ecdde73d8852875b3c6a9ef9793d17f,[USER] [USER].... U guys dupe customers by inflating the price and then provide discount over the unflated price. Totally unethical. [URL],[USER] I understand your concern with the price change/fluctuation for the product you purchased. (1/3)^SF [USER] and our efforts to offer you the lowest price may result in fluctuations in our prices over time. (3/3)^SF [USER] We’re continuously working on provide the best possible prices. The constantly changing marketplace (2/3) ^SF,"2643636,2643628,2643635",Tue Oct 31 03:02:18 +0000 2017,,,,
50439,1b19296b08bedcfe5d5cd0c170948a912a835f55b0def68c5c3472bd38ff645a,[USER] vocês não aceitam pagamento por boleto?,"[USER] Olá, Ana! Atualmente aceitamos cartões de crédito pré-pago, você pode carregá-lo usando boleto bancário e, em seguida, usá-lo para fazer compras na [URL] Para mais informações acesse no seguinte link: [URL] ^NB",50438,Wed Nov 22 22:37:12 +0000 2017,,,,
863855,50278ae17068caf2f47b4b2def64db8da011c604c76bf0236fedaa1bdd721aab,"Laut Amazon-Chat kann man Artikel nur bewerten, wenn man die auch dort gekauft hat. 🤨 [USER] habt ihr eine neue ""Funktion""?? 😂😂😂","[USER] Fast 😅 Du kannst bis zu 5 Rezensionen pro Woche verfassen, die nicht mit dem Zusatz ""Verifizierter Kauf"" versehen sind.  ^KM",863853,Fri Oct 20 17:08:38 +0000 2017,,,,
2960545,2aec350d7d31d34d15d8ee640e8cf9a44a9a61aeb846e54c3fef2f0422524fc9,"[USER] as much as I love your prime one-day deliveries and all the other perks, I wish you could just get your packaging sorted... that would have fitted into on of those envelope things...#justsayin #stopwaste [URL]","[USER] We're always looking for ways to improve, Kate! You can help by sharing your feedback with us here: [URL] ^KH",2960544,Wed Nov 29 20:19:40 +0000 2017,,,,
310803,c0fa3d13551d33db22b70305a1590997ba5ee713ea8b6e47dccec6171a6dcbad,[USER] yo. Hmu in those dms I got an issue on a couple of my orders,[USER] Thanks for reaching out. You can send us a DM through the link below: ^GG [URL],310802,Sat Oct 07 02:27:31 +0000 2017,,,,
1589434,6a77677b7cbadeae87ce961ba0bf05289d215fe12292a170ad064991afeba42a,[USER] been signed out of amazon video while watching a film and can't sign back in ?!!,[USER] Oh no! Are you receiving any kind of error message when trying to sign in?  ^AG,1589433,Sat Nov 04 23:26:36 +0000 2017,,,,
1774568,8f735c37f61b89f26a15b18883f2f988be8844338dc85b8b590f3ade8151a6f0,"[URL]
Without delivering, my order status updated to delivered.upon complaining delivery boy talked in rude way and threatened me,after that got text msg that I refused to accept the order.No action yet taken.
I suggest not to purchase anything from Amazon. [URL]",[USER] That's unusual. I'm sorry to hear about the experience you've had with the delivery. Let us investigate this further(1/2) ^VM [USER] please drop your details here: [URL] so that we can get in touch with you. (2/2) ^VM,"1774574,1774564",Wed Nov 08 03:48:12 +0000 2017,,,,
28882,702344240a08bac31f94186a245c1a8fafdb2c761fea1db80ac76bf56e8eacb8,[USER] I have booked a package to my office address. Actually every week Saturday is holiday but this week it's on Monday.(1/2),"[USER] Sreedhar, please get in touch with our support team here: [URL] and we'll check this for you. ^HN",28881,Wed Nov 01 10:57:43 +0000 2017,,,,
1705436,bdf7964e90e2af7df5e15f092811b6f364f54e2e47d2bc640e3f5ef8b18ad9eb,Very Annoyed at #Amazon circuitry customer service emails when they said they handed your package to the resident and you weren't home..,[USER] I'm sorry for this issue with your order. Have you tried these steps to locate your parcel: [URL] ^DO,1705434,Mon Nov 06 22:09:07 +0000 2017,,,,
503570,8392e0d790df6114498f98577b2547473d872ebc789bf8d991ea15798603d640,[USER] what is the deal lately w/ prime shipping and customer service? two orders in the past week that didn't arrive and couldn't be tracked!,[USER] I'm sorry your orders never showed up! Were the items sold by Amazon or a third-party seller: [URL] ^VS,503569,Fri Dec 01 20:12:22 +0000 2017,,,,
787214,5f1f868039cfd42b913853d860b2f3a105028c2fd9db5d0ad2aafc482d10dfb4,When [USER] deliver your [USER] parcel and it’s soaking!! 😠,"[USER] Sorry to hear that, are the items ok? If not, have you checked the options here: http:[URL] ^JJ",787212,Thu Oct 12 09:56:51 +0000 2017,,,,
1553761,a4f887209dfa4c62db3a9bd0d919f94cc9fefea0f5094a41ade888e03e668fd2,[USER] why are you unable to deliver prime deliveries in the time frame? Last few have all been late and resolution totally unacceptable,[USER] My apologies for this. If you get in touch: [URL] we'll be happy to look into the situation. ^DC,1553760,Sat Nov 04 11:06:29 +0000 2017,,,,
80773,3aa8fc14b1255ef6fc0a274583f3e2e9585068c99fd0265b6d1add0cab213212,"[USER] Thank you for the week long Cyber Monday deals! I just ordered my Echo Dot! Whoop, Whoop!",[USER] Woo hoo! How exciting! I hope you enjoy your new Echo Dot! ^RO,80772,Thu Nov 30 13:02:31 +0000 2017,,,,
1694542,8ec6294380ee705629cc283b67ecfb4a1931f33c57f83458d53ce568656c120c,[USER] why do u promise if u can't full fill.. WORTHLESS you are being such a big company u cannot take care of immediate clients,[USER] Sorry about the bad experience. We've responded to your tweet here: [URL] ^NR,1694540,Tue Oct 17 15:37:43 +0000 2017,,,,
1694555,8ec6294380ee705629cc283b67ecfb4a1931f33c57f83458d53ce568656c120c,"[USER] DISGUSTING even after paying extra did not the get the item on time, was depended on u for the gift but it did not arrive on time😡","[USER] I'm sorry about the delay in the delivery. We'd like to help, kindly share your details here: [URL] ^MA",1694554,Tue Oct 17 15:33:16 +0000 2017,,,,
1856099,8ec6294380ee705629cc283b67ecfb4a1931f33c57f83458d53ce568656c120c,"[USER] Even after paying extra to get the delivery asap, had to cancel our plan, tickets & wait back to just get our parcel",[USER] I understand how you feel about the delay in delivery of the order. Our logistics team (1/2) ^VM [USER] is actively working with us to make sure your order is delivered at the earliest. (2/2) ^VM,"1856098,1856100",Wed Oct 18 07:24:08 +0000 2017,,,,
1755993,d56ca1cbe5e3101b2ddd6b084428d1c770fb2fe1cc94d823b1bee50d7d9ebcfb,"[USER] Hey, just wondering when I'll recieve my presale code for Gary barlow tickets  after buying the book? Need it for Belfast.","[USER] Thanks for reaching out, Lindsey! When did you pre-order the book? You can check here: [URL] ^FD",1755991,Tue Oct 17 20:40:12 +0000 2017,,,,
1282333,2dc60052130644fa8294ae6161824be21b7c6bad4c5285c2664f3c4e0b55581b,[USER] After 4 hour the my payment not shown in amazon pay.  Order # [ORDER_ID],[USER] Please don’t provide order details as we consider them to be personal info. Our Twitter page is visible to public. (2/2)^BS [USER] I get your concern about the pay balance. Please report this to our support team here: [URL] (1/2)^BS,"1282332,1282334",Thu Oct 26 17:12:12 +0000 2017,,,,
1354503,778097ce1fb3c1c2b93e63f66d26df3d2354c9495b7cecdbe2e2e6dd999e3d52,"[USER] Have an order shipped 10/4, and have yet to receive. Can you assist?","[USER] Hey Tommy, we're here to help! What is the current status of your order? You can check here:  [URL] ^MW",1354498,Fri Oct 27 18:42:59 +0000 2017,,,,
2557216,6ea39c3d367b12a479144f8c8292885eb42f7f97e883882fec34224538772205,[USER] ya quiero conocer tus ofertas 😣,[USER] Pronto. 😉 Te recomiendo estar pendiente del sitio web para aprovechar al máximo. 😄 ^KS,2557215,Thu Nov 16 16:14:10 +0000 2017,,,,
2036738,987fb32b2785703e523bad4e38e6f6d118e99fe20ac60e185a7ee1b896aec809,"[USER] This meat-based product appears in the search results for keyword ""vegetarian"": [URL]","[USER] Thanks for reporting this, Brian! ^VB",2036737,Wed Oct 18 22:04:58 +0000 2017,,,,
91722,72cba6d4cf282813bf2ad8a49c0e1350daa2109a54227090e57de707b925ee7d,[USER] I have a gift card but that is not useful for me as I am outside us and your import charge is too high and [USER] have similar kind of thing in very lower amount help me with this. Can you transfer it to [USER],"[USER] Thank you for reaching out today! I'm sorry, an [URL] Gift Card can only be redeemed on the website where it was issued. You can find more about this here: [URL] 

If you have further questions, let us know! ^KN",91721,Thu Nov 23 13:49:39 +0000 2017,,,,
11594,2e8993d59e443cf18edf267adabd57f1b2087355ab2b39f3295905f3d5601e81,Bit of a piss take really now [USER] - was promised it by 9pm today. [URL],[USER] Oh no! Let's talk about this in real time. Please call or chat with us here: [URL] ^BA,11592,Wed Nov 01 00:54:02 +0000 2017,,,,
45558,2e8993d59e443cf18edf267adabd57f1b2087355ab2b39f3295905f3d5601e81,So I still don't have my [USER] order I was supposed to get on Monday. No explanation as to why. Probably been stolen!,[USER] Sorry you don't have your order! We'd like to see how we can help so please reach us by phone here: [URL] ^DD,45557,Wed Nov 01 16:24:26 +0000 2017,,,,
419894,2e8993d59e443cf18edf267adabd57f1b2087355ab2b39f3295905f3d5601e81,And the 'customer service' email I got was dreadful. Do you have a head office I can contact [USER] ?,[USER] Hello-Please contact via the below link: [URL] and we can transfer your concerns directly. Thank you. ^NV,419892,Tue Oct 10 06:01:44 +0000 2017,,,,
2626401,2e8993d59e443cf18edf267adabd57f1b2087355ab2b39f3295905f3d5601e81,Glad my prime membership isn't wasted. ANOTHER delivery I didn't get today. [USER] used to be so good!!,[USER] I'm sorry we've let you down. Have we missed the delivery date that was sent in the email here: [URL] ^TN,2626399,Mon Oct 30 23:54:38 +0000 2017,,,,
2170895,11f9bd9417d7ba5e49f5afeab5fd33d3676cd9a7bcfb0f7b3df66e128cd1f86c,[USER] [USER] who do I talk to about getting my money back as my package is now stuck in Exeter since 3 am and won’t be coming to me tonight and I’ve already payed for the same day delivery?,"[USER] Hello Charlie! Sorry to hear that your package hasn't arrived in time. If you are looking to get your money back for the same-day shipping, just reach out to us directly and we'd be happy to get that sorted for you. Just use this link: [URL] ^JD",2170892,Fri Nov 17 21:33:36 +0000 2017,,,,
502439,b6dc1ff9c3dffcc5d7b4210ae2d9feac5ec2fb579e78c3d684c8693f8e37cf5a,Why did I buy an [USER] stick?! It doesn’t seem to want to hold an internet connection for more than 15 Minutes at a time,[USER] We're here to help! Have you had a chance to checkout these tips for connecting to Wi-Fi: [URL] ^ML,502438,Fri Dec 01 19:56:45 +0000 2017,,,,
1786569,78f3fd7bd3ed4f0e5833936470ca596e3d22d0223151f52c33fa4000c79b8d6a,there comes a time in life where your [USER] recommendations are simply past the point of no return,[USER] I'm sorry for the trouble with your recommendations! You can learn how to change them here: [URL] ^JN,1786568,Sat Oct 28 23:42:25 +0000 2017,,,,
1371835,e00bed1d042d93d42bdaf1659118ecf0dcd19f492fc257f1e04f261c1cc7da37,[USER] care to explain this?? Love how every time I order with Prime your courier's fuck me over by losing or delivering DAYS late!! 😤😤 [URL],[USER] This isn't what we like to hear! We'd like to look at this closer with you. Please reach us here: [URL] ^KP,1371834,Fri Oct 27 23:44:58 +0000 2017,,,,
2161818,e00bed1d042d93d42bdaf1659118ecf0dcd19f492fc257f1e04f261c1cc7da37,[USER] why is this advertised at £13.99 but when I put it in my basket it rockets back up to £24.99....not the first time 😠 [URL],"[USER] Hey, prices may fluctuate based on a number of factors. Can you please provide a link to the item in question?^TP",2161816,Thu Nov 09 07:09:38 +0000 2017,,,,
1268844,bbde2cb5c94ab7d148e36ad60281c138da197ed4e47a5f71383ddee7b141bb9f,I live in Karimnagar & place orders for my customers & earn through Amazon associates. I've generated more than 500 sales in past 2 months. [URL],[USER] I'm sorry for any confusion. Please connect with our support team here: [URL] for assistance. ^RW,1268843,Mon Oct 16 06:23:17 +0000 2017,,,,
2787750,424935fee50ba609eeded7a863f46272ffc358f0600c98a99bc5c5da231f4ee1,"[USER] Hola, ¿dónde puedo decir que me ha llegado un pedido incompleto (había pedido dos de lo mismo y sólo ha llegado uno?","[USER] Hola, Arantxa. Lamentamos este inconveniente. ¿Nos podrías indicar si el producto que te ha llegado incompleto es directamente vendido por Amazon o es de un vendedor externo?
^ES",2787749,Tue Nov 21 18:55:19 +0000 2017,,,,
1257483,fdfe2bc03812c3de650659c78c627a71a13523ab26a3a262f9cac1f22f467ae7,Da hat die [USER] #Ai ja mit ihrer persönlichen Empfehlung mal voll meinen Lesegeschmack erkannt #not #fail [URL],"[USER] Nicht so wirklich? Schau doch mal, ob du deine Empfehlungen anpassen kannst: [URL] ^DW",1257482,Thu Oct 26 07:24:27 +0000 2017,,,,
1996369,984b601f12f4ce27b2a49bce903653d4120840c294941dec6b80ab6e47bb9d30,[USER] please Tell me when Redmi y1 is Available,"[USER] Redmi Y1 is available for sale from 29th November, 12:00 P.M. You can refer: [URL] for more info. ^VN",1996368,Sun Nov 26 10:05:28 +0000 2017,,,,
1487895,d2c78ced78ba6826a58db21b83eee45c186939f63b90a8f05b99501c86533ee8,"[USER] can amazon GC be purchased in retail stores/locations? If yes, where in Hyd do I get them?",[USER] Amazon gift cards are only available on our website. You can find all of our gift card options on our (1/2) ^GK [USER] gift card page here: [URL] (2/2) ^GK,"1487896,1487894",Fri Nov 03 05:35:09 +0000 2017,,,,
2725032,cf2d45773e1bd30f62a6f104c9416c9a1035cb4e36deb508016082ebd29a3773,"Oh [USER] are you trying to get me into trouble by not delivering my parcel?! Please, I need it! Now! Today!!!","[USER] Hi Guy, I'm sorry to hear this. What is the expected delivery date? And what does the tracking currently say? ^KK",2725030,Mon Nov 20 12:23:02 +0000 2017,,,,
669171,2dec7a44c1f2444220223985c03ac14c620c6c13345c56657e3819bf9ed3f1ee,[USER] Hey. When are we getting the season 3 of Mr. Robot? We need it ASAP!!!!,[USER] We will continue to add new content. Keep checking [URL] where we highlight the latest movies and TV shows we have available. ^KK,669170,Thu Nov 23 04:40:52 +0000 2017,,,,
58087,0051890d3744b0bf74105cf231928a4210868b230cd4f234970e5179f5a11818,[USER] can I DM you instead?,"[USER] I've just replied to your DM, thank you for your patience! ^LA",58085,Wed Nov 01 19:58:05 +0000 2017,,,,
669736,d2a4c3cf3ed67a1dd64e39842af501b3e97ec502a40128a060c49fd28b069e30,"[USER] gente, vai rolar desconto da BF pro kindle? preciso saber mesmo se vai ter :/","[USER] Oi, não temos acesso às ofertas disponíveis além da informação no site. Fica de olho no site e nas nossas redes sociais para não perder nenhuma novidade ou promoção. ^JD",669735,Thu Nov 23 05:13:31 +0000 2017,,,,
2949444,d2a4c3cf3ed67a1dd64e39842af501b3e97ec502a40128a060c49fd28b069e30,"[USER] olá! é normal a entrega demorar 6 dias pra atualizar o status do rastreamento? o pagamento ja saiu, na verdade, aqui diz que eles estão em são paulo desde o dia 23..","[USER] Eita! Dê um toque lá no SAC, eles poderá ajudá-la. ^VL",2949443,Wed Nov 29 16:56:31 +0000 2017,,,,
1022874,cb4b921f0fbd9bd7bb14ff575102282b678225a7a6b9e72e64623ed3dc500743,[USER] I placed an order but I guess it hasn't placed & your customer service isn't responding,"[USER] That's unusual. We'd like to check this, kindly connect with us here: [URL] ^JS",1022873,Sat Oct 14 16:08:24 +0000 2017,,,,
931692,60bb5bac90013783ee1d20a6e0bfa6fd4e52081850c98da70b16bfb8b5df4365,[USER] ordered a gift & u sent wrong product. Want to give gift so Im not empty handed but give them the ... [URL],[USER] Oh no! We'd like to help look in to options for you. Please click here: [URL] so we can assist. ^NM,931690,Fri Oct 13 21:56:47 +0000 2017,,,,
1519828,33ff05b1c783be13f2c0c78fcd04aa41faab201bb4dc2dddf0632a8633e379d5,On y croit a la livraison ou pas ? Cc [USER] [URL],"[USER] Bonjour, la livraison est prévue avant 20h. Merci de nous tenir au courant ^BR",1519826,Fri Nov 03 16:46:26 +0000 2017,,,,
428274,66680625aa1a23cdf238a2e61940166a0cb24310d0c0a507a5e782fc5f839804,Me dice [USER] que mi Digibook de #WonderWoman ya está en camino. No llega hasta el viernes. [URL],"[USER] Ya casi llegamos, no te preocupes 😊 Apenas lo recibas avísanos ^LG",428273,Tue Oct 10 13:34:51 +0000 2017,,,,
2372330,0e0954270d19d348e8f8f6b34c961788a8160d2c7c2c2d16ab355d3bc8375c11,[USER] just accidentally pressed cancel order on something that’s arriving tomorrow - how do I fix this?! 😫,[USER] Did we send you a confirmation email that the order successfully canceled? Please check here: [URL] ^BE,2372329,Tue Nov 14 00:50:52 +0000 2017,,,,
1509849,06c2d2bb9fb0a31472745890ca9f5bdeb509e8e084795621c6c3f2fa4776b5a7,Mac Chrome Amazon 重い 検索かけたら昨日辺りから結構いるみたい。やっぱ俺だけじゃ無かった。中の人、早く何とかして。,"[USER] ご不便おかけしております。Amazonのサイトがつながりにくい状況でしょうか？ 
一度、PCサイトをご利用の場合はブラウザのキャッシュ削除や再起動などお試しいただくか、別ブラウザや、モバイルサイトにて同様の症状があるかご確認いただけばと存じます。TY",1509848,Mon Oct 16 18:13:17 +0000 2017,,,,
2367912,25aab6c042bb9a58d2faaa33c6c1016e0b60d485079325df1da966fe9b3307f3,"[USER] [USER] not the kind of service expected. If something doesn't fit in the mailbox, just leave a note. [URL]",[USER] Sorry to see that! Please leave feedback here as well: [URL]  ^CH,2367911,Mon Nov 13 23:29:54 +0000 2017,,,,
2909100,21691e67d05dae83338009793717f71bf4415458d1bc20db8d3e879b2be14c8b,"Voy a cancelar mi [USER] Prime, ya estoy HARTO de que usen USPS con Two Day Shipping.","[USER] Hola, Dereck. Sin compartir información de tu cuenta, dime, ¿alguno de tus pedidos actuales se encuentran atrasados? ^CR",2909098,Tue Nov 28 21:02:51 +0000 2017,,,,
1345575,65ab3280cec2c494e23d2b6bb754332ea36969983681d39758bd08174ff283dd,"[USER] Hey, Amazon asks for monthly statement for my new card, but I have no statement yet, What can I do? My account is on hold now :(",[USER] I'm sorry about the account trouble! I'd recommend contacting your bank and requesting a statement from them. ^LB,1345573,Fri Oct 27 15:17:17 +0000 2017,,,,
1936449,4fe22b0ff4dfc5d524a904f81be5eb2ae9edda1cd27ae262d7021e2f41add5fd,[USER] my account has been hacked & the hackers changed my password.  What do I do?,[USER] I am sorry about the troubles with your account! Let's see what we can do to help! Try this: [URL] ^FR,1936448,Wed Oct 18 15:31:50 +0000 2017,,,,
133907,4d9399c48be4578944ba169cfc4c0fd7963bbde46ba6e4f126ca97f569f3a96c,"[USER] I ordered phone from amazon and got 2 ‘Ghadi’ sabun.
Pathetic!! Thankfully I videotaped the opening of the package. I need my phone ASAP. 
I was advised to videotape everything as i saw on fb it happened to someone else. [URL]","[USER] Apologies for the inconvenience. It's never our intention to send wrong products. However, did you report this to our support team? ^MN",133908,Thu Nov 23 15:02:30 +0000 2017,,,,
2985445,4d9399c48be4578944ba169cfc4c0fd7963bbde46ba6e4f126ca97f569f3a96c,"[USER] - Amazing offer buy a mobile phone and get detergent bar instead. [USER]
FRAUD alert !! 🚨 

Message to all Amazon users - Do videotape your packages after delivery, you might get shocked seeing whats inside
[USER] [USER] [USER] [URL]",[USER] I've checked but we haven't received your details yet. Please fill the form which is provided here: [URL] so that we can check and assist you accordingly. ^SP,2985444,Thu Nov 30 06:30:23 +0000 2017,,,,
2055086,f61b3142fb314feb3d0d76caf34a42ef5f88666a854d052d46b9df44abdfdb27,Wanna know what’s frustrating? When you pay for #amazonprime &this is the 3rd package in a week that hasn’t been delivered on time [USER],[USER] This isn't the experience we want to hear! We'd like to investigate this with you. Click here: [URL] ^JA,2055085,Wed Oct 18 23:56:02 +0000 2017,,,,
1334312,591e7d6e97ecc9ce7e423d74a136d4b1da70599324ebd5d271b92ce81ea140e4,[USER] package left at same place from 24 oct of ordder id ( Order# [ORDER_ID]). what a worst delivery service,"[USER] The tracking update will be put up as soon as the package is scanned at a carrier station in transit. (1/3) [USER] Please don’t provide your order details as we consider them to be personal info. Our page is visible to public. ^SG(3/3) [USER] Also, let us know if there has been any miss to the estimates mentioned here:  [URL] ? (2/3)","1334314,1334311,1334313",Fri Oct 27 13:43:09 +0000 2017,,,,
2470195,70b92fbffcba600c0c8cc0e544cb79fa6536fe768a3704e45bcf4819a8352712,[USER] Hello. My Order# [ORDER_ID] has been returned by me and received by you on Nov 4. Kindly issue the refund.,"[USER] Refund is automatically issued to the original payment method within 3-5 business days. Request you to kindly check with your bank for the same. If you are unable to track your refund with the bank, you may contact our support team here: [URL]",2470194,Wed Nov 15 10:35:05 +0000 2017,,,,
813274,d855d5827f08c93a205018857cc88b7261c823b7a36a652496ebcb83d02d3145,non aspetto il sonno tanto presto e quindi leggo 📕 #kindle #buonanotte,[USER] Buona lettura! 🌜^MZ,813273,Thu Oct 12 19:50:59 +0000 2017,,,,
2547057,0efa2ec2c7b029549684b47b359ecfd2d941614325d2784a9d6c559b2bb9f242,"6:00 AM. ""Crap, our wifi is busted"" - Me

6:05 AM ""Your new wifi router will be on your doorstep between 8-9 AM"" - [USER] 

#PrimeNow = the best.","[USER] Hey Garth! Absolutely love it 😇. Hope you get everything set up OK, and you enjoy the rest of the week !!! ^MA",2547056,Thu Nov 16 14:17:44 +0000 2017,,,,
521639,619a8c09135460064f13e11670976847ce722207878470785de0fbfe4f1b4c35,"[USER] I paid for two day shipping on TUESDAY. Still have no package, how can you charge 10$ for shipping but not hold up to it? My package better be here tom bro",[USER] I'm sorry for the inconvenience! We'd like to take a closer look at this. Please reach out to us at your convenience here: [URL] ^LJ,521638,Sat Dec 02 03:54:50 +0000 2017,,,,
2899572,cff7a59af04024b75973368d9f693801fbd831d3fb93885c02c25a0b267f6e83,[USER] having the worst experience with your customer care.Icing on the cake when your customer care leadership also is blaming the customers and disconnecting the call in mid of the problem resolution!!! 😒😕😤,"[USER] I'm sorry for the inconvenience, could you please elaborate on the concern? ^MD",2899570,Tue Nov 28 17:16:10 +0000 2017,,,,
1386158,3fb86dbd00c7496b20c6117a9367b852680494cdbb015243c5a7d0b448a29dac,"[USER] [USER] please add movies like Bareily ki Barfi,Tu hai Mera Sunday into your collection? Waiting for them.",[USER] We will continue to add new content. Keeping checking [URL] where we (1/2) ^CB [USER] highlight the latest movies and TV shows we have available.(2/2) ^CB,"1386159,1386157",Sat Oct 28 09:21:33 +0000 2017,,,,
882549,7ed2e05c7098c18d6d3f352ff59f192b1865ff568159c5b75d38a4e8fda5af99,if you choose one day shipping and its Amazon's own logistics and delivery service. It will never arrive on time. [USER] [USER] 👎🏾,[USER] I'm sorry you've had a bad experience! Did we miss the mark on an order recently? We're here to help! ^BL,882547,Fri Oct 20 19:42:58 +0000 2017,,,,
884942,7ed2e05c7098c18d6d3f352ff59f192b1865ff568159c5b75d38a4e8fda5af99,"Everyone, next time you use [USER] make sure to request to have them lower the priority of use of AMZL.  It'll save you huge headaches.",[USER] We want you to have a great experience with us! Is there anything we can assist with today? ^FR,884941,Fri Oct 20 22:22:49 +0000 2017,,,,
902298,7ed2e05c7098c18d6d3f352ff59f192b1865ff568159c5b75d38a4e8fda5af99,[USER] fix your AMZL delivery and logistics for the SF area or globally. I cannot rely on amazon to deliver a package on time anymore,"[USER] I'm sorry for the delivery trouble! I'd like to escalate this for you, please send us more detail here: [URL] ^DW",902295,Sat Oct 21 00:25:42 +0000 2017,,,,
2364661,bbf63bd28d52718553cc1f7bcc9cd2b1732e148ee9826d4ee14bffbc881f717b,PORRA AMAZON EU TE AMO [USER],"[USER] Olá, Camila! Nós agradecemos seus comentários. Conte para nós o que fizemos para merecer o seu carinho?. Ficamos curiosos. ^NB",2364658,Mon Nov 13 21:51:16 +0000 2017,,,,
695151,a54605c643295af1a37b80cd4c804d03f3fc0a0ae2c82ea7d3beb1ab42e927f1,[USER] just received my next to me sleeper by Chico and it’s filthy and the carry bag is completely ripped!???? [URL],"[USER] I am really sorry to see this, Jen. Was the packaging that the sleeper came in damaged or torn?^SM",695150,Thu Nov 23 15:31:15 +0000 2017,,,,
695085,c5037cf7292681e77416320d211100aa7840ca482fce90350e978784057c2692,[USER] Wieder mal eine pünktliche prime Lieferung …(Habe die Ware noch nicht). Warum es mit Prime immer min. 1 Woche und ohne max 2 Tage. [URL],"[USER] Tut mir leid für die Verzögerung. Wir tun unser Bestes, das garantierte Lieferdatum immer einzuhalten. Hast du dich diesbezüglich bei uns schon gemeldet? [URL] ? Dann kann geprüft werden, woran es liegt. Grüße ^AS",695084,Thu Nov 23 15:43:43 +0000 2017,,,,
1199049,98cbd04a9cbc3bfe27f1f4facb7e84b02fbfce7f7d0e409e8874d0503f505494,"[USER] [USER] OrderNo [ORDER_ID] isn't delivered it's returning back to seller,Without any contact returning back.plz help","[USER] I understand your concern about the order. However, once the order is returned we cannot reinstate it. I request you(1/3)^SF [USER] to kindly place a fresh order. I've also noted your comments & will be sure to forward this as a feedback internally.(2/3)^SF [USER] Please don't provide your order details, we consider it to be personal information. Our page is visible to the public.(3/3)^SF","1199051,1199050,1199048",Wed Oct 25 04:15:56 +0000 2017,,,,
1153744,33cbb1683c81c310c6a377910e7a62a28eb8395e7838a30f9e7df7f1a24cbfe7,Bajaj OTG bought from [USER]. Doesn't work from the 1st day. [USER] doesn't care. [USER] doesn't want to do anything.,[USER] Is the item still in the return window?  If not the manufacturer should be providing you warranty related services. ^CB,1153743,Tue Oct 24 16:00:31 +0000 2017,,,,
142794,505a9e312076ab5bf35e5153dcfaac9971dc04f63d5899b97691872d48dbf5be,[USER] are u trying to cheat customers?,"[USER] Looks like you had an unpleasant experience, Ajay. Kindly let us know what went wrong and we'll assist you with that. ^HS",142793,Fri Nov 24 12:56:24 +0000 2017,,,,
150508,505a9e312076ab5bf35e5153dcfaac9971dc04f63d5899b97691872d48dbf5be,"[USER]  you can't call, won't allow me to call....how do we resolve issues?  Hope you have not grown too big...that you steamroll customers.","[USER] Kindly elaborate your concern, so that we can help you accordingly. ^SG",150507,Fri Nov 24 15:10:08 +0000 2017,,,,
176494,505a9e312076ab5bf35e5153dcfaac9971dc04f63d5899b97691872d48dbf5be,[USER]  still doing nothing huh?  So Amazingly Amazonian of you guys.  USELESS,[USER] Please tell us what went wrong and we'll be glad to help you. ^MK,176493,Sat Nov 25 00:09:57 +0000 2017,,,,
328744,505a9e312076ab5bf35e5153dcfaac9971dc04f63d5899b97691872d48dbf5be,[USER] is USELESS.,[USER] That's quite a remark. Could you confirm sharing your details on the link provided earlier? ^JS,328742,Sat Nov 25 03:56:06 +0000 2017,,,,
2880389,505a9e312076ab5bf35e5153dcfaac9971dc04f63d5899b97691872d48dbf5be,Diyar [USER] got 2 texts. My stuff arriving early. This is the number provided tel:[NUMBER]. Do try calling it. HOW DO YOU GUYS MESS UP SO CONSISTENTLY? Part of the job content??,[USER] I'm sorry for the trouble caused over this order. Please connect with our support team here: [URL] for further assistance on it. ^RW,2880388,Tue Nov 28 08:11:41 +0000 2017,,,,
2881326,505a9e312076ab5bf35e5153dcfaac9971dc04f63d5899b97691872d48dbf5be,[USER] [USER] I refuse to connect anywhere. Call me. I have shared my number. Don't be so shameless. Stop asking me to fill in forms etc [URL],"[USER] I understand how upsetting this could be. We'd certainly want to help you. Please share contact us here: [URL] click phone option, enter your number, desired language and click to call. We will call you. ^BS",2881325,Tue Nov 28 08:42:16 +0000 2017,,,,
2881893,505a9e312076ab5bf35e5153dcfaac9971dc04f63d5899b97691872d48dbf5be,1. Made 4 purchases frm Amazon. 2. Then made 3 calls requesting them 2 ENSURE DELIVERY 📦 after 4PM. 3. Three products delivered before 1 PM. 1 product RETURNED BY COURIER without even attempting second delivery. #amazonsucks #amazonsucks #amazonsucks [URL],[USER] I'm sorry about the trouble with the delivery. We'd like to look into this. Kindly share your details here: [URL] and we'll get back to you at the earliest. ^SC,2881892,Tue Nov 28 09:20:47 +0000 2017,,,,
797495,8dd500eb1f1ff8c4de860bc32131e7e8fcf932215984931c92652c89f75cb174,"[USER] estou tentando recuperar senha mas além do email pedem CEP, que não tem ni cadastro. Como faço?","[USER] Olá Luís, recomendo entrar em contato com nosso SAC accesando este link: [URL] ^AZ",797493,Thu Oct 12 15:00:29 +0000 2017,,,,
1300633,fcdcf2dc68c8f30fdbd77aeef945c2a796fabaa6a5117747dcefe99f48886181,[USER] I ordered a book 3½ yrs ago. When I searched the Amazon site they offered a same-day delivery for the same book. Its now out of stk?,[USER] I'm sorry to hear it's now out of stock! You can sign up to be notified when it's available again. [URL] ^RM,1300632,Thu Oct 26 23:36:06 +0000 2017,,,,
2859856,c97e1a190312b3962c67c669a4eda24c09c12de70d4e513b26a3c62064177c94,"[USER] Order for 10pm delivery today but nothing has arrived, any help please ?",[USER] I'm sorry you haven't received your order. Have we given any notification of a possible delay? What is the latest tracking showing? You can find that here: [URL] We'd be happy to help in any way possible. ^SK,2859855,Mon Nov 27 22:13:03 +0000 2017,,,,
226647,744a0758d2ce5cc524ea8e7790bb271f7385f09d449a62c55923a305abfc033b,"[USER] Bonjour, pourquoi ne transmettez pas à UPS les codes portes ainsi ainsi que les numéros de portables de vos clients ?","[USER] Bonjour Olivier, pourriez-vous m'expliquer davantage? ^SM",226645,Thu Oct 05 07:10:02 +0000 2017,,,,
1522538,e676d9690cf0ff0bc403b449128252f9aa7f8f58d7f11fca4d33c09607756362,"Must be the day of deliveries as even [USER] have failed to deliver item, twice!","[USER] Oh no! Without giving account details can you tell me more about what happened, Jonathan? ^CN",1522537,Fri Nov 03 20:36:50 +0000 2017,,,,
378340,d4e07ad0d558b8c4333e82972fe8c49ddfeb9ea4175c6318b10bb4e924584697,"Dear [USER] while I am a satisfied customer overall,I must tell you that my last few orders haven't met the #prime member 2 day shipping that is part of membership,why is this happening more frequently?may have to rethink membership renewal soon.I needed these today 🙁 [URL]","[USER] I'm sorry for the delay, have you had a chance to report these occurrences to us: [URL] ^GM",378339,Mon Oct 09 03:46:38 +0000 2017,,,,
2905069,9d8174bc2b95f68ad84e8cd62ae0df3bd824d3de43c2ebb86ee83e515a970ebc,[USER] Need help with getting rid of recommendations on the lock screen. I've turned them off on the home screen but still getting them on the lock screen,[USER] What you are seeing on the lock screen is Special Offers! We are able to offer a subsidized price when you purchase your Kindle by showing these ads but they can be disabled. You can learn more about these offers and unsubscribing here: [URL] ^DD,2905066,Tue Nov 28 19:24:39 +0000 2017,,,,
2898862,647eec4e84896d79852dbea903a36898423b32102a8ac5fa4473a38cad92c3c0,Hey [USER] this *really* isn’t where [USER] asked you to leave her parcel... this is a street and our door is RIGHT ON THE PAVEMENT. #deliveritright! [URL],[USER] Have you set up a Safe Place for Unattended Deliveries yet? This may help! You can find more information about this here: [URL] ^MT,2898860,Tue Nov 28 17:18:26 +0000 2017,,,,
2427431,14ec5abf47262bbeff2377dad0a5e759b9edfbaef6129d316660407594a98c3a,"Le livreur a renvoyé à Amazon mon colis sans essayer de me le livrer. 😐
J'exige que Saez fasse une chanson.","[USER] Bonsoir, pourriez-vous nous en dire davantage sur votre problème de livraison je vous prie? ^BR",2427430,Tue Nov 14 19:53:45 +0000 2017,,,,
1502888,3b4bdc63395e8424e8ecb2cb2a4687f27c519518fe7b471a03df5bbc936c2b24,Thanks [USER] for sending my copy of [USER] #WW2 but I pre ordered a #PS4 version... #fail [URL],"[USER] Oh no! I'm sorry about this, Nick! Let's see what options we have for exchange available here: [URL] ^AL",1502887,Fri Nov 03 15:48:46 +0000 2017,,,,
2859823,376f909f8c9363098a1d7d8f14b25a9b344a102d6e2090d13f913dce518d64c2,Tell me how the multibillion dollar giant [USER] is trying to make me pay for shipping on an order that I canceled before it even left their facility and then subsequently never received. The cost of this shipping charge is 1/3 of my refund. Are you kidding me?,[USER] I'm so sorry for the frustration caused by this order! We'd like to take a closer look and see what options we have. Please reach out to us via phone or chat here: [URL] ^DG,2859824,Mon Nov 27 22:31:27 +0000 2017,,,,
262158,0374012980b7fbf14cf5afa4cf1e9cd356e7e45c41b1a7adf12e3bc04792f756,[USER] ¿La membresía de Amazon prime incluye Kindle Unlimited? Ojalá que sí.,"[USER] Hola, Juan. Actualmente estos son los beneficios de la membresía Prime: [URL] ^JQ",262156,Thu Oct 05 22:05:02 +0000 2017,,,,
1252068,0374012980b7fbf14cf5afa4cf1e9cd356e7e45c41b1a7adf12e3bc04792f756,"[USER]  I am still unable to see the new chapter of ""Mr. Robot"" Do you have an issue? Or is it blocked for Mexico? [URL]",[USER] I'm sorry for the trouble! Have you contacted our support team to report this: [URL] ^ST,1252066,Mon Oct 16 03:52:46 +0000 2017,,,,
1474610,9fc41e4ea3341bd3bf00e641e507c9f36fe548f49a75f05b18bacb4113ee1468,[USER] facing the attached error since two days. Unable to get my order replaced. Pls look into it! [URL],"[USER] Apologies for the trouble you've faced to replace the product, Praveen. We'd like to take a closer look. 1/2 ^HD [USER] Please report this to our support team here: [URL] and we'll look into this. 2/2 ^HD","1474611,1474609",Thu Nov 02 21:54:46 +0000 2017,,,,
766176,de9ce3671c45a621a3f5f28fcc1441efa04cb16a92c185292d31b728faa4e9b3,"[USER] [USER] how do I get Amazon to stop doing business with a freight forwarding company? I know a company blaming you for the loss of a laptop and laptop bag delivered to a Hallandale, FL address. My friend got an empty box in Nassau, Bahamas via X-Press It. Help please.",[USER] That isn't the kind of experience we want customers to have. We'd like to gather your feedback: [URL] ^TG,766175,Wed Oct 11 22:07:01 +0000 2017,,,,
823149,c1748b60268b4fd15869443649c2ecb1a02f356350cd827423025cfc15ca1ef7,[USER] [USER] dm!preciso tirar uma dúvida urgente!,"[USER] Olá, João. Sem compartilhar informações pessoais ou da sua conta, me diga, como posso ajudar você hoje? ^CR",823148,Thu Oct 12 23:31:37 +0000 2017,,,,
2570930,b8768813a7e6633d0d0622f9275fb02fdac4df0da24e06dbfaff5c6a1c3738e2,Thanks [USER] for not delivering something that should be small enough to fit through the letter box!,"[USER] Oh goodness! Sorry to hear, Paul. We'd like to take a closer look! Please reach out to us here: [URL] ^AB",2570929,Mon Oct 30 17:11:48 +0000 2017,,,,
952534,9772de0beaf4f39bcd962bf264db4fb134c3707be2aeded4bbb20f4572524794,[USER] another day another delivery fail. Does AMZL even have a clue how to actually deliver packages?,"[USER] I'm sorry for the frustration! Without posting account or order details, can you tell us what happened with your shipment? ^JR",952532,Sat Oct 21 20:28:42 +0000 2017,,,,
2791877,630372e4f2ad2fdc045d771d4f9d9199df10f322aa37021bc4c191da0f71e5fa,[USER] are your emails down ordered a few things earlier today and not receive any emails.,[USER] Hi! Have you checked your spam/junk emails or the Message Center here: [URL] ^RB,2791876,Tue Nov 21 19:18:48 +0000 2017,,,,
2883439,7045b0a23bd71316e3abeb49d412f0aaf6eef468f3d06284fe21020b89216a97,[USER] you need 15 days for refund ???,"[USER] I get your disappointment, Shaikh. Could you elaborate the issue so that we can assist you accordingly? ^NK",2883438,Tue Nov 28 10:10:47 +0000 2017,,,,
2795252,43af28ca43357f9008c8594ce3f144a0957e0838bd18c3c4cf5c356a630b3789,[USER] does a very poor job with helping for packages that don’t end up getting delivered. I’m on my second call and on hold. I guess this what my $100 prime membership gets me 🤬🤯😤,[USER] That's not the experience we hope for. Please keep us posted on the outcome of your conversation. ^GG,2795249,Tue Nov 21 22:26:24 +0000 2017,,,,
231732,53357207eb6f190919d86731cec5442659168f3d6babe3a2266898788d19cb6c,Thank you [USER] for early delivery life saver,[USER] 😎 Glad it got to you safely. I hope you enjoy your day. ^CR,231731,Thu Oct 05 10:36:07 +0000 2017,,,,
939399,203efdc98e0b546b933c67dc4cd5c2e3ed96001bedd217538e531eb5cffa9110,Liebes [USER] Team. Warum ist ein Digital Content fast um Faktor 3 teuerer als die Original DVDs? #unlogisch [URL],[USER] Bei der Preisgestaltung sind wir unter anderem an die Vorgaben der Rechteinhaber gebunden. Dein Feedback gebe ich gerne weiter. ^BL,939397,Sat Oct 21 18:38:17 +0000 2017,,,,
2298491,fab3a711fb03013962d968179d535d48893a5fc2203abde7f7347d156d8fa8d5,Thanks [USER] - parcel delivered a day earlier than promised and put in the bin with no email notification? Good job we saw the card! 😠😠😠,[USER] I'm so sorry for the troubling experience! This is not the level of service we strive to offer. Can you tell us who dispatched this parcel? ^MJ,2298489,Sun Nov 12 14:44:22 +0000 2017,,,,
2719478,864877eaadf957ed46d807b650d9598de192d60617478ca164592edfe1399425,"[USER] - Pls PFA screenshot, there is not even a single content related to Kannada language on Prime. Pls Explain.          CC - [USER] [USER] [USER] [URL]",[USER] Regional content is an integral part of our content in India. Please stay tuned as we expand our content selection. ^AP,2719476,Mon Nov 20 08:02:42 +0000 2017,,,,
1221776,145b7f39c2ae3b83cab730c15581cc4d05e784d938aaa9dc82681dc8207bf67f,If [USER] and [USER] wanna keep acting up we'll see real soon who is gonna make the cut 👀,[USER] This isn't what we want to hear! Can you tell us what's going on? Are you getting an error? ^JA,1221774,Mon Oct 16 00:23:02 +0000 2017,,,,
793908,ec3ade27fbc10d80d61518eb863d9e9d4a6ac8fc5ce11decb2aea61ce6a73ece,[USER]  KE KHÉ? XQ XQ XQ XQ? [URL],"[USER] Hola, sin compartir datos de tu cuenta como el número del pedido, ¿Cómo te podemos ayudar? ^AZ",793906,Thu Oct 12 13:41:11 +0000 2017,,,,
1307668,3dc692dd62c6e87c86730d71c44511dfb0bb8a3df6ac6325630db19a8ec6a6b0,amazon just like took 11$ out of my acc bc i apparantely signed up for a membership but i didnt lmao,"[USER] I'm sorry for the unexpected charge! If unused, the membership can be canceled for a refund: [URL] ^DG",1307666,Fri Oct 27 03:19:13 +0000 2017,,,,
1307678,3dc692dd62c6e87c86730d71c44511dfb0bb8a3df6ac6325630db19a8ec6a6b0,[USER] yall took money out of my account when i didnt even sign up for a membership,[USER] Hello! Will you please reach out to us via phone/chat so we can check into this with you? [URL] ^RM,1307677,Fri Oct 27 03:23:42 +0000 2017,,,,
1080310,d85457ee2552d0294dfc620d51c403d3de8a2a87e8b2def62b8cc9d46ccbc328,"[USER] he visto que andan patrocinando Prime Video con Mr. Robot, cuándo desbloquean la tercera temporada?","[USER] Hola, de momento no contamos con el dato. Cualquier novedad se podrá ver en el sitio web directamente. ^KS",1080308,Mon Oct 23 19:51:50 +0000 2017,,,,
2139776,de1f32510b057270c3eec545b05536083a76b33d495ed21f2624e8eaaed44917,"My preordered Xbox One X Scorpio Edition didn’t arrive today, let down by [USER] maybe [USER] can help? #XboxOneXScorpioEdition",[USER] I'm sorry we let you down. Please contact us: [URL] so we can go over your available options. ^CO,2139774,Wed Nov 08 22:13:28 +0000 2017,,,,
448805,6f72a9010d53d476a096f6f2dfbf36bb2bf6c53a75cf2f80732659f9a8cf7db4,"Hey [USER] how about you make it where I can fucking stream different music from different echo devices like it used to? Cool move taking a feature away that we were paying for. Switching over to Google Home, catch ya on the flipside.","[USER] I'm sorry for the frustration! If you have a moment, please send our Alexa Development team any feedback or requests directly using ""Help & Feedback"" in your Alexa app: [URL] ^JR",448804,Thu Nov 30 20:28:35 +0000 2017,,,,
1605644,b884d14ec99f64c755c282fe85ecec5ba9924b141ee252f8b7826f1959bfdddf,[USER] Change in account user interfaces is fine. But page wise listing of wish list was much better. This auto refresh is bad UX!,[USER] I understand your concern. I'll be sure to share your comments with internal teams for review. ^SV,1605643,Sun Nov 05 02:10:53 +0000 2017,,,,
1494286,7f0eadaacd7a176b2706c5a818969f2e49cbbeefeb5e7001575a1168f66bc5c2,"[USER] is anything you order that's fulfilled by Amazon eligible for a free return?

Please let me know ASAP","[USER] Hi, please check our returns policy here: [URL] ^AT",1494284,Fri Nov 03 10:54:47 +0000 2017,,,,
579796,492de80da0fcb194549f85688a20204a39977e53c55f6b5fb4b96aebd96071a2,[USER] just thought i’d let you know that i’ve just witnessed one of your drivers leave my packages on the damp front porch in the rain,[USER] Sorry to hear this. Were the contents of the parcel damaged in any way?^BZ,579795,Sun Dec 03 11:34:02 +0000 2017,,,,
77537,112e1e60241bebb511662c5b9c00c79d504881db436d133f12b60c620211736c,[USER] Trying to reset my password because I don't remember it and the code isn't coming through. Have tried 3 times!! Not in my junk folder either.,[USER] Is the email address you are accessing the same as the one you registered your Amazon account with?^SM,77536,Thu Nov 30 11:59:41 +0000 2017,,,,
1741020,72675e1ecbbee8a7bd0ec5357c5bcef8812ce038321370a4c66e937e1e50b19c,"Hey [USER] why have you cancelled my order? 😡
Order number: [ORDER_ID]","[USER] On order cancellation, we always send out an e-mail to your registered e-mail with Amazon. 1/2 ^CB [USER] Please don't provide your order details as we consider it personal info. Our twitter page is visible to public. 2/2^CB","1741021,1741019",Tue Nov 07 16:02:28 +0000 2017,,,,
476891,faeef5eb219c318cc3b7cafd23f23d87746d429d94e47ef43650021baa25eee3,[USER] [USER] when will #ThorRagnarok be available for pre-order??? I want more of [USER] and [USER] goodness. #TeamLoki #Loki #Thor,"[USER] Hi, you can pre order the digital version here: [URL] I cannot see a DVD version available. ^JJ",476890,Fri Dec 01 11:09:03 +0000 2017,,,,
2584240,95131888b10c43b7ca51d7eb29a8d21139bf722afc4b76cbfbe548512805fe93,Dear [USER] is this necessary? It's time you thought about the #environment 🌍🌎🌏 [URL],[USER] I certainly understand! We're always looking for ways to improve. You can help us do when by providing your packaging feedback here: [URL] ^HC,2584238,Thu Nov 16 23:55:01 +0000 2017,,,,
1175650,f87e6f022d769993b3e3baa6dc72bfc15d14c04c0bb4a9cda9ba2951ebbd23a5,"[USER] customer service is useless. You'll have to explain yourself to 2 robots, 3 customer service reps and 2 managers before an answer.",[USER] I'm sorry for the poor experience. Please be sure to also share this feedback on the e-mail survey received. ^JA,1175649,Sun Oct 15 20:46:35 +0000 2017,,,,
275204,5a0b04abbc3900e01b2960a277e64b617e4ef5c77b6934ef908ab907a4a5dbaf,[USER] I have an Echo Dot I purchased in US. Will it work fully in India once you launch it here officially?,[USER] The Echo will work in India but some services will not be supported. ^PK,275202,Fri Oct 06 05:31:11 +0000 2017,,,,
1728607,7c4a2712492d3c4873a9e6c1c527235e6bae68dcaa8a981f29b79cf177b582d2,[USER] it’s a fraud Amazon I have not taken the delivery already notified your call centre [URL],[USER] look into it and reach out to you soon. 2/2 ^AP [USER] I'm sorry you've not received your order. Kindly report it to our support team here: [URL] we'll 1/2 ^AP,"1728606,1728608",Tue Nov 07 10:55:42 +0000 2017,,,,
293349,5732e36f27a7493744990a66a8572ff311a4ad57238a8f3aea53b9d541404f9e,Hi [USER] [USER] I’d ordered an Amazon Fire stick. Was to be delivered today: never arrived. 1/2,[USER] Allow our support team to investigate this. You can report this here: [URL] ^CB.,293347,Fri Oct 06 16:18:42 +0000 2017,,,,
1357236,1aab67a1e2dca63e07a286f19855b493030f83a1acddb5fd4daef2d3b5b2abb5,"I want make something to block some seller on amazon like this fucking seller (DigitalandMore) for ever
[USER] [USER] [URL]",[USER] We're happy to document your feedback if you share with our team directly here: [URL] ^EZ,1357234,Fri Oct 27 19:29:11 +0000 2017,,,,
439771,d2b981bb56f2fceb6380c80d1137676e16bd3bff0eef7d2b79c3b71735f60d65,"Quieres comprar un Kindle. No hay nadie en tu piso que lo pueda recibir. No puedes pedir que el envío llegue a un día u hora específica y [USER] no te deja enviarlo a un punto de recogida. 

Te quedas sin Kindle.

:^/",[USER] Lamento el inconveniente. ¿Has intentado hablar con la empresa de transportes sobre esta entrega? ^VL,439770,Wed Oct 11 10:10:10 +0000 2017,,,,
27866,f5227e394aacc5c660f71421d93c8858419380af26ab4e29c54a11a37e5d3a94,"The [USER] email says “PRE-SALE AVAILABLE NOW FOR UK & IRELAND TOUR” no option to purchase tickets for Ireland, help? #Morrissey","[USER] Hi, please get in touch with us here: [URL] & we'll check the details. ^TS",27865,Wed Nov 01 10:21:40 +0000 2017,,,,
229986,6e2d3a7757f57641de0ff50a565f85febba0eeb5f491e347002aff719a95cf46,[USER]   mene apke Amazon se powerbank purchase kiya hu abhi delivery nahi hua hai kyu aapke gati courier very late ser so plz cori pater,[USER] I understand your concern for the order. Could you please let us know if we've missed the estimated delivery date. ^AP,229984,Thu Oct 05 08:26:38 +0000 2017,,,,
353211,6e2d3a7757f57641de0ff50a565f85febba0eeb5f491e347002aff719a95cf46,[USER]  why not exchange offer other area pincode.[NUMBER],[USER] we are continuously working to expand our Exchange Offer selection.2/2 ^SB [USER] I'm sorry that exchange offer is not available on your pin code. Please be assured that 1/2 ^SB,"353210,353212",Sun Oct 08 11:43:56 +0000 2017,,,,
1328765,6e2d3a7757f57641de0ff50a565f85febba0eeb5f491e347002aff719a95cf46,[USER]  I have purchased mobile refer friends opt but no add bal my a.c why i have purchase email.id .a.c __email__,"[USER] Bharat, we'd like to take a closer look and help. Please connect with us here: [URL] ^HK [USER] Also, please don't provide your order/account details as we consider them to be personal information. ^HK","1328766,1328764",Mon Oct 16 12:22:00 +0000 2017,,,,
2485573,26d068bc31f081ebf5cc811b0bbda2ad7e236e7cebfca583a14811e349f8f6ac,[USER] Why am I paying for Prime when my 3 2-day items won't be here until DAY 3? #notOK #sucks #primehell #baitandswitch #lame #badsanta,[USER] Oh no Robin. Did you receive an email with info regarding the delay? ^ES,2485571,Wed Nov 15 15:57:26 +0000 2017,,,,
340861,06e1207b5400cfab9a3e8310eae1e7a4b3c5329f03784a788559f7856743c4a5,Oh dear [USER] first deliver the products on time. V customers r really feed up with ur service.,[USER] Sorry about the experience with delivery. Could you please elaborate on your concern? We'd like to look into it. ^HD,340859,Sun Oct 08 00:53:07 +0000 2017,,,,
2276138,58a9b36dfbe518f9f14806de873f067ad6c8156557d7055a7d2f47ec88c72b25,Respect to [USER] driver using their initiative 🤙🏻 [URL],"[USER] They sure did try to use their resources here! For future deliveries, you can set up unattended delivery preferences with us! Let's start here: [URL] Let us know if you need help! ^KJ",2276137,Sat Nov 11 15:52:19 +0000 2017,,,,
549338,b6ce2bd3721e8c48470609dbbc56838bec5b8364f1fe4bf2377baa2020320bd0,"[USER] por la tranquilidad de los padres y la felicidad de los niños, yo que vosotros no confiaba en ellos en entrega garantizada, porque no es así y les da igual el trastorno que causan","[USER] Hola Nazareth, ¿hay algún pedido con el que tengas algún inconveniente o algo en lo que podamos ayudarte? ^RC",549336,Sat Dec 02 18:38:03 +0000 2017,,,,
979710,bfa299cc34ddac53e4f9a370485bde38cf9bc70258bf6d4db976631a6ea4f140,"Seriously [USER] , was there no other option? [URL]","[USER] Hi, I see what you mean! Please submit your feedback here: [URL] & we'll get this reviewed. ^TS",979709,Sun Oct 22 09:28:18 +0000 2017,,,,
2622534,5a6523a976e1f07b68cb5a3faf13a2eaf844409a280a3997fb54dbf378024264,"oggi doveva arrivare il corriere perché ho ordinato le scarpe nuove su Amazon, ma giustamente oggi è venerdì 17 e col cavolo che me so arrivate.",[USER] Mi dispiace! La spedizione è affidata ad Amazon? Verificalo da qui: [URL] e facci sapere! ^MA,2622533,Fri Nov 17 16:08:36 +0000 2017,,,,
2544920,a2e2060b81633072a16ec4ab252dcbad69b7759a3bfe7cd4cb97b9e71cc121fc,"[USER] Salve, sto avendo un problema con l'accesso su un account. 
Non mi arriva l'email con il codice necessario al cambio password. Cosa posso fare?",[USER] Hai verificato nella casella dello spam o della posta indesiderata? Facci sapere! ^FA,2544919,Sun Nov 26 20:09:05 +0000 2017,,,,
2414431,ff2ca69d58c497fa09b64617d571e42eab70b6b5206edcdfade33e64717e6b78,[USER] Can you send me an invite. I badly want to buy amazon echo in India.,[USER] I get your concern. Invitations are limited at the moment. You need to request for one from the web page. Appreciate your understanding. ^KH,2414429,Tue Nov 14 17:16:04 +0000 2017,,,,
67512,d1f05c4d09eadd371c50aec3da500d4471c7f98f9c8703bb7ffd90a33cc5fe09,[USER] requested for a replacement of an order after I received the used item. Instead I was asked to send the item to given address even though I've asked for alternate pickup address. Item being a power bank cannot be sent through post.,[USER] I understand your concern regarding the return of the power bank. Please share your details here: [URL] and we will look into it. ^AH,67510,Thu Nov 30 08:45:00 +0000 2017,,,,
1547219,2d4455832f340e9b916ecd1b68fb5d2f8c09ead7a803733d2dc40787ef0f2ec9,"[USER] we are facing problem in pickup for last 3 days. No one came for pickup, orders on verge of cancellation, pls help",[USER] I'm sorry that the pick up hasn't been completed. Kindly report this to our support team here: [URL] ^AR,1547217,Sat Nov 04 07:33:27 +0000 2017,,,,
1024230,d5d8b7f62691b47e607f408d9eaee5793686edfdbbf805c97535be4fbe2d66ad,[USER] : if i wud nt hv been a prime member #arjunreddy would have made me 1. #bestmovieonamazonprime wtchd in loop 3 times  yday,[USER] Hope you liked the movie. #HappyStreaming. ^MD,1024228,Sat Oct 14 16:17:35 +0000 2017,,,,
1772988,90c0b745b3ae3ce7a7fc9539b0e3d37d7f575ba6d6977baa2f7e2fb29e5501ea,"When you ordered a Goodfellas poster, but [USER] was kind enough to send an Artic Monkeys poster instead [URL]",[USER] Oh no! Have you had a chance to look at return/replacement options here: [URL] ^AR,1772986,Wed Nov 08 02:04:25 +0000 2017,,,,
2645173,03158df33d4ef2fca2c9e2d39ccfe3d79063133c28001b2a4946d0bce883a66a,When [USER] delivers a book nine days prior to the initially committed date of delivery! 💃💃💃♥️,[USER] Woohoo! We're glad to hear that. :) ^NK,2645172,Tue Oct 31 05:01:52 +0000 2017,,,,
2913179,1df69095287bb257d1d72c4396b573cdea969b3c8778e6b38b182f71630c7a31,"Ordered some headphones on Black Friday from [USER] and… SURPRISE… they aren’t in the box… 

Yay!",[USER] Oh no! I am sorry your package wasn't he the box! Does the tracking our site say delivered? You can check that here: [URL] ^LS,2913178,Tue Nov 28 22:18:24 +0000 2017,,,,
475080,85765383fba003be2e768d5cc56f92f02f1ef1a9bd18d6a97efd1bc93ec40df0,[USER] hello we want to know quiz winners list please ?????,"[USER] Could you please help with the name of the quiz, Athrile? We'll assist you accordingly. ^VH",475077,Fri Dec 01 10:35:31 +0000 2017,,,,
2776327,fe148a7cc43d691df4cec5b0a3287ca42bf01bf2a12b1579c8bd1286d5d79d64,[USER] please how can I get in touch with amazon pay support team?,"[USER] Hello, which website are you currently using ? [URL] (.com/.de/ fr/etc) We certainly would like to help if possible. ^CR",2776326,Tue Nov 21 09:18:28 +0000 2017,,,,
61042,dd3770bce246e3b3770291dd17fcdd5bc9d88d7c719d21982c9735e2ddb4de42,"ah nuts
forgot to cancel amazon prime before the trial period ended
i bet that's how they get like half of their subs","[USER] We'd love to help! If you'd like to cancel your Prime membership, you can do so here: [URL] ^AC",61040,Wed Nov 01 21:15:28 +0000 2017,,,,
2681994,e1c75fb1d48ae44bb1df44e23a894c8e48ce0b26fb5d99455299e2931ce579cb,[USER] so y’all can’t cancel my order when it hasn’t even been 24 hours...y’all ain’t even ship it yet.,"[USER] I'm sorry for the frustration! For tips on handling an order which is too far along to be canceled, please click here: [URL] ^JR",2681993,Sat Nov 25 23:41:58 +0000 2017,,,,
2273461,b751c1af5dcd68d4806efae195ff6c8a0a1607ed0e2e33a66dab90173cfc766c,When you wake up to an email that your payment to [USER] was declined. “Did someone steal my card info&drain my acct?!” NOPE. Money is all there. Payment declined for seemingly no reason 😒 #ThanksForTheHeartattack,[USER] I'm sorry for the bad info you received. Please give us a call by clicking the link so we can look into this with you.  [URL]  ^EM,2273460,Sat Nov 11 12:52:52 +0000 2017,,,,
67556,edb898460f82df0068d1db09897ded0c6f7d70b7e7eb04ae13cab980ee0f71aa,Amazonの誤配送詐欺に引っかかったかも...商品返品して四日目、いまだに返金の連絡来ない( ･ิ..･ิ ) #Amazon [URL],"[USER] ご心配をおかけしております。商品受領時と返金時にはＥメールにてご案内いたします。返金までの時間など詳しくはこちらをご参照ください。[URL]
なお、当サイトからのＥメールはアカウントサービスのメッセージセンターからもご確認いただけます。ET",67555,Wed Nov 29 03:16:12 +0000 2017,,,,
1769408,391dbb05c9b36d79f8cd73410c64063e5a85341c432dfe10e7d074f72240f45b,[USER] why is my one day shipping taking 6 days /////: its been out for delivery for 5,"[USER] I'm sorry for the frustration! Can you please provide us with the carrier, found here: [URL] ^AC",1769406,Tue Nov 07 23:11:10 +0000 2017,,,,
494956,94e65a395f4bb563440f5551c0463c81da8161950b3a0a7f66eab86350b077c3,[USER] RM Tracking shows parcel delivered but postie and me state nothing was posted or received! What is happening? How can this happen? #SoftwareBug #SystemBackDoor #NeverHappenedBefore,"[USER] I'm sorry you haven't received your parcel, Angus! Have you tried these tips for locating missing parcels scanned as delivered: [URL] ? ^TH",494955,Fri Dec 01 17:41:42 +0000 2017,,,,
2361898,cf38c7e3dfacc291f6bed8dbc09918279b3e7f47d11f5f10a31d52c850ce1f40,Apparntley this is an acceptable way to post a parcel??? [USER] [URL],"[USER] I'm so sorry your parcel was delivered like this, Ell! When you have a moment, please phone us here: [URL] to report this delivery ^LB",2361897,Mon Nov 13 20:57:26 +0000 2017,,,,
1710098,bdc4897fc44e3ff1d34ac0c532eae803bd0a54c066bb8b9e476070aa674e7b19,[USER] Extremely disappointed w customer service - Numerous phone calls and no help receiving our packages  supervisor hung up in last call,"[USER] I'm so sorry for the poor experience with our support, Mike. We want to help, if we can. Would you let us know what's going on? ^AM",1710096,Tue Nov 07 01:18:07 +0000 2017,,,,
2923522,d391be4a7029298dcf103529f11d7bffde8de2ba0a8d647dc2036f51856e328a,"So amazon said my order was confirmed, yet no money came out of my account. It said it's supposed to be here tonight but it's not. Cool.",[USER] We're here to help. When looking here: [URL] what does the status of the order state? ^GG,2923520,Wed Nov 29 02:26:35 +0000 2017,,,,
1731625,56b2a58691a588d9581a74715235429c4206e65977490d1b4dd0867aff31513c,"[USER]  It's been two months I ordered a t-shirt.
The order was not received and upon cancellation I didn't get any refund",[USER] I'm so sorry for this situation. Have you reported this to our support team here: [URL] ? ^MP,1731623,Tue Nov 07 11:55:09 +0000 2017,,,,
1741646,e15749e06abf1c85dd453d605f788dd4be1a5e4c46952c6afbb44a4bc849e389,[USER] why are you not sending out the redemption codes & instructions for Irish shows? #GaryBarlow,"[USER] Hey, Tessy! Let's get in touch. Contact us here: [URL] <[URL] ^BA",1741645,Tue Oct 17 19:48:31 +0000 2017,,,,
2496352,30175606db844dbd0b9a5564e1f45284264b28b0ee9dd11ed447c6ab900b0682,"[USER] [USER]  If you can't actually manage same day delivery, stop offering it.  I'm tired of being let down by this non-service.","[USER] I'm sorry to hear about the trouble! Without giving personal info, will you tell us more about what's going on? ^HC",2496351,Mon Oct 30 01:41:37 +0000 2017,,,,
295356,44f31590757d1295fe486c9473e61ee694ffcd28cd94d492b94835ef1075121e,.[USER] You're customer service is amazing. Just thought you should know.,"[USER] 😃 Aww shucks! You're too sweet, Zachary! ❤️ Thanks so much for the shout-out! ^WJ",295355,Fri Oct 06 17:45:42 +0000 2017,,,,
2176252,698ab874442427e2acef77162d7cf2f5175255c1f5f0219a1c8ddef6472cbe09,[USER] he llamado a centro de atención  y no he tenido suerte. Suena grabación pidiéndome que llame después de las 7am :S,[USER] ¿Has intentado contactar vía email? ^VL,2176250,Thu Oct 19 12:26:48 +0000 2017,,,,
814399,9f415675dc3b05bc7bc1dd64667e45880906f9a89c4ec1b9bff5d29488ffcc1a,"[USER] [USER] Commande non reçue à la date annoncée...qui s’occupe de la livraison: [USER]...comme par hasard...je n’ai JAMAIS reçu une commande dans les temps avec eux!  Et bien sûr, jamais d’explications ni d’excuses. Service inacceptable!","[USER] Bonjour Delphine, je suis navrée pour cet incident, avez-vous signalé ce retard à notre service client ? ^ASZ",814397,Fri Oct 20 16:45:35 +0000 2017,,,,
2906661,02e7cc8d120ab183812d53562ae7029ec68725d23c1c2fc8d97bd42a97482488,"[USER] Please help, I have reset my password numerous times and you've emailed me to confirm but I can't log into the account. I now need a human to talk to please!",[USER] Oh no! I'm sorry for the trouble with your account. Please contact us here: [URL] so we can help sort this out. ^AZ,2906659,Tue Nov 28 19:47:34 +0000 2017,,,,
877071,645a3cdc54ff0beecc2ab20d00c41f103c498add47df4c1650cb92ca44e9dd7c,When ur package from [USER] gets here a day late 🙄🙄,[USER] I'm sorry for the wait! Who was the carrier for this order? You can find this info here: [URL] ^KN,877069,Fri Oct 13 16:08:46 +0000 2017,,,,
1463455,a48e10c8ff3a0f8a4564a05f840860f87c1cd201c42c4a7f2341f9de0bf94f9b,Just ordered an item on [USER] Prime. Why is the estimated delivery date Monday? Are they slacking in customer service now?,[USER] 2/2 days after your order ships. We aim to meet the date given to you in your confirmation e-mail. ^KP [USER] 1/2 Some orders need extra time to process & handle before shipping. One-Day Shipping refers to transit time in business,"1463454,1463456",Thu Nov 02 18:34:54 +0000 2017,,,,
158603,d2eb2f6b99b13792108e78332b17090a4bb7afa79d158c4b078aaa441ec741d0,[USER] transfer me one more time and it will be hands,[USER] Hi there. Are you having issues with a recent order? ^HC,158601,Fri Nov 24 17:56:37 +0000 2017,,,,
566635,d32f29526385649f32acbd2b453497f9b681c2938dd0a10b9a632554c8c6cc57,"昨日Amazonで買った仕事用のG-SHOCKを午前中便で受取り、今はららぽ船橋へ向かう電車の中。
どうしても現場仕事は時計が汚れる、ぶつけるヘタレるのでON／OFF用で分けなければなりません…というわけで安めのヤツねw
時計はやっぱりアナログが好きです、ハイ！ [URL]","[USER] Amazonをご利用いただき、ありがとうございます！
(´-`).｡oO(かっこいいですね✨) YM",566633,Sun Dec 03 01:16:19 +0000 2017,,,,
866067,4f3c6b6802541769914ddd40224f519baba324069e596dafc9d906d1510e828e,Also auf meinem Smart TV wird das Live-Spiel im #EurosportPlayer von #amazon auch nicht angezeigt. Nur Wiederholungen... blöd ☹️ #bundesliga,[USER] Hier findest du eine Aufstellung über die kompatiblen Geräte: [URL] ^BL,866065,Fri Oct 20 17:52:11 +0000 2017,,,,
991866,edf5c4ddec596d55aa4a68003b4ba379ce0b793508ef2f8ff8b326b60a644370,Pathetic experience with one of leading online shopping portal.. [USER] [USER]  ....after all fake conformation received  nothing 😡 [URL],[USER] Apologies for the ordeal Ankur. Please share your details here: [URL] and I'll get back to you. ^HN,991865,Sat Oct 14 11:25:29 +0000 2017,,,,
2431078,fbab8fdb18c2abeca171560ae87817002d8552b6f0cbd9aea9a40919ac94cee1,[USER] [USER] preordered [USER]’s Oathbringer months ago but my Kindle hasn’t received it yet and it doesn’t appear on my account. Book’s page shows me this. what’s going on? [URL],"[USER] Thanks for reaching out! Do you see the book with the rest of your content here: [URL] If not, please contact us here via phone or chat so we can look into this: [URL] ^GG",2431076,Tue Nov 14 20:59:21 +0000 2017,,,,
749734,83e779303b9136a6b30af1aae89326214db2db92dd6befc8704a7a5717cbcd3f,Not the best place to leave our parcel [USER] ... Good job our neighbours are nice. [URL],[USER] I'm sorry your parcel was left out in the open! We can report courier feedback for you here: [URL] ^WJ,749733,Wed Oct 11 17:23:25 +0000 2017,,,,
357381,6eea88389299e8f99796e4814d0f4f3d18d7c612b32f9db53a784ea880ca09d7,[USER] app on Roku tv pauses every min or two up to 2 or 3 min then repeats. Does this for every show. Tv has been factory reset.,[USER] I'm sorry to hear of the streaming trouble! Are you getting any specific error messages while it does this? Let us know! ^TG,357379,Sun Oct 08 15:18:01 +0000 2017,,,,
2903638,3e40b80960a35c997648b3600fe326ba1a041ebba0dad76078ff8a9c5fa43cbb,[USER] [USER] how is it acceptable that a parcel delivered to my house today was thrown over my back gate with no notification,"[USER] This isn't what we'd expect, Abigail! I'm sorry your parcel was tossed. Please let us know if you order was damaged! ^KJ",2903637,Tue Nov 28 18:47:48 +0000 2017,,,,
448691,553a830a39fe920189c5b43eae2d537b736021bfc098d09878252c3456916575,"[USER] Quisiera saber a que hora vendría mi pedido, suelo estar ocupado casi todo el día, pero si se la hora, podría hacer un hueco para estar en casa. mi número de pedido es [ORDER_ID]","[USER] ¡Hola Brandon! Te recomendamos ocultar la información de tu pedido por seguridad de tu cuenta. ¿Podrías indicarnos si el producto  es vendido directamente por Amazon o si ha sido vendido por un vendedor externo?
 ^PC",448689,Thu Nov 30 20:47:32 +0000 2017,,,,
553427,553a830a39fe920189c5b43eae2d537b736021bfc098d09878252c3456916575,"[USER] Estoy muy decepcionado, pedí el miércoles un mouse para que llegase el viernes, pero al final será para el lunes, y se supone que estaba con la opción ""prime"", y para colmo no es la primera vez que me sucede esto.","[USER] Hola, ¿nos podrías indicar si el producto es vendido por Amazon o por uno de nuestros vendedores externos? ^KA",553425,Sat Dec 02 19:45:41 +0000 2017,,,,
1476890,34b45ebc84cfb877fde9a99f2c9bb833abb4d4fd1d0b5485e6541e61d6da4579,[USER] literally the worst business model. Ordered an item a month ago and was told it's lost in transit. NEVER using you again. #Deleted,[USER] We'd like a chance to look into this and review our available options! Please reach out here: [URL] ^WT,1476889,Thu Nov 02 22:45:23 +0000 2017,,,,
2296543,f68bb33e0620e790a99e02c704a15c3b7364b6c0623f9cd36cfdb78f1dc633f4,[USER] Is this ever going to get here? [URL],[USER] I'm so sorry for the wait! Was this item sold by us or by one of our sellers? ^MH,2296542,Sun Nov 12 20:49:54 +0000 2017,,,,
984298,3b275041a53180fddf7a7b1a77aa138e0bc09688f2b8ce3255f50299a1235300,[USER]  What is the address for complaints please? Postal address.  I’m fed up phoning ur useless customer service team,"[USER] Hi Ross sorry to hear that, we might be able to help, what's up? ^AS",984296,Sun Oct 22 09:51:43 +0000 2017,,,,
2971919,c508f9fa0935a47795d3e9b18a35aaa9dfecf05900087f36fcd0d9c711404564,me struggling bc [USER] charged me $99.00 for amazon prime when i️ didn’t even want it.. they said it was gonna be free and all i️ wanted was an iphone waterproof case thanks [USER] [URL],[USER] I'm sorry for the trouble! We'd like to take a closer look at this. Please reach out to us at your earliest convenience here: [URL] ^LJ,2971918,Thu Nov 30 01:17:26 +0000 2017,,,,
1037140,4e71782cf23e81f17105ffdfe07967d612d36995449499f9ebdb9466e82ad5d9,"[USER] Ordered 24th, Prime items, in stock, Prime one day delivery. Email: your items will be delivered on 28th. How’s that work?","[USER] Apologies for any concern, Chris! Selecting One-Day shipping will reduce the transit time after we've shipped your order, but it won't impact how long it takes us to obtain the item or prepare it for shipment: [URL] I hope this is helpful! ^SD",1037138,Sat Nov 25 11:19:06 +0000 2017,,,,
1281414,e0a75543fa178d18d3f269a6fe6a55e406bbc3fdf52728a263fc890db81be1f8,[USER] ¿Hay algún catálogo de los canales a los que se tendría acceso?,"[USER] Hola Hector. Puedes ir a [URL] y hacer click en ''Go to [URL] to watch'' (1/2) [USER] en la página inicial, así podrás ver el contenido disponible. (2/2) ^HC","1281415,1281413",Thu Oct 26 17:08:01 +0000 2017,,,,
1143139,20ceb7b9a1070c7154fbd3f282178ce9c8298d2c7e6a52a0c61ae7ad56b7d70f,"[USER] [USER] Your Company is a disgrace,lying to Customers all the time.Making people wait in for no reason,how do I escalate this?","[USER] This certainly isn't what we like to hear! Without giving personal information, do you care to tell us what's going on? ^HC",1143136,Sun Oct 15 16:21:55 +0000 2017,,,,
2645601,eebd0454fc389517d282e3da67b19bdf9ed6bfe70b451f4ddeff531dfe0f07fc,"[USER] Have always been so satisfied with my service from [URL] I have however found a flaw in the system as I have called Amazon directly as well as made multiple attempts to vendor, all with zero resolution.","[USER] I'm sorry for the frustration. Without giving account/personal details, can you please provide us with more information? ^AC",2645600,Fri Nov 17 19:57:08 +0000 2017,,,,
1262284,bc6f31f40c6e63cc8f9cf0025a2eca8a26f206d0fcadc9fdffc80f98333d99d4,Nois d’[USER] espero que demà m’arribi puntual el meu “Mario Odyssey”. Necessito desconnectar.,"[USER] Hola, sin compartir datos de tu cuenta como el número del pedido, ¿cómo te podemos ayudar? ^VL",1262282,Thu Oct 26 10:38:19 +0000 2017,,,,
2494920,38e82be88b22581c1194c5af89cd6be5d52a97bfcaec7b2162a64fce7264ceb4,[USER] why can't I Chromecast from the app on my s8 it's so annoying,"[USER] Sorry for the inconvenience! At this time, chromecast isn't currently supported with our video app on the S8. ^QJ",2494919,Mon Oct 30 00:01:33 +0000 2017,,,,
1007722,dd390da5306b28248d5bdacd0ab49247d2ef8f54b5c2ca021017ca952bcc6e19,"[USER] ,  para cuándo en España??? Gracias. [URL]","[USER] Hola. Cualquier novedad se anunciaría en el sitio web, por lo que te sugiero estar al tanto. ^JQ",1007720,Sun Oct 22 20:10:17 +0000 2017,,,,
1366337,1c97b39da7d1f212e81c36058121c55cc7d33c798d1c9032c0a90f54b4b726a7,My [USER] order has been preparing to ship for about a week 🙃,"[USER] We are here to help, Rick! Has the order missed the estimated delivery date listed in the order confirmation e-mail? ^HM",1366335,Mon Oct 16 14:48:50 +0000 2017,,,,
1532991,f30407a357ade12876021665106107a8eed3ee918ab49d19b0456f54dd131fb6,[USER] according to your colleague next day delivery is rare and weekend deliveries doesn’t exist. [URL],[USER] I'm sorry for the poor experience! Please use the survey sent after your chat to provide feedback to their manager. ^MB,1532989,Fri Nov 03 20:24:09 +0000 2017,,,,
2317008,faa657e5ecf4fefec6469363e3cc8008eade6c8f0d2852988a329b0b7f5a4163,"[USER] Seems #Firestick randomly turns on TV throughout night. Any ideas why? And, no, no ghosts in house.",[USER] That's really odd Karen- it would be the best if you can contact our customer service: [URL] They'll be able to check what has gone into your Firestick :) ^MA,2317006,Mon Nov 13 07:03:37 +0000 2017,,,,
2298785,0c54ded5cd27c80f50ada1bfca329b9043799efd2d9eba3892bdd0932dd742f3,[USER] I need help please! Something is wrong with my Appstore,[USER] I'm sorry for the trouble with the App! Are you receiving any specific error messages or codes when you try to use it? What device are you using? Please let us know! We're here to help. ^TG,2298784,Sun Nov 12 15:15:49 +0000 2017,,,,
2135543,1e0f4d1e74a2c78db6e8e12f95fa3a53d69e7a3546dd7ef6de1cabe2dad6f292,"[USER] Hiya received a DVD in the post from you, did not order it, not been charged-how do i send back? thanks :)",[USER] Hi Melissa- Thanks for letting us know. Was any invoice/receipt with the order? Was it addressed to you by name or? ^NV,2135541,Thu Oct 19 08:27:38 +0000 2017,,,,
2011918,c59010fc08d06422b6ad3e690f93c6531084bc6e92c7daaa55866f25734e79f3,[USER] the courier keeps faltering and the customer is blamed for non payment. Three times over! Unacceptable,[USER] We've responded to your query via DM. Please check. ^HD,2011916,Wed Oct 18 20:22:49 +0000 2017,,,,
1634655,3c093788768cf30f0fface6e9ec6732436a17d7c276327fb123bfd8ea35b7645,Ya know [USER] and [USER] dropping my package off at some location in town isn’t the same thing as delivering it.,"[USER] I'm sorry for the trouble! Without providing any account details, could you tell us a little more of what happened? ^MH",1634653,Sun Nov 05 20:47:07 +0000 2017,,,,
80792,1f856974a7ff9801c486cb5ee634d84e0eb482342e672711c683fd679e45d059,[USER] [USER] when is audible launching in India?,[USER] We haven't made any announcement yet. Kindly stay tuned to our website for an update. ^GD,80791,Thu Nov 30 12:51:08 +0000 2017,,,,
1722122,1f856974a7ff9801c486cb5ee634d84e0eb482342e672711c683fd679e45d059,[USER] I have signed up for a business account but can I link it to my personal account which has prime membership for faster orders,[USER] You can find the information regarding the business accounts here: [URL] ^AP,1722121,Tue Nov 07 07:55:57 +0000 2017,,,,
1474792,56669a480fcdf1382168ff69a1f31826373595bfce22d1700b8fed9492e4bbda,#amazonprime is a scam. I’ve never gotten anything in two days [USER],"[USER] Two-Day Shipping refers to transit time, in business days, after an order ships. Have we missed the date at checkout? ^SB",1474790,Sat Oct 28 21:09:15 +0000 2017,,,,
142037,4e972fc3288b76de79181277d0f2329b7ab6733dfc66fdbebe7e738accfdf72c,Can't believe how bad Amazon really are.... Totally messed up my order and left me with nothing. No help or support. Thanks Amazon.... [USER],"[USER] Hey, without giving any personal account info, can you tell us what happened?^MA [USER] Hi Mat, sorry to hear about this. Without giving any personal information, can you explain the problem you had?^PJ","142038,142036",Fri Nov 24 12:26:46 +0000 2017,,,,
545752,c98a10251e92c75c495a0d37fbaae350c03c3226092302a188d8dc4475702253,[USER] out here like [USER]! Throwing boxes in the garage and taking off before you can get outside to see who or what just happen 😒😒😒,[USER] I'm sorry for the poor delivery! Please reach out to us directly here: [URL] and we'll investigate further! ^JO,545751,Sat Dec 02 16:57:50 +0000 2017,,,,
1748571,88a355c07aeae048dec775451f1d3b1f3c7c26d6d55782ef34d63e8ddd62ae6a,[USER] [USER] You ruined my [URL] shipping is a joke. Thanks.For real.Thanks. Made cancelling prime easy choice,"[USER] I'm sorry that your having a frustrating experience. Without provided account information, can you give us more details?^AJ",1748568,Tue Oct 17 20:35:17 +0000 2017,,,,
1226995,3589d4b7bbf9a4b89df6bebbd44b2861892f51a97b07b28e1b0ddaea6347e16d,Why do I only have a problem when [USER] is the one shipping?!! Not that hard And PEOPLE that keep mail that doesn't belong to them are POS,[USER] I'm sorry for the frustration! We'd like to look into this for you. Please provide your order here: [URL] ^ST,1226994,Mon Oct 16 00:49:20 +0000 2017,,,,
988095,fbd0ab7a6b35dd9eb83d83cc1dc74d2d70fe5449b97eab6c83cf2e1941a27623,[USER] ámame y traerme lo que pedí :(,"[USER] Hola Cactus, ¿cómo te podemos ayudar? ^MB",988094,Sat Oct 14 10:48:11 +0000 2017,,,,
93653,e757d0d49c7d1bb995a0f1fd2c3a09ad67249d8d6ba3e407ff900f17e10eef85,"[USER] Hi, how can I return a faulty item after a month? I have an [USER] in-ear mic that doesn't record and it's costing me my job and my sanity. Thanks.",[USER] Oh no! Please reach out to us here via phone or chat: [URL] so we can look into options with you! We'd like to help! ^ZW,93651,Thu Nov 30 15:35:49 +0000 2017,,,,
2435985,d0086d930b472941e7c1511aa8c31b2ccd779341789d04534cf59d2817d4f0fc,"[USER]  Hey why are payments from Oct,22,2017 still pending a ENTIRE WEEK. Support has been worthless doing nothing to help.",[USER] We'd like to help! Do you mind telling us what insight we've been able to provide so far? Keep us posted! ^NM,2435984,Sun Oct 29 14:41:43 +0000 2017,,,,
1547858,5e6c3bdb8bb602cda6c5c62124e1771b058cb69eef2f2d7c90ae473737dfe040,My kindle books on my Mac won’t show up on the kindle app on my phone 😭,[USER] That's strange. Is your phone and Mac registered to the same account? Sign out then sign back in on your phone to confirm. ^CL,1547857,Tue Oct 17 03:01:57 +0000 2017,,,,
1279770,1ac98e30a5e065169c587e1299a135df94753b47d6a0b62a900b6f7ed85f4528,[USER] First time I had this problem but Vegas sent all my pantry items like this.  Rcvd 10/26 [URL],[USER] 😔 We're always looking to improve! Please share your concerns: [URL] Let us know if anything was damaged! ^FR,1279768,Thu Oct 26 16:46:55 +0000 2017,,,,
627811,92dc97ddaa2542343ba013e59fa419135bfd0cf12ea4711a34c0d95fe590f5bd,Is this an acceptable way to deliver a parcel when no-one is home? [USER] [URL],"[USER] This isn't at all the delivery experience we'd expect, truly sorry to see this! Please, reach out via phone/chat to report this directly and to leave courier feedback: [URL] ^JE",627810,Wed Nov 22 15:03:41 +0000 2017,,,,
2061672,ccbb68cf462d6f2c5ca6195d14590422fffb50b75fa1be69c4e491ca6c492f47,[USER] parcel is supposed to be arriving today but the men couldn’t find it on the van. Could you please help ?,"[USER] Oh no! I'm so sorry your package was not delivered today as expected! Could you check here,  [URL] and tell me if the delivery date has been updated?
^AV",2061671,Sun Nov 26 11:37:02 +0000 2017,,,,
54403,990d2f7b7967e6917f43b16ac5c63e8ade503eb998242eaa8eee55c4e222f9b6,[USER] trying desperately 2 use reward points-not recognizing that have almost 9K 2 use. Using the Message Center is a joke...help please!,[USER] We can help! Can you tell us more about what's going on without posting account information or order details? ^KJ,54402,Wed Nov 01 18:49:21 +0000 2017,,,,
679848,c31415bbb518e4c100e28d17946fd80d337526567a15517cb6b7d4141c17fa49,[USER] sending me details of Black Friday deals after losing my last order which cost me £400. No thanks HH,[USER] Sorry to hear that your order was lost. Can I ask if you have received a refund? ^TI,679847,Thu Nov 23 08:02:07 +0000 2017,,,,
2107319,7f79434d61d1cba676f2ef3135db1c633ac440fab65f58f334d6658f3c755cf2,[USER] disappointed to see the advertised offer doesn’t actually exist 🙄 #amazonfail [URL],[USER] Hey Emma. It's likely that the item is no longer in stock from the seller in question. Apologies for any inconvenience caused. ^TP,2107317,Sun Nov 26 12:30:49 +0000 2017,,,,
2665870,a61815f4335d7d09a7e4dab0ab4097203b87842255f12ce9cd4c9c8e308a0b63,[USER] how can i open a amazon delivery shop in my area???,[USER] You may reach out to our support team here: [URL] and they will assist you further. ^NK,2665869,Tue Oct 31 08:52:30 +0000 2017,,,,
2720559,5e26e1e53108c11d4390d2371c85050f24f19e46fb25de8864a43214a004da7b,"Would quite like an [USER] sale on disabling the special offers on my Kindles. The adverts are annoying, but not quite £10 per device annoying. Hmm.",[USER] Hello Chris. You can unsubscribe from receiving special offers on your kindle by following the instructions on the following link: [URL] ^GA,2720557,Mon Nov 20 09:22:59 +0000 2017,,,,
1056765,37232c10e56eafab19a9698a21c3b3b93d78646b38431bc0241c96959642db01,[USER] is there anywhere I can send my kindle to be fixed,"[USER] We'de need a little more info about your device, please contact us directly here: [URL] ^NC",1056764,Mon Oct 23 11:51:22 +0000 2017,,,,
2740639,37232c10e56eafab19a9698a21c3b3b93d78646b38431bc0241c96959642db01,[USER] parcel said delivered but it hasn't been. Only received free gift. Two days ago,"[USER] Oh no! We're here to help, Sarah! I want to make sure we didn't miss you. Let's try following the steps here to locate your delivered parcel: [URL] Please let us know if it's still missing! ^FD",2740637,Mon Nov 20 17:42:05 +0000 2017,,,,
1370726,17e7e483ce2b086399bd270c82e918c080899e2ba4782743dbd7ad01e0255cfa,Hey [USER] it says my package of super Mario odyssey is supposed to be here today... but it's not. I've waited all day for this :/,[USER] I'm sorry for the long wait! Deliveries may take until 8:00PM; what is the current status showing: [URL] ^WM,1370724,Fri Oct 27 23:42:30 +0000 2017,,,,
2821115,02567d539098f8e81435782099b4bb24672083a941b11aed1bddba0a659f51af,"[USER] time of delivery I have given 1900 to delivery agent and Rs: 1220 is my product price and the remaining payment 680 still not show in my amazon pay balance.

Against order no [ORDER_ID]","[USER] Please don't provide your order details, we consider it to be personal information. Our page is visible to the public. 2/2 ^SY [USER] I understand your concern regarding the balance amount not reflecting in your Amazon Pay balance. We'll certainly help you with this. Kindly contact us here: [URL] and we'll get it checked. 1/2 ^SY","2821114,2821116",Mon Nov 27 06:32:12 +0000 2017,,,,
911512,5fb0510c71cc73b396b81544be436cc3617f8c63f91e15b4b071f5c7b2030f34,[USER] worst shopping website they make people fool.there offers and deals are fake never do shopping from [USER] #delhi #india #usa,"[USER] That's quite a remark! Please do let us know what went wrong, we'd like to help. ^EM",911510,Sat Oct 21 06:44:25 +0000 2017,,,,
400329,07065a79cc2ae207eb60b0adf0d8fe6e8fa672a67de56296ff6bed5746c2544a,[USER] Off lately facing consistent delivery issues.#disappointment #degradedservice Time to fix it,[USER] That's quite a remark. Please let us know about what went wrong: [URL] and we'll be glad to help you. ^SI,400328,Sat Sep 30 03:47:47 +0000 2017,,,,
1104310,07065a79cc2ae207eb60b0adf0d8fe6e8fa672a67de56296ff6bed5746c2544a,"[USER] Another blunder. Return pickup rescheduled, guy comes still, no one at home, cancels return pickup request. Again pathetic Service","[USER] If you haven't already, please report this to our support team here: [URL] we'll sort this right away. ^HT",1104307,Sun Oct 15 08:00:28 +0000 2017,,,,
218048,4de08c173d278ff01efc3cbb659491d8759ef5b24ad8c8f76ce17cabc2eea776,.[USER] shipping their own packages is the worst thing to ever come from Prime. you can def expect a day or two delay. [USER],[USER] We always aim to meet the delivery date given in your order confirmation e-mail! Has this date passed? Pls let us know! ^KJ,218047,Wed Oct 04 22:43:37 +0000 2017,,,,
1616071,e66f1858758ac26bcea53873ee8833739ba692cd9c11e4550f716d2d30b84ecc,Always pretty ridiculous when [USER] sends you a failed delivery email when you were in and no attempt to deliver was made...,"[USER] This isn't expected! Please, reach us via phone/chat so that we may leave direct carrier feedback: [URL] ^JE",1616070,Sun Nov 05 13:21:20 +0000 2017,,,,
1660449,b45530e4966fe6505304a506106f2a9ab18ba532ca4c6f533517c5b83b9a401e,All I ordered was cat food for goodness sake! We told you to leave it outside our building! Why did you drive away! [USER],[USER] This is not what we want to happen! Please let us know who the carrier is by looking here: [URL] ^SE,1660445,Mon Nov 06 04:35:10 +0000 2017,,,,
27387,684c787dd4c86b3c53eb6d42b93845e5c179501a06c6f6b03e7bfde548710fdc,[USER] why wont it let me buy morrisey tix?? I havent bought any. [URL],[USER] Apologies. Please reach out to us here:[URL] and we'll look into it. ^PK,27386,Wed Nov 01 10:07:22 +0000 2017,,,,
2493748,713fdcf9d4553f90b53754478315f4577fe768094e976a92a430130bf9da00e4,"Beyond fed up with [USER] and their garbage customer service as of late. Since September I’ve had a non-responsive tech ticket, two missing orders, two incorrect deliveries, and just received a third. OVER IT! #BreakUpWithAmazon","[USER] I'm very sorry you have had a poor experience! This is not the service we strive to provide for our customers. When you spoke to us previously, what options were provided to you? ^HM",2493747,Wed Nov 15 18:14:08 +0000 2017,,,,
2511807,713fdcf9d4553f90b53754478315f4577fe768094e976a92a430130bf9da00e4,.[USER] what the hell is going on over there!? Spent an hour on chat getting an order corrected only to have to do again because the did it wrong. Then chat disconnects!!! 🤬🤬🤬 #AmazonSucks,"[USER] I'm so sorry for the frustration! This is definitely not the service we strive to provide you. Were you able to get the issue resolved? If not, then please give us more details. Please don't provide personal/account information, that info is confidential. ^TN",2511806,Wed Nov 15 22:45:29 +0000 2017,,,,
46566,c693514ada2dfbab88da9b8f4b4aebbb6340ab516adc08484abe3d0a7aa93466,[USER] I am unable to pay thr Kindle Unlimited request for  account  (Dr. Pawan Mathur) with login id __email__. Please help,"[USER] Sorry that you're unable to place the order for Kindle unlimited, we certainly did not expect this to happen, (1/2)^SU [USER] please contact us here: [URL] so that we can assist you accordingly. (2/2)^SU","46567,46565",Wed Nov 01 16:29:31 +0000 2017,,,,
2901093,22b53215f27d6b6710ed1c63ba399d78b8227504c05a25a9f4c21549177b2f55,"[USER] hola, hice una compra ayer y hoy me mandaron un mail que decía que CANCELARON mi compra porque ""creían que un tercero accedió a mi cuenta"". Como me pueden ayudar a restablecer mi pedido ya que ahora tiene un diferente precio...","[USER] Hola Carlos. Lamentamos mucho los inconvenientes. Cuando un pedido es cancelado no es posible reactivarlo. 
Con respecto a tu cuenta, ¿en este momento tienes acceso a ella o se encuentra bloqueada?
^DB",2901091,Tue Nov 28 18:02:53 +0000 2017,,,,
2279389,c9d177370f8c59b57412e11cf08a64bc07821989a8f0c60cdb3cca48cc52abd5,I also kinda hate [USER] right now for their “customer service”,"[USER] We never want you to have a poor experience with us. Without sharing any personal information, can you tell us more about what has happened? ^AL",2279387,Sat Nov 11 19:36:45 +0000 2017,,,,
483804,2aec52ae4829cdc2365e84853e2dc0e47f9e6667d92a9097832d03e2e30316e4,Das war nix [USER]. Der Fahrer ist gerade ohne Paket für mich da gewesen ☹️ [USER] [URL],"[USER] Hi, bitte gedulde dich noch etwas. DHL liefert noch bis 18 Uhr und wir gehen davon aus, dass du deine Bestellung in Kürze erhältst. Liebe Grüße ^TA",483802,Fri Dec 01 14:42:03 +0000 2017,,,,
324180,b736d816654951fd46b3214c208f384df96c9a63baba3c03d6a8a20d0f31cdd8,[USER] worst sale.i m trying 15 to 20 tyms to order samsung j7 prime phone.fooling to people. [URL],"[USER] Seems like the seller went out of stock, Please try placing an order choosing another seller. ^AG",324179,Sat Oct 07 15:02:07 +0000 2017,,,,
2798316,a05b2574dc734afe5f03e3beb0db3f6f21b3057ef907347a8a80abce75d16226,[USER] FYI went to Amazon drop off location in Westwood and the girl working there was way too engrossed in her laptop to bother helping anyone or providing any costumer service. Not what I've come to expect from Amazon. Bad experience.,[USER] I'm so sorry for the frustration! That is definitely not the service we strive to provide you. I will forward your feedback to the appropriate team. ^TN,2798315,Tue Nov 21 23:00:50 +0000 2017,,,,
2910304,8fbb32d2cd1ba1e1521c596c3f6be3b037139851a27a342509ab8ff9b6ff9bc7,"Given the invisibility of an actual customer service email, some kind of response would be nice [USER] [USER] - Not least the self-interest that someone appears to have sold them a whole load of £5 plastic as £25 ceramic.... [URL]",[USER] I'm sorry for the wait! Can you please link us to the product detail page? We'd like to take a second look. ^JM,2910303,Tue Nov 28 21:25:11 +0000 2017,,,,
1879537,03deeb6f52ffad544ece5d329fa2007ad04d4ab8ea204dd666a1d5564dee07bb,"[USER] I love how you can pay for one day delivery, not get it, and then not get your money back for not receiving one day delivery.","[USER] I'm sorry your order didn't arrive as expected! To clarify, have you contacted us regarding the shipping charge? Let us know! ^KN",1879535,Mon Oct 30 17:00:47 +0000 2017,,,,
1197159,955319009e1b35b67c8d4a24520beea32f4f27bffa48ae0d85fd1f438811014b,"[USER] Ordered w/ Amazon Marketplace a month ago, item went missing. Both Amazon and seller blame each other, out of pocket, what to do?",[USER] I'm sorry for the inconvenience! Was the order fulfilled by a third-party seller or by Amazon: [URL] ^BE,1197155,Wed Oct 25 02:37:43 +0000 2017,,,,
1919979,8ff54d9e20d6f1566c5319c3c3de5a939d4720fa3d36a3cdbb406fc35f3f46df,[USER] witnessing Amazon drivers go down wrong way 1 way streets to skip traffic on Robin St every morning can something be done,"[USER] We'd like to escalate this, Ryan! Please provide as much additional information as possible here: [URL] ^LB",1919978,Wed Oct 18 14:19:22 +0000 2017,,,,
348059,cb0a47d3a0cb7862692be5684339c0d87d7facb88fddb22676eae5fb24d165dc,[USER] Cannot access site. Dont tell me prblm wid intrnet or brwser as it sumtyms (5%) wrking. U r loosing ur business if not fixed. [URL],[USER] Sorry for the trouble in accessing our website. I've checked and the website seems to be working fine. (1/2) ^KA [USER] Please follow the troubleshooting steps as mentioned in the screenshot. (2/2) ^KA,"348066,348057",Sun Oct 08 04:56:01 +0000 2017,,,,
2600829,c7f66e94b58ed5d4bba6563be1711c6ee1e056dd9ac302d3ef87e9971ce766d4,"[USER] Hi, I’m trying to leave a review for a third party seller but there is no link to review them. Can you help me please?","[USER] Hey, which one of our sites are you trying to leave the review on? Is it [URL] [URL] or one of the others? ^PJ",2600827,Fri Nov 17 07:33:20 +0000 2017,,,,
2366341,9414e258351fbcb4b63314d2e6929a1e973faf7e56081e4e0a49c5320f575de5,When you order a pop socket and [USER] says they put it your mailbox but it’s not there 😭😭😭,[USER] I'm sorry your package wasn't in your mailbox! Please take a look here: [URL] for help in locating an order marked as delivered. ^JM,2366340,Mon Nov 13 22:41:19 +0000 2017,,,,
485378,c57d2370dc6cde85cae7dc7ecade91a861f748bd5699f37fa50081f14c51d548,Why would i rejoin prime when the last two orders i place with Amazon were late?? [USER] [USER] [URL],"[USER] I'm sorry for the wait. Just to confirm, did we miss the delivery dates listed in your order confirmation e-mails? If so, have you had a chance to contact us to report the delays? ^RA",485374,Fri Dec 01 15:09:44 +0000 2017,,,,
1869768,436e8b0430133aea0c90663defafbf939e3b40615aa7ff812579e80485ab13ca,"[USER] I placed an order over a week ago, and it has been slowly moving from ""preparing to ship"" to ""shipping soon"", with an estimated delivery date of Nov 7-10. Should I wait until the 10th to file a complaint? This never happened in my previous purchases. I paid already.",[USER] You will not be charged until the order ships. Please let us know if your order doesn't arrive by the 10th. ^CC,1869766,Wed Nov 08 04:55:54 +0000 2017,,,,
1741894,15e8279e82b8a3469c04400a1719ed37e4978def125ee3f65e304b542d4dc73d,"Godsdamnit! A timer just went off on my [USER] , and Alexa refused to listen when I asked her to stop!",[USER] Oh no! Let's see if we can get Alexa listening to your commands again: [URL] I hope this helps! ^FD,1741892,Tue Oct 17 19:44:59 +0000 2017,,,,
536601,1f09d9f31872f23fd9c9c448c2e7092b9b1263b77cc7eba23605b094adbcee27,"[USER] Can I make an Amazon smile purchase on the Amazon app? If so, how? Thanks.",[USER] There is an entire website dedicated to the Smile program with all the information: [URL] I hope this helps. ^BD,536599,Sat Dec 02 13:18:16 +0000 2017,,,,
74787,ee5126df29beb9cecc1ef7db7c543065474a7e323e1d813e93a2e445e2f086a1,Dear [USER] please mention complete info for product ([URL] Accessories price not mentioned. [USER] take 22 days to respond for installation request (after multiple calls) and engineer charges Rs. 800.(Reg. No. [NUMBER]). #disappointed #badservice,"[USER] I get your disappointment, Raju. I have checked and can see that the product has inbuilt accessories. However, please report this to our support team here: [URL] for further assistance. 1/2 ^NK [USER] Please don't provide your order details as we consider it personal information. Our twitter page is visible to public. 2/2 ^NK","74785,74788",Mon Nov 27 13:35:56 +0000 2017,,,,
1042297,fda93ae9ae12af71ccae715d84d19902ac86f4157405227fd9b8b6a2a62cb51f,"[USER] Thanks for the marketplace email. I would gladly review my purchase if it would turn up! Still waiting....
#rubbishservice #help",[USER] Sorry to hear you're still waiting Steven- What was the expected delivery date of your order? ^NV,1042296,Mon Oct 23 08:09:10 +0000 2017,,,,
2144436,603207b6f93137b866cdbaa2564febaeff388108fc5622e1c5f56fe39d3dc602,"When [USER] Prime fail to deliver 2 parcels, even after expected delivery dates & you have to rewrite your lesson plans. #stressful",[USER] I'm sorry we've let you down! What's the delivery date shown in your order confirmation e-mail: [URL] ^JM,2144435,Wed Nov 08 23:32:19 +0000 2017,,,,
635664,e4ad5d1e619e9de41f80a174eae724b1dec6f9bb1b1fcb270047080ccc3558af,Vergonzoso el servicio de Amazon Logistics [USER],"[USER] Hola, lamentamos las molestias. Sin publicar detalles de tu cuenta de Amazon, ¿nos podrías comentar un poco más lo que ha sucedido? ^AA",635662,Wed Nov 22 17:22:08 +0000 2017,,,,
244101,912ab9a3f4449eb1278eb4e299b40e24673830521a159d5c6963613f97531861,Bad experience after 2 years of  #AmazonIndia & that 2 #prime member. Got wrong product delivery. [USER] [USER] ..Trust cm 2 an end.,[USER] I'm sorry for the trouble. Certainly not intended. Please reach out to us at: [URL] we'll check it. ^AU,244100,Thu Oct 05 14:31:09 +0000 2017,,,,
174508,dd4d36144efe422b68ba847578800db6ad8486b7baef0197518f84fcf159c320,Waited in all day for my stuff from [USER] first order not complete - 2nd order returned to depot because damaged ...... 23 items? WTF - NOW is a big fail - get from [USER] or [USER] - #PRIMENOW USE PEOPLE with cars who have no idea what they are doing.. [URL],"[USER] I'm sorry for the trouble with your orders! When you have a moment, please reach out to us directly so we can document your feedback and look into this further: [URL] ^LR",174506,Fri Nov 24 23:20:15 +0000 2017,,,,
1338584,0112249278b253026cca163911177d46017b2f75861225417348f93736512a8c,[USER] y’all need to control your twitch counter part they crazy,"[USER] Without providing any account sensitive information, could you tell us more about the issue? We'd like to help! ^ZW",1338582,Mon Oct 16 13:05:31 +0000 2017,,,,
1565221,a03be05a7bef635e3d3c30eec7741b52d45a19be39ab5b0c6f797563aaa21e8f,"[USER] I'm frustrated with d app. Since 48 hrs hv been trying to place an order,just don't go thru n getting someone on d phone is MI-3💩 [URL]",[USER] Have you tried clearing the app cache and data and try again? Do let us know and we'll help you further. ^ZH,1565220,Tue Oct 17 05:13:26 +0000 2017,,,,
2129912,a03be05a7bef635e3d3c30eec7741b52d45a19be39ab5b0c6f797563aaa21e8f,[USER] I want compensation for the stress I've had to endure. U hv not kept a promise n now getting run around [URL],"[USER] Hi, sorry to hear that. What Amazon website do you use? [URL] ^JJ",2129910,Thu Oct 19 07:38:27 +0000 2017,,,,
2129917,a03be05a7bef635e3d3c30eec7741b52d45a19be39ab5b0c6f797563aaa21e8f,[USER] well done amazon Prime. Promised date 17/10... today being told delivery will happen on 20/10 👏🏼amazing service 💀,[USER] Sorry to hear this. Has any reason been given for the delay? ^KM,2129915,Thu Oct 19 07:33:05 +0000 2017,,,,
2135623,a03be05a7bef635e3d3c30eec7741b52d45a19be39ab5b0c6f797563aaa21e8f,[USER] absolutely disgusted with your service. Customer service takes back seat in India as usual.yall have managed breach of terms,[USER] That's an unpleasant experience with us. Let us help you out here. Please drop your details here: (1/2) ^VM [USER] [URL] so that we can get in touch with you. (2/2) ^VM,"2135627,2135621",Thu Oct 19 07:34:58 +0000 2017,,,,
1248989,c52c65e995141851e9d3b30cefb1a68b17fb5d1785c77dd6d37a3b80743a7262,Por favor diganme que aun me llegara a tiempo el Viernes 27 de Octubre 😭 [USER] [URL],"[USER] Hola. De acuerdo con los detalles que nos compartes, aún esperamos que el pedido sea entregado en la fecha indicada. ^JQ",1248988,Thu Oct 26 02:46:02 +0000 2017,,,,
1305150,c52c65e995141851e9d3b30cefb1a68b17fb5d1785c77dd6d37a3b80743a7262,[USER] Ya me hicieron el cobro pero ya pasan de las 9pm y no parece que ya lo hayan enviado :( [URL],"[USER] Hola. Tan pronto como el pedido sea enviado, recibirás una notificación con los detalles. ^JQ",1305148,Fri Oct 27 02:03:01 +0000 2017,,,,
2599130,862948f84668bd18a759110b3bf45e9c9d375b657b4a6b766581c6ad25d82411,"According to Amazon tracking, my package is “Out for delivery” and arriving “today” by 8 PM --- for the last three days.",[USER] I'm sorry you haven't received your package yet! Which carrier is assigned to deliver your package? You can check here: [URL] ^TN,2599129,Fri Nov 17 05:42:40 +0000 2017,,,,
940502,119daaf8e7f78aebb85dc1904a6bdd03234147e9da637565906e4df30ef1de89,[USER] pls respond to your spoofing emails.. my kindle is being hacked and books purchased at my expense!,[USER] Sorry to hear this! We take your security very seriously. Allow us to take a closer look here: [URL] ^AB,940499,Sat Oct 21 15:13:43 +0000 2017,,,,
483147,3c7c9e159077b938c08d8375118c2229cde4ad28f984b349d3aabbee051878de,"[USER], [USER]. Thanks for the photo of my package delivery. Unfortunately, it wasn’t my house. Hopefully my neighbor has it for me.  I know the holidays are crazy. And people are human.","[USER] Hi there. Sorry for the mix up, please let us know if you are able to locate your order with your neighbor. ^NV",483145,Fri Dec 01 14:08:39 +0000 2017,,,,
2542890,d838e60b3f137542edec767d62f9c81b6a770885ae9b9116003da0648be43a1e,"[USER] Dear Amazon, I purchased a product from Amazon. And this product was delivered but product was defective. So, I complained in your call center but your executive was not solve my problem. Then I call again so, your executive blocked my number.Plz solve my problem.","[USER] I'm sorry for the troubles! Just to clarify, can you tell us where you ordered the item from, [URL] [URL] amazon.in, amazon.de? ^AL",2542888,Thu Nov 16 12:58:01 +0000 2017,,,,
407927,5e9f06a5fc10788e3272ae973b52e2912b4aec15cd12bf490d1d8427642e8138,"Amazon, it’s nearly 2018. I should never have to see the buffering sign on my fire stick when the router is FINE 😫 help! [USER]",[USER] We'd love to help! Have you tried these steps? [URL] ^VB,407926,Mon Oct 09 21:59:17 +0000 2017,,,,
1378161,a862b2fd9c3eb42c647d575f5ccb84442235ecc68ef8171315c3259adc060273,[USER] does #alexa works with iOS in #india? I don’t see any app in my #AppStore ?,[USER] The Alexa app will be available in the App Store / Play Store when the devices start shipping the week of Oct 30. ^GK,1378160,Sat Oct 28 03:17:09 +0000 2017,,,,
1680957,a862b2fd9c3eb42c647d575f5ccb84442235ecc68ef8171315c3259adc060273,[USER] [USER] how do I activate saavn music on my #echo in #India,[USER] Please contact us here: [URL] and our team will help you with this. ^AS,1680956,Mon Nov 06 15:36:29 +0000 2017,,,,
177381,92e934a4efe427421092e775c2c7089efb219228f34fcd5728a2acec75057b03,"Comprei hoje e o pedido já foi enviado. É por isso que te amo, [USER]","[USER] Olá, Daniela! Corremos para entregar os pacotes bem rápido! 🏃 Me diga, quando você receberá seu pedido? 🤔 ^CR",177380,Sat Nov 25 00:48:50 +0000 2017,,,,
2139797,9d1e89c4b8407774ad081e1f0cb7cd83fc41ef371829f5b6869e592d23a530cf,Queria tanto um Kindle Paperwhite.. Vai rolar promoção na Black Friday [USER]?,[USER] Olá! A Black Friday será no dia 24 de novembro. Fique de olho no nosso site e nas nossas redes sociais para novidades. ^JJ,2139796,Wed Nov 08 20:01:07 +0000 2017,,,,
360704,d0fa59bb69e35c6993fa0e9017dd62d7d81f0a7621c51549faf8209678e6bc66,[USER] [USER] Where is order ?. No setisfectory response from CC. Delivery service getting worse ..,"[USER] I'm sorry, Lokendra. Did we miss the estimated delivery date? ^NK",360702,Sun Oct 08 14:11:58 +0000 2017,,,,
2915907,4b170c5f3380522de233b2f09bc7519cd81edd8d57f99eea1b9758d6d3ee569e,[USER]  Stop spamming me. I keep getting promotion emails from __email__ . unsubscribe option does not work. I tried multiple time. #spam #stopspamming #brokenservice,[USER] We'd like to check this for you. Please connect with our support team here: [URL] and they'll assist you regarding this. ^NR,2915906,Tue Nov 28 23:12:56 +0000 2017,,,,
222764,fc163f2a5803ddfd5041f9e07eabd7a36533fa982fc6abbb183d8621ba6e13ff,"Oh [USER] crappy day at work, looking forward to Halloween decorations. No package. 😔I even decided to try #prime finally. [URL]",[USER] I'm sorry you order has yet to arrive. Late orders generally arrive within the next 1-2 business days. ^GG,222762,Thu Oct 05 03:26:42 +0000 2017,,,,
2852131,8e94ae8dedd7d0a15e3748f9cb4be2bbdc7206667199842de3469a4b200c1834,"[USER] hey, when would you like to give me back the £1 that's been pending in my account since 11/11???","[USER] I'm sorry for the trouble this may have caused; the charge is to ensure the validity of the payment method used for an order placed. For more information about this, please follow the link: [URL] ^WM",2852129,Mon Nov 27 19:52:03 +0000 2017,,,,
2852165,8e94ae8dedd7d0a15e3748f9cb4be2bbdc7206667199842de3469a4b200c1834,[USER] I've had £1 pending on my account since 11/11 by [USER] can you like let me have it back please? #skint,"[USER] Hi there! Authorization holds like that are put in place by your bank. It's up to the bank to decide when to remove it. You can reach out to your bank and request they take it off, though!  Here's more about removing the hold: [URL] ^SP",2852164,Mon Nov 27 19:55:04 +0000 2017,,,,
349379,1db816d5e284c77c6bbb214b18ed3bb06518b9022e89d1868cdbb7249f26d09b,[USER] Your guys mark item delivered in morning and then deliver it to us in the late evening. I expect better from you 😐 [URL],"[USER] Thank you for bringing this to our notice. (2/2) ^ST [USER] Sorry for that. We did not expect that to happen. I'll forward this as a feedback internally. (1/2) ^ST [USER] Also, please don't provide your order details, as we consider it to be personal info. Our Twitter page is public. ^ST","349381,349382,349380",Sun Oct 08 06:37:27 +0000 2017,,,,
1272924,1db816d5e284c77c6bbb214b18ed3bb06518b9022e89d1868cdbb7249f26d09b,[USER] I am receiving msgs that due to aditional address req. Packge could not be delivered.Though I am receiving other packages daily.,[USER] here: [URL] we'll get back to you soon. 2/2^AP [USER] I understand you're concerned regarding your order. We'd like to look into it. Kindly report it to our support team 1/2^AP,"1272922,1272925",Mon Oct 16 07:01:00 +0000 2017,,,,
651516,6e6462ebdfb97e8378dd8da4b8ac9646a492c0b910b59c399c0ad47390422719,"[USER] my order is pending since one month for delivery no response from your side. Very irresponsible of u
Order id- [ORDER_ID]","[USER] That's strange. Let us investigate this further. Please drop your details here: [URL] (1/2) ^VM [USER] and we'll reach out to you. Please don’t provide your order details, we consider them as personal information. (2/2) ^VM","651517,651515",Mon Oct 30 08:02:43 +0000 2017,,,,
635712,34c2c4a258a2c1ea23725caeb1ddd39756ea005badbc5d17ceb1f6d86a4bd9b8,This [USER] customer service rep through chat has been the worst that I have ever dealt with from them.,"[USER] I'm sorry to hear this. Without posting personal or account information, can you tell us more? Are you currently having trouble with an order? ^LI",635711,Wed Nov 22 16:58:31 +0000 2017,,,,
559864,5679fac037a86bb662075354457e4c5a80572d1e54e1f771572e4fb643c9df08,[USER] prime has let me down twice this week. 🤷🏻‍♂️🤷🏻‍♂️,"[USER] Hey Dan, sorry to hear about your experience with us this week. We would like to help! Without providing account details, could you tell us what happened? ^TE",559863,Sat Dec 02 21:58:38 +0000 2017,,,,
1501858,3d2b43ef15bbda724ff1d576f4dd9539c97b2c65e672558ac507b45caf3ba59f,[USER] Getting rather fed up of coming home to this when my designated safe place is clearly listed on my account. #fedup [URL],[USER] Hey Tara - sorry to see this. Pls contact us so we can escalate :  [URL]  ^TD,1501857,Fri Nov 03 15:34:01 +0000 2017,,,,
2830678,e5d1e6b71dbc2e4e17d5aad9afe0d840e719b9c0b409a52ad45da844ce3aa57d,"- Comment devenir riche ?
- Vends ton livre 999€ sur [USER] [URL]","[USER] Merci de nous l'avoir signalé, nous ne manquerons pas de remonter l'information. ^MA",2830677,Mon Nov 27 12:52:38 +0000 2017,,,,
2968310,5c4ae2be2b2b9c604acfdbe147fc00f2b72b9012557dac2829a09b481c72ac9b,[USER] how do I update my cell number on the Alexa App? Also how do I allow it to sync with my contacts. Echo messaging isn't totally straight forward on the app,[USER] Hello! We'd love to help out! You find instructions on settings for Alexa Calling and Messaging here: [URL] Let us know if you have any questions! ^AJ,2968309,Wed Nov 29 23:13:40 +0000 2017,,,,
1357837,fa5134c363a16cdf9448950b65b1c33f1ef3a315437c2ae779a50ad78b53d15f,"[USER] tracking ID [NUMBER] says cudnt deliver coz I  couldn't be contacted. Got no call. And location is office , delivered before",[USER] Sorry for the hassle. Please report this to our support team here: [URL] and we'll check this. 1/2^HN [USER] Please don’t provide your order details as it is personal information. Our page is visible to the public.2/2^HN,"1357838,1357836",Mon Oct 16 14:13:00 +0000 2017,,,,
2320232,d85e7b96d674bd4fda0e07dc9822dc7d247fda01d22cf040d29c34090848a863,[USER] I bought something Saturday. Today it is the deal of the day. Customer service says I have to return the item and buy it again. This seems like a waste for Amazon. Can’t you just refund the difference? This keeps Amazon from paying return and reshipping costs.,[USER] Hi Dustin. I'm afraid that the information provided when you contacted us would be the most accurate info available. ^DC,2320230,Mon Nov 13 13:38:14 +0000 2017,,,,
1391857,45663e6b84f33071cd905050a4b1409a0ada6f932e325f765e6ca03e922b75c4,"Och [USER]... Vorher gucken, ob man nicht schon einen bestellt hat, ist doch nicht so schwer. [URL]","[USER] Guckt mal hier: [URL] Aber Amazon Echos kann man gar nicht genug von haben, oder? 😉 ^TG",1391855,Sat Oct 28 12:25:26 +0000 2017,,,,
1665323,45663e6b84f33071cd905050a4b1409a0ada6f932e325f765e6ca03e922b75c4,"[USER] Unter ""Meine Bestellungen"" sind die neuen Buttons etwas zu klein/der Text zu groß.

Chrome, macOS. [URL]",[USER] Das geben wir gerne mal weiter. :) Danke für den Hinweis. ^SK,1665322,Mon Nov 06 10:36:03 +0000 2017,,,,
1353607,c5097d9e5c7d7dfffdb4d2bebc1fc1d7a68367a8c7de747eff7ff246a14c36c0,I pay for [USER] prime and expect 2-day shipping. How come it's more rare than not that what I order actually arrives in 2 days?,"[USER] I'm sorry for the wait. Two-Day refers to the time taken to arrive, in business days, after your order has been shipped. ^MB",1353605,Fri Oct 27 18:28:44 +0000 2017,,,,
2805897,06e721b054e82984e6fe896e1906bc0056e5d21c573e183c80ca8ce18266cc63,[USER] why do I pay for a prime membership when my last three purchases haven't made it here in two days???,[USER] I'm sorry for the poor delivery experience.  Are you experiencing this with a certain carrier? You can check here: [URL] ^AY,2805896,Wed Nov 22 02:52:28 +0000 2017,,,,
935845,887422ff6a2555e1205027e6608da12810588408f3a9dcbea6a8d29d5293c719,[USER] I have not yet received my refund of Rs.499 for PRIME Cancellation. Reply ASAP,[USER] Sorry about the delay in your refund. May I know if you've reported this to our support team here: [URL],935844,Sat Oct 21 17:30:34 +0000 2017,,,,
987217,887422ff6a2555e1205027e6608da12810588408f3a9dcbea6a8d29d5293c719,[USER] #AmazonPrime Cancellation refund not yet received ?? The refund for the un-delivered item received but not the prime 499 /-,"[USER] I understand your concern, please contact us here: [URL] so that we can assist you accordingly. ^BV",987216,Sat Oct 14 08:08:43 +0000 2017,,,,
2664429,887422ff6a2555e1205027e6608da12810588408f3a9dcbea6a8d29d5293c719,"[USER] [USER] [USER] I received a spam call now from [NUMBER] about some prize.When cross-questioned him, he started abusing?",[USER] Sorry for the experience. Securing our customer's info is the highest priority. For more info: [URL] ^KA,2664430,Tue Oct 31 07:54:41 +0000 2017,,,,
2944426,d16251d7d27c4a341e9774c23c49b1c7ee9b9b88587c461285edfac5a5a194f1,"[USER] all these bad reviews wow.

Just don't fuck up my mum's order thanks it's a plant #anxiety 😯",[USER] Hello Shanz! What delivery date is listed on your order confirmation e-mail? ^AN,2944425,Wed Nov 29 14:35:11 +0000 2017,,,,
1402148,0dcf432edbd7c57f36e077412d70b45eaa9781e530f5fa36e482b536327ad6fa,"[USER] en serio, por qué seguís dejando que [USER] os fastidie la imagen con sus entregas fallidas fantasmas?? 😔","[USER] Hola Sergio, lamentamos cualquier inconveniente. ¿Tienes algún pedido pendiente con nosotros? ^MB",1402146,Sat Oct 28 17:38:36 +0000 2017,,,,
2450568,e6bdcd7f3ef76b11d64bdd932228262a69726c2dc69cf94804d9da0ceee84e25,Want refund for fake product ordrd by mistake. Placed refund req but denied. Y shud I bear pain for fake product  :( [USER]  [USER] [URL],[USER] I'm sorry to know about the situation. Kindly connect with us here: [URL] we'd like to help. ^SG,2450567,Sun Oct 29 16:33:51 +0000 2017,,,,
1378496,573a0044e9315d4d598019f8bde1ceb93eed42f6c078f2cf9769e9c7a53fd9b6,So...[USER] did our delivery driver just take our food home with him?! [URL],[USER] I'm sorry your order hasn't arrived. We'd like to take a closer look. Please reach us here: [URL] ^LR,1378495,Sat Oct 28 03:30:31 +0000 2017,,,,
2499138,fb9f313cab5593c9f8d71be4f6e9fbec01a022ab715081f35bd6d72cab37ccd5,"tfw [USER] Prime ""free two-day shipping"" on a Wednesday will get it here by next Monday. 🤔🤔🤔",[USER] The shipping option you select during check out determines your orders transit time in business days after fulfillment. More information about shipping times is available here: [URL] Are you currently having issues with an outstanding order? ^SK,2499137,Wed Nov 15 18:54:46 +0000 2017,,,,
1672020,9a726baaa91c5f0e8ceefd4e4b464c4b98bda804d22ef7f0bce5aef6239f6857,[USER] Firestick stopped working cant find where to get help,[USER] Hi Sarah- What seems to be the issue? Is it turning on? Is there an error message or? ^NV,1672018,Mon Nov 06 13:34:34 +0000 2017,,,,
1922897,9fc62e409cd5e22672fba31f03ca4f3316ab3ab311abf1d21c55cf31c0f7dc5d,"I love [USER], but the Kindle Fire Kids Edition and [USER] support of it is atrocious. [USER] should be embarrassed.",[USER] I'm sorry for the sub-par support! We'd like to help if we can! What's going on with your Kindle Fire Kids Edition? ^TR,1922896,Wed Oct 18 14:39:41 +0000 2017,,,,
318601,2abaa305e1f648bb8b96b637db3ff82da38b80bd72433b61d07e5a958cc9fd2d,"[USER] am trying to get assistance on a package 1 month overdue, site won’t load resolution options - help?",[USER] Sorry you're still waiting Nadia- Which site did you place the order on? Was it sold by Amazon or by a Seller? ^NV,318600,Sat Oct 07 09:26:06 +0000 2017,,,,
349897,2abaa305e1f648bb8b96b637db3ff82da38b80bd72433b61d07e5a958cc9fd2d,"Thanks [USER] for the assistance and speedy resolution with my order, didn’t have to jump through hoops 👌🏽","[USER] You're welcome, thanks for the feedback! ^JJ",349896,Sun Oct 08 09:17:16 +0000 2017,,,,
80740,7a37b8bc3ce522adc3e919a3df7cbdd66ab8a6d0a443d9169325f994a05737b6,"[USER] On applaudis Amazon et son option Prime, pour perdre les colis y a pas mieux apparemment.... Ou comment payer un abonnement pour rien xD [URL]","[USER] Bonjour, j'en suis sincèrement navré. Le mieux dans serait de contacter notre SAV afin que le colis puisse être localisé. Veuillez le faire via le lien suivant :  [URL]
^ARC",80739,Thu Nov 30 12:56:02 +0000 2017,,,,
930442,2bf03ea7553147e32412a21a29ccea057259f46fd037bbb68ab2c2c4271a65d5,[USER]　iosのアマゾンアプリが横表示出来なくなりました。仕様変更ですか？,[USER] アプリのバージョンは、「9.20.0」でしょうか？　その場合、ご指摘の挙動は確認しており、それが仕様変更によるものか現在調査中となっております。確認までにはお時間を要する可能性がございますが、わかり次第改めてご連絡をさせていただきます。　SM,930440,Sat Oct 21 11:27:10 +0000 2017,,,,
755719,73e663ab72551bfe3c856a1b910ff4c3faecf3055b442c0df12b70d13e267c31,[USER] yyyyyyyy [URL],[USER] I'm sorry to see a delay has occurred! Please let us know if you haven't received your parcel by the new given time? ^KJ,755718,Wed Oct 11 18:24:26 +0000 2017,,,,
2969454,260d5b37d3d9ee2c5c02d23ceed82400263b7ad637525f22b3e7aaa6a291e98b,"Eu amo a [USER] comprei meu livro domingo, ele já ta em Caxias, amanhã ou sexta tá aqui meu HP maravilhoso de capa dura ❤",[USER] Que lindoooooooo Alessandra! Nós também te amamos e o HP! Um clássico que emociona crianças e adultos! Você esta ansiosa? 😍🎓🔥 ^JJ,2969453,Wed Nov 29 23:59:34 +0000 2017,,,,
134828,fa2a0e8047716b3601da952343f9e4f49e3496aec5bc2da23de8618895e3151f,"Excuse me [USER], is there a reason you're so horrifyingly bad at actually helping. I've talk to 3 people, have had 0 help and it should be a simple fix! I should have just went to target.","[USER] Without providing us any personal information, would you be able to elaborate a bit further?^SM",134827,Fri Nov 24 08:44:19 +0000 2017,,,,
1680142,bd6c619ca9d6fc5a04d1d528357b99cae62b832353ecb9e2931d810b0d8eecac,[USER] Have spent the better part of the morning trying to exchange a pair of shoes from a size 10 to a 9.  Why is this so hard?,[USER] Exchanges can be done if it is the same color/style shoe and sold by Amazon. Read more here: [URL] ^MJ,1680139,Mon Nov 06 15:46:40 +0000 2017,,,,
1599741,32f2942f3016e5b1ba9f2b2ffce09236a1dd4d9fb61150c8c763cb3b30f6ed26,Hey [USER] r u guys down?,"[USER] Are you having trouble reaching our website? Without sharing account or order details, can you tell us what's going on? ^DW",1599739,Sun Nov 05 04:09:23 +0000 2017,,,,
200202,6bef2e8bc874af4068889c00ff8d21d9dd2649bce63eefa8f638b3cc4463adb4,Apparently it takes many days to send out a #StarWarsBattlefrontIIBETA code... GG [USER] [USER] missed out on the first day thanks :/,[USER] I'm sorry you haven't received the code. Can you please let us know when you placed your order? ^AC,200201,Wed Oct 04 22:51:01 +0000 2017,,,,
236581,6bef2e8bc874af4068889c00ff8d21d9dd2649bce63eefa8f638b3cc4463adb4,"""Please be rest assured you will receive your beta code today without any issues"" [USER] sent an invalid code ffs #StarWarsBattlefrontII","[USER] Oh no! We're here to help! If the code is not working, please visit [URL] more info. Keep us posted!^AL",236580,Thu Oct 05 13:50:12 +0000 2017,,,,
2419885,4d4fd1716d8a73a21b86eadb68da5fe578ad77915bdd24772b4bb710a010757e,[USER] parcel apparently delivered but I have not received it. Can’t find anywhere to get help. No wonder [USER] is the richest man on earth #CustomerService #disappointed,[USER] I'm sorry you haven't received your parcel yet! Here is a Help page with some advice on what to do if this situation occurs: [URL] ^GM,2419884,Sat Nov 25 21:58:24 +0000 2017,,,,
973650,172bc14a546907f25cd31e91ae2073c4260feed4b7e6395d006e05cfb80a45cf,"*sigh* Were this pretty much ANYTHING else [USER] I would not be so upset, IT SHIPPED DAMMIT!! IT SHIPPED!!! AND IT GOT LOST!! 😭😭 [URL]","[USER] Hi, sorry to see there's been a delay! Have you received an email with further info & a revised delivery date? ^TS",973648,Sun Oct 22 09:04:18 +0000 2017,,,,
1843554,a0f17e5378be416bbda51899e04b35e9de61c3fa3746b3392686821fa33056e3,[USER] not getting my prime membership benefits. 2 day shipping arrival taking longer than it should.,"[USER] Hello, I am sorry to hear this. Are you expecting a parcel that has been delayed? We certainly would like to help if possible. ^CR",1843553,Sun Nov 26 07:48:35 +0000 2017,,,,
843521,204c5421396c56378a1d402eab84100b1770754d0aad38753a765d0c5916630c,[USER] received the prize but the amazon gV is  not working... I can't add it to my account [URL],[USER] I am sorry to hear this. Can I ask for you to reach out to us using the link below so we can investigate this for you: [URL],843519,Sat Nov 25 10:19:39 +0000 2017,,,,
2291509,33868f605bb4bfb90b84d61f39af24b4364f45d808e8742c3b14459de3488c8a,[USER] I have buy Nokia 6 from Amazon India. The phone's display has purple colour on right side of the display. I want to replace my phone but Amazon can't. What can I do ? Help ASAP.,[USER] That's unusual. You can create a return here:[URL] For further assistance you can get in touch with our support team here:[URL] ^MN,2291508,Thu Nov 09 16:11:40 +0000 2017,,,,
795213,c2c800f2465c58c484ca7b32e207b030a88f47befca82efb4a0cbf2097f34efa,[USER] that'll be the last time I use prime now. Just spent £150 on an empty fitbit box,[USER] Oh no! Please contact us via the Prime Now app so we can look into this with you! ^TR,795211,Thu Oct 12 14:13:48 +0000 2017,,,,
2230276,4e9013d37b58a1cc6a0373da5a38bd63fabec4f6c4f0da9fe2ffa86132db2e17,"Por culpa de [USER], siento que estoy tirando el dinero con [USER] Premium 😤
[URL]","[USER] Hola Silvia. ¿Actualmente tienes algún pedido pendiente de entrega por [USER]?
^DB",2230274,Fri Nov 10 14:59:57 +0000 2017,,,,
727836,c41622fe1359ff8974f6b5e621c0f2ff75166f72cb35a4bf3f2c9896a45dfc76,[USER] [USER] [USER] [USER] i am really struggling to get replacement of my defective product from amazon,[USER] Have you responded to our email correspondence as requested earlier? ^HK,727834,Wed Oct 11 07:16:58 +0000 2017,,,,
1221860,834e7f4f29f74aa357165cd6fa3fb0058c0287fe54dc375321f8db69c67c164a,"Amazon, where's my Broody book?!?!? 😭😭😭😭😭😭😭😭😭😭😭😭😭😭😭😭😭😭",[USER] I'm sorry! Have we missed a delivery date for you? ^AH,1221858,Wed Oct 25 15:29:47 +0000 2017,,,,
2965311,834e7f4f29f74aa357165cd6fa3fb0058c0287fe54dc375321f8db69c67c164a,[USER] cuando estará disponible la segunda y tercera temporada de Avatar The Last Airbender en Prime Video? 😭,"[USER] ¡Hola Melissa! Te comentamos que todas las novedades respecto a nuestro catálogo las podrás conocer a través de nuestra aplicación Prime Video, nuestro sitio web y nuestras redes sociales oficiales. También estamos ansiosos y esperamos sea muy pronto😎✨👌. ^MZ",2965310,Wed Nov 29 22:16:38 +0000 2017,,,,
753519,470eab060e703f53a0091fcfe5a01293e9ea9eb75d69cc04d9fea85c2b37bda9,"To [USER], Fresh order arrv'd with dry ice floating around that look like ice packs. Burned me. Lucky my kids weren't unpacking today.",[USER] Oh no! I'd like a member of my team to look into this with you. Please give more details here: [URL] ^VB,753517,Wed Oct 11 14:09:31 +0000 2017,,,,
798817,65f376ecdcc70c36744da9018152b7fc905e84a5e651bc8e7360c09bfe0565a6,[USER] bit over kill isn’t it? Very deep box for a very hing package. Thought the box was empty! [URL],"[USER] Oh my! I'm sorry about the poor packaging, Sean! You can help us improve by leaving your comments here: [URL] ^LB",798816,Thu Oct 12 15:13:51 +0000 2017,,,,
1173886,8eac1082b263549b7c5ad1b05dfbc8c55da1efab9ee578c6492af73ce7212f90,"[USER] The item I'm trying to ship to Amazon Locker says that locker is full, despite being able to ship other items to that locker. 😓","[USER] I'm sorry for any trouble, Michael. We have some information about why that might be happening here: [URL]
^BL",1173884,Tue Oct 24 20:15:16 +0000 2017,,,,
1161588,2bacf46f65fa20bf47808d554c4a2f022b212639d42414a232f31e93d84ca657,"Really [USER]?  This is how you ship items? I have no idea how it stayed in the ""packaging"" as it's not secured at all [URL]",[USER] We want to  escalate this feedback so we can look into it. Please go here and provide details: [URL] ^MJ,1161586,Sun Oct 15 19:04:53 +0000 2017,,,,
913348,d1edd8edb92e13bb8d14c2e6cd2e78ceb72693dcbd3f87286fd29df7ea65275f,Bad experience with [USER] delivery delay almost 8 days from the order placed. Even prime customer [USER] [USER] worst exp.. [URL],"[USER] I'm sorry about the delay. Kindly contact our team here: [URL] and we'll help you. (1/2) ^GK [USER] Please don't provide your order details, as we consider them to be personal info. Our page is visible to the public. (2/2) ^GK","913349,913347",Sat Oct 21 07:42:31 +0000 2017,,,,
2830651,48d656a33289f583796ce6640ac909ee8fb2a1c708b6976a8eb22e756aa026c4,[USER] I bought a product on [USER].in. but am not able to verify if it is a genuine product. It usually comes with a scratch code for authentication which is absent in this one.,"[USER] All the products sold on Amazon are 100% genuine. However, if you have any issues with the product, feel free to reach our support team here: [URL] and we'll be glad to assist. ^HS",2830647,Mon Nov 27 13:02:47 +0000 2017,,,,
1313887,d04b97cc12867587ffa8531a8ac424f247c43ab44215d64a9872bb499530b111,[USER] Prime messed up my Diwali order. Did not deliver on time and inspite of my request to cust care it is now marked as cancelled.,[USER] I'm sorry for the inconvenience with your order. Please provide your details here: [URL] & we'll assist you.^SF,1313886,Fri Oct 27 07:01:12 +0000 2017,,,,
367919,7bedbe5cf8a83b666f1431e90c8d079dd15132176041de5ccbb9f689b7ffa74e,Hi [USER] why I don’t have access to Kindle Unlimited?,[USER] Hi Apolo! Kindle Unlimited is a subscription of its own. Are you already subscribed? ^HC,367917,Sun Oct 08 21:14:27 +0000 2017,,,,
2618128,8478148d213b7b173f7f749def3273dda6f6b2cd2ad634f068a39d87ef7aa325,"[USER] Thanks for not delivering out dog food this week, and not dropping us an email. This is the second month in a row [USER] has not delivered on a reoccurring order. SEND EMAILS!!!","[USER] I'm sorry for the troubles with your delivery, Sloan! We don't want you to have this type of experience. Has a reason been provided as to why the dog food hasn't been delivered? Please check spam/junk folders as well. ^AB",2618127,Fri Nov 17 14:58:46 +0000 2017,,,,
421232,833823cd78a16024036d10624f1a9d164dd47491ed43586cc0f953340784c6ae,[USER] can u please help me coz ur bot is broken af [URL],[USER] Hi - have you waited the requested 24 hrs for the issues with Twitch to be resolved ? ^TD,421230,Tue Oct 10 07:56:09 +0000 2017,,,,
940469,03afc2173a9f3b0ef96a0912e2f4ef314a1aa9d2f66d20209aea4edb4c7c2d60,Buscando un cristal templado para el S7 en [USER] me he dado cuenta de que hay muuuuuchas reviews falsas. Avisados quedáis,"[USER] Gracias por notificarnos, Jesús. ^VL",940468,Sat Oct 21 15:36:57 +0000 2017,,,,
2279037,ab0cbe16eb4fb8fdfbc3828ae69327ef98b7a619bd91e4ef8bfbb786a346659e,[USER] [USER] why are your delivery drivers unable to follow simple instructions meaning your prime next day delivery service is actually a 2 or 3 day later service? Last 7 deliveries with prime have gone the same way #WhereAreMyItems?,"[USER] I'm really sorry to hear about the recent issues with your parcels! At your convenience, please reach us directly via phone or chat so we can look into this issue with you: [URL] ^BV",2279035,Sat Nov 11 19:08:44 +0000 2017,,,,
551968,059297c8d7dae1b35222f2f107615aa5cdf861d60bb4a19849fc87a001935813,"Salut [USER] , comment on fait pour vous contacter quand on attend un retour de réparation depuis 2 mois ? Zéro moyen de vous demander ce qu'il se passe avec ma commande depuis la page dédiée. [URL]","[USER] Bonsoir Méa, navrée d'apprendre cela. Vous pouvez joindre notre SAV via le lien suivant : [URL] ^MA",551967,Sat Dec 02 19:18:35 +0000 2017,,,,
2277508,e622e4fa99841c6a606932838666c49ec79d86a49fe1a59c1ad5dab1b2743f51,[USER] not impressed with your driver opening my front door to put parcel inside my house,"[USER] We'd like to look into this further with you. When you have a moment, please contact us by phone or chat here: [URL] ^AC",2277507,Sat Nov 11 17:58:26 +0000 2017,,,,
1137455,f4bd95539797333bf22ece0ae05f717110972c8896a3d007bd82fa0f743ace42,[USER] my order [ORDER_ID] is ready for shipment for several days now ...,[USER] Please contact our customer service via [URL] Due to data security delete your order number from this tweet. ^DW,1137454,Wed Oct 25 08:13:31 +0000 2017,,,,
2113693,f4bd95539797333bf22ece0ae05f717110972c8896a3d007bd82fa0f743ace42,[USER] why can`t i find all the AmazonBasics products on Amazon.de ?,[USER] Please try this link: [URL] ^MS,2113691,Wed Nov 08 15:15:22 +0000 2017,,,,
371432,a3ffb553872557b3ecf3559117570b797b4ad4ba4ff4eb9110c54557a93c50fe,[USER] oigan! Necesito ayuda..: encargué algo y ya lleva más de 1 semana de retraso... quiero cancelar y mi dinero de vuelta... como?,"[USER] Lamento el contratiempo, Jorge. ¿El pedido fue enviado por Amazon o un vendedor en nuestra página? ^JQ",371429,Sun Oct 08 22:53:45 +0000 2017,,,,
2915896,99f26ca8391c1f55073a8a6b66adab98d0343a24a241a026c640b20e705ba513,finals coming up & my laptop charger breaks so i order another one from [USER] and it comes broken yay 😊😊😊😊😊😊 [USER],[USER] Oh no! Was the item sold by Amazon or a third party seller? ^BA,2915895,Tue Nov 28 23:12:24 +0000 2017,,,,
2342016,732c7c46aa8c820558152b06074529dd17daa2fce1dea875b2af1d065d45552b,[USER] Help me if you can...placed an order on 8 Nov 17 and till now it has not dispatched. Learn from your competitor like Paytm.,[USER] I understand your concern. We ship products to be delivered by the delivery estimates. Could you please confirm if we have missed the estimated date. ^MP,2342014,Mon Nov 13 14:36:54 +0000 2017,,,,
1489417,22c953c0256d1eec1557a5a353e5242177914b1ace65fde2631cc01009defa45,[USER] When will E02 of Young Sheldon be available on Prime Video.Its Nov 3 already!,[USER] the latest movies and TV shows we have available. (2/2)^AU [USER] We will continue to add new content. Keep checking [URL] where we highlight (1/2)^AU,"1489416,1489418",Fri Nov 03 08:48:51 +0000 2017,,,,
561717,cbf2cf924e3ec5d0bcaea52cb1df24fb3253f6ee5c473a84700dfb93a9009e31,"I am fed up w/[USER] Logistics. The delivery employee in this area is horrible! He doesn’t even deliver to the front door. I have talked to the delivery guy, and I have called to complain, no results! I need the number to the management of Amazon Logistics or lose a customer.",[USER] I'm sorry there have been delivery issues. I'd like to get this reviewed by our Logistics team. Please provide more related details here: [URL] ^MG,561716,Sat Dec 02 22:48:46 +0000 2017,,,,
663846,8e477640ebc6e226836e3b6a89125a7250088647dbdbb3d8075ce383724ba68b,AmazonからSMSで請求があった。新手の詐欺みたいなので気をつけて… [URL],[USER] ご承知のとおり、残念ながら悪質な詐欺が増加しているようですので今後もお気を付けください。[URL] を装った詐欺と思われる連絡を受け取った際はこちらをご覧ください。→[URL] SK,663844,Thu Nov 23 01:57:27 +0000 2017,,,,
1200296,70032bc45001cffa14b0afa68a105e1ab2e0be508f39a27997002d18904264cb,"[USER] a big failure...
#worst e-commerce website",[USER] It appears you've had an unpleasant experience with us. Could you please let us know what went wrong? ^AP,1200295,Wed Oct 25 05:19:45 +0000 2017,,,,
721745,d3b7eaee19c40ce1e80df5d695d545f797ea09c6b0e5c8be7a166c96e524c49b,[USER] three chat sessions and a phone call and my order and refund are still messed up. help plz,"[USER] That's not the experience we'd like you to have. Without posting personal info, can you please tell us what's going on? ^JM",721744,Wed Oct 11 01:50:22 +0000 2017,,,,
2856573,d8f6d7ead5bf9f1e951cf79b2209d68d866c8bd2f244a6136c753d44591663c3,"Ay [USER] , could you not play fuckin' hot potato with my ram sticks please? And can you not give me a date, and then not deliver on that date? This is the second time. I kinda need it to progress with my sht. [URL]",[USER] I'm so sorry for the difficulty! What was the date given in your order confirmation e-mail? ^MH,2856571,Mon Nov 27 21:34:03 +0000 2017,,,,
1903410,08e5ab832a8f63556873d874c291d51d28c737ad79111c8491bb061e8b975076,FANTASIA es llegar a casa de trabajar y ver que [USER] Me ha entregado ya mi colección de John Waters cuando hice el pedido ayer [URL],[USER] ¡Que sueño esa colección de John Waters! ❤😱✨ ^DA [URL],1903408,Wed Oct 18 13:35:01 +0000 2017,,,,
238783,05194f5599bccd42c2bc53264986f42e703c4dd8ed1ffde2234f1c500ad0bcd1,"[USER] so it appears I am supposed to use Amazon.fr because I live in Belgium? How can I change the language, like on Amazon.de, pls?","[USER] Hello,it is not possible to change the language on the French website, but we offer help in English [URL]",238782,Tue Oct 03 14:06:17 +0000 2017,,,,
836824,89dcc9615ca4a8334dc35565e2689a50b01a8c0886fde9d3f395b4b5aed3d5fb,[USER] il y a maintenant 7 jours que je devais recevoir mon colis et aucunes nouvelles même pas de détails du suivi ... déçue [URL],"[USER] Bonjour, désolée pour ce retard, s'agit-il d'un article vendu par Amazon ou un vendeur tiers?^ASZ",836822,Fri Oct 13 09:39:18 +0000 2017,,,,
2669301,0c54f60eab194723a63332ec411e8933ace657494255cf33a78da08441aca178,[USER] what’s the complaints procedure? So disappointed in the service and now my order won’t arrive in time 😩😩,[USER] Hi Claire. Can you contact us via the below link please: [URL] we can look into this further with you. ^NV,2669300,Sun Nov 19 10:38:17 +0000 2017,,,,
377044,506f2f9454905ed333f45825bc99385f7cd491cc5b0f83baee50d6f7175c00ad,[USER] Multiple Prime shipments have missed their “guaranteed” delivery date this week. What gives?,[USER] I'm sorry for the trouble! Can you confirm if there seems to be a common carrier: [URL] ^ST,377042,Mon Oct 09 02:44:33 +0000 2017,,,,
1398361,0b7bff5135616dfbc76fdbb7cec252758f080cf332008b6f74b9f174f26aa9dd,[USER] Are you having trouble in UK? [USER] [URL],"[USER] After you enter the characters shown, are you still not able to access the site? Are you getting another error message? ^FJ",1398359,Mon Oct 16 16:07:42 +0000 2017,,,,
1585025,38e83963a6cc3ceb124f15783e1aa79c6e474185d477d35df558e9cb50667013,Hey [USER] who do I complain to about your delivery services? Scheduled pick up on 13 oct and it still hasn’t been picked up!,[USER] Sorry for the trouble you've had. Have you escalated this to our support team here: [URL] for assistance?^MM,1585024,Tue Oct 17 07:19:09 +0000 2017,,,,
1986364,fd6811a7e3dad4df11102c28379c3871582e4b5131d82d2c1cb129f769a522aa,[USER] sei una merda assurda ti odio quando mamma torna a casa annullo il mio ordine ti odio crepa adesso,"[USER] Ciao, che succede? ^GD",1986362,Wed Oct 18 18:43:47 +0000 2017,,,,
684707,e02d32504fa213f29912bef02aadc918434f6ccef84cec0963700c2eabe9e0ee,[USER] Podia rolar um desconto de BF no Kindle Paperwhite 😍,[USER] Oi Dvd. Visite nossa página para verificar nossas promoções e faça festa! 🎉😁[URL] ^VL,684706,Thu Nov 23 12:32:43 +0000 2017,,,,
686657,5ee1a924390cf45bb1779338fe30d9d8f92d734565de50b7c14e258dcf0538b7,Awful [USER] right now. Item delivered that’s faulty. Try to return and label won’t cover cost of the package. Then in chat with customer service and they disconnect 😡 #HelpPlease,"[USER] Thanks for reaching out to us! We can help! For more information on our returns policy, visit us here: [URL] ^TK",686655,Thu Nov 23 13:46:26 +0000 2017,,,,
1152577,2b3a1923d9b89d32823ad3e8c3cb33e6d74cd34413807068b84d71ba740e5e8b,[USER] pls stop using canada post as a carrier they never deliver anything they just leave slips to pick up if I wanted that id go to store,[USER] I'm sorry there have been difficulties w/ this carrier. Please provide feedback via e-mail here: [URL] ^JF,1152576,Tue Oct 24 17:17:16 +0000 2017,,,,
363718,144af93167e1192d6a4447c97d16601f45da9aec010160366955c1a6e86ccd91,i will nvr order anything from [USER] anymore 😠,[USER] Looks like you've had an unpleasant experience with us. Please let us know what went wrong. We'd like to help. ^VN,363716,Sun Oct 08 14:36:31 +0000 2017,,,,
2528235,12aded10273b09b2a7d9a4869243526ffb783baa32a1d78aac1a65bdea928ab8,"出先から帰ってきたらアマゾンエコードット届いてた！
聞き取り精度かなり高い！感動！面白〜い(*´-`)
#amazon alexa [URL]",[USER] |ω・).｡oO( ありがとうございます！） SK,2528234,Thu Nov 16 05:27:33 +0000 2017,,,,
2380842,f719eebdd682b97e2dc1f251fc0fa1eebe1224dc8212b599219091e909f33053,"I am beyond LIVID! What is the point of Amazon Prime when your order is going to be a week late? Literally BULL, [USER] [URL]",[USER] I'm sorry your order is delayed. Unforeseen circumstances can cause delays. Have we reached out to UPS to find out the reason for the delay? ^BE,2380840,Tue Nov 14 05:15:23 +0000 2017,,,,
1737602,35cb5a47e0a2afed2a61eda93f41f4a8e65e5c0d807f3efd56a976343bc1aa38,"Hmm, bei meiner #XboxOneX-Bestellung funktioniert die Lieferverfolgung von [USER] nicht. Hat noch jemand dieses Problem?","[USER] Bei Fragen zur Lieferung, melde dich bitte bei meinen Kollegen, gleich über: [URL] Viele Grüße ^TR",1737601,Tue Nov 07 09:53:44 +0000 2017,,,,
1015656,280623f3e9657bd57860fa169fa7d504c9c6691e29dc93b2d2ca0cc8405ac761,[USER] I've now have two Amazon deliveries go missing. I've officially lost faith in Amazon and the [USER] #CustomerService #lostmail,[USER] Oh no! So sorry for the poor experience you've had! Please contact us here: [URL] so we can assist ^AD,1015655,Sun Oct 22 18:59:05 +0000 2017,,,,
2710859,280623f3e9657bd57860fa169fa7d504c9c6691e29dc93b2d2ca0cc8405ac761,There's a reason why I don't order much from [USER] anymore. They can't deliver for shit.#amazon #DeliveryDriver #sundaydelivery #daywasted [URL],"[USER] I'm very sorry for any frustration, Keith. Have we missed a promised delivery date provided in your order confirmation e-mail? If so, what is the latest tracking showing here: [URL] We'd be happy to assist in any way possible! ^SK",2710858,Mon Nov 20 02:02:45 +0000 2017,,,,
144125,b3c4ee32dfbb4e7d252f3d41738a6981b8d752084f26ac45b3163a7657bada15,otro repartidor hiper majo de amazon qué está pasando,"[USER] Hola Javier, ¿cómo te podemos ayudar? ^FZ",144123,Fri Nov 24 13:31:34 +0000 2017,,,,
2861934,4573f892bf366e91c2bff17210cf9e00df3258119f16a16cd6d95246ce89f77b,"[USER] Once again your delivery person threw pkg on porch, didn’t ring or knock! Lazy. Horrible delivery service AGAIN! 
[URL]","[USER] I'm so sorry your package was thrown! Was anything damaged? Also, we'd like to escalate this to Amazon Logistics for their investigation and correction. Please send us more detail here: [URL] ^AM",2861932,Mon Nov 27 23:06:43 +0000 2017,,,,
2527610,7e0c39800c76d7a8b4492b0e70e2594992748b064fdb9c4b81a290f160d1470e,It’s your move [USER] [URL],"[USER] Hi there! Thanks for reaching out. If you have a moment, please contact us by phone or chat here: [URL] so we can look into this with you. ^LH",2527609,Thu Nov 16 03:59:59 +0000 2017,,,,
522502,685b8037e7ef5c5deb8e6568fdeb62e41058361aa63a184b5d64c056c73435b2,[USER] #Pantry is here already ! Love your service ! But y taking charges from Prime members man ! [URL],"[USER] Appreciate your interest. Thank you for trusting us. There are certain sellers, who will charge for shipping certain order. We will consider this as feedback and ensure to pass it on internally for improvements. ^RW",522501,Sat Dec 02 04:03:03 +0000 2017,,,,
977316,685b8037e7ef5c5deb8e6568fdeb62e41058361aa63a184b5d64c056c73435b2,Hi [USER]  - I still haven't got my prize iPhone 7 and it's been more than 10 days now. Plz help what should I do ? [USER] [URL],[USER] We've responded to you via DM please refer. ^AG,977314,Sun Oct 22 04:19:34 +0000 2017,,,,
1193403,dcf5bc5e81094793a45829eed170917e74f0e666b08681846b1c15e0700c0ec8,[USER] my account has been locked after a password attempt. I then made a new password to log in but it says it's still locked,[USER] Uh oh! I'm sorry your still locked out! Have you received an email from an account specialist requesting more info? ^CN,1193402,Wed Oct 25 01:05:30 +0000 2017,,,,
150578,b4b812bed921fee6d2e6b00dcea8dfbcb4f4a52bdd81fa43a94129600d4cdc00,"[USER] [URL] long does the return process usually take after receiving items back? I sent back 3, but only received refund for 1 so far.",[USER] Good morning! It may take up to 2 weeks for us to receive and process your return. ^LI,150577,Fri Nov 24 15:19:06 +0000 2017,,,,
551846,3f3b6b100cf87d73aea01c921306b2b3d03769281b378eff9b95be80b4567261,"[USER] Hi, if I'm on the page where I'm just about to confirm an order, is there anyway to change my mind and continue shopping?  I can't see a ""continue shopping"" link, & if I do the back button, it takes me out of the web site.  thanks",[USER] Great question! Are you using the mobile app or a computer for your shopping? ^AC,551844,Sat Dec 02 19:35:11 +0000 2017,,,,
2405099,1bea48a788108efb870eb58b3c812e927f16a4e952546c59d84c1622c51e1c91,[USER] [USER]  have been trying to contact prime chat based help for 30mins no response nothing,[USER] I get your concern. You can get in touch with us here:[URL] so that we can assist you accordingly. ^MN,2405098,Tue Nov 14 14:49:23 +0000 2017,,,,
2265488,4ae182ac2c7fe2c2a408da81279c41c1c5b29a977235d61cb77a1cc31cad450c,Team [USER]  my return order picked up on 31st but no update of refund after 11 Days..,"[USER] Our apologies for any trouble. A return usually takes 5-10 business days to reach the origin. If we've missed on the timeline, please reach out to us, here: [URL] ^AR",2265487,Sat Nov 11 04:48:38 +0000 2017,,,,
1563549,952213c99a7b312eef52b6603151b997edfebc67bc387d06c8a50056358cfeae,"[USER] 
Repeated selling of damaged goods by Bagaria Enterprises on Amazon. Asked for refund. Useless seller. Process the refund. [URL]",[USER] I'm sorry to hear that you've received a damaged item. Please contact us via [URL] and we'll look into it. ^AM,1563548,Sat Nov 04 10:49:15 +0000 2017,,,,
1420501,ea32a28a6cae31b9f8c0a12770b9f46e2ee82f3e4ba401acbe74e66bb776740e,[USER] hello my account won’t let me be a prime membership can you help?,"[USER] I'm sorry for the account trouble, Kimberley! Are you getting an error when trying to sign up: [URL] ^SD",1420500,Mon Oct 16 17:46:17 +0000 2017,,,,
2460730,ea32a28a6cae31b9f8c0a12770b9f46e2ee82f3e4ba401acbe74e66bb776740e,[USER] so I’m paying £7.99 for prime! So I order this yesterday and should be coming today now it’s saying it’s going to be late?! [URL],"[USER] Apologies Kimberley, there is still time for your order to arrive on time. Do you know who the carrier is? ^BD",2460729,Wed Nov 15 07:22:19 +0000 2017,,,,
2461308,ea32a28a6cae31b9f8c0a12770b9f46e2ee82f3e4ba401acbe74e66bb776740e,[USER] have dm you,"[USER] Hey Kim, thanks for that, we will look into it when we receive the DM. ^AS",2461307,Wed Nov 15 07:38:39 +0000 2017,,,,
1338614,f3e7c1bdbdf43bf91875e012d1bf1b4e5ddd861a74de5d35489e6d95f9dc3f2e,"[USER] salve, avrei bisogno di aiuto con un acquisto. ho comprato 2 cose ed è arrivata solo 1. online appare che la consegna è completa.",[USER] Mi spiace! L'articolo che manca è spedito da Amazon o da un venditore terzo? ^FS,1338612,Mon Oct 16 13:11:15 +0000 2017,,,,
2395816,749650581aa7bc406e0bcb41e0171f0565903d074af88571cd8f2b1f8e796d3d,[USER] Eure 1-Tages-Zustellung funktioniert aber auch nicht so ganz nach Belgien. Hat bei mir immer mindestens 5 Tage gedauert.... Zu lange...,"[USER] War der Artikel als ""Versand durch Amazon"" gekennzeichnet? Welcher Liefertermin stand in deiner Bestellbestätigung? Liebe Grüße ^MF",2395814,Tue Nov 14 12:11:57 +0000 2017,,,,
293778,a1aef5d312c92de03c55cee62f2685b1482db3a9ab218dc7a62a64ecfc49037d,"[USER] Hello, I've just taken up a prime free trial, if I cancel now will my free trial continue until the end of the 30 days??","[USER] Yes, you should receive the rest of the 30-day trial. Happy shopping! ^LB",293776,Fri Oct 06 17:12:48 +0000 2017,,,,
2986439,dce2f685f3ca8324fb780c149dc900fedf6d2c1897f94c9974649ce2d5abf451,Yo [USER] really has the best customer service,[USER] We also have the best customers!👍 😁^CN,2986438,Thu Nov 30 07:21:00 +0000 2017,,,,
1581985,bba2c6b35e2ccefe9fb166facb2986ee1f5556838f369a94cd36411509771aa7,someone please explain this to me [USER] was in front of my house walked up2my house but then went back to the van and said he has to come,[USER] That is really odd! I'm sorry for any trouble. We'd like to look into this- have you received your package? ^BL,1581981,Sat Nov 04 20:04:35 +0000 2017,,,,
1583672,bba2c6b35e2ccefe9fb166facb2986ee1f5556838f369a94cd36411509771aa7,my Qi chargers just came from [USER] still waiting for the tech 21 cases from [USER] which where supposed to be here Friday,[USER] I'm sorry you haven't received your order yet! Please reach out to us for available options: [URL] ^JP,1583671,Sat Nov 04 20:30:10 +0000 2017,,,,
829551,b1dd61da9826ddda7e4a0ba5a3915d565386c556bf6fb2f2ea1e1363564c7414,I can’t find a solid answer. Will #Alexa’s hub work with #Lightify? [USER] [USER] [USER],"[USER] We're happy to help! Just to clarify, is there a certain model or product you wanted to check compatibility with? ^BH",829549,Fri Oct 13 03:07:47 +0000 2017,,,,
1033038,b1dd61da9826ddda7e4a0ba5a3915d565386c556bf6fb2f2ea1e1363564c7414,"[USER] how is mine delayed, but I can order another for delivery today? Should I cancel and rebuy? [URL]","[USER] The most accurate delivery date would be at checkout. Have you placed it in your cart & added shipping address yet, Nolan? ^FR",1033036,Sat Oct 14 18:21:19 +0000 2017,,,,
2761748,b1dd61da9826ddda7e4a0ba5a3915d565386c556bf6fb2f2ea1e1363564c7414,Did [USER] just discontinue station streaming on [USER]? My usual “play smooth jazz everywhere” lead to “I couldn’t find any smooth jazz songs”. WHYYY [USER],"[USER] That's odd! Try phrasing it, ""[Wake word], play the station Smooth Jazz"" and keep us posted! ^MV",2761746,Tue Nov 21 06:27:34 +0000 2017,,,,
1561569,302f63ce9d3e06197886d60ac02151348ec38f3361f2f3c4b1d819499460e054,[USER] this is how your driver delivered my package today... WTF [URL],[USER] I'm sorry for this issue with your delivery. Who was the listed carrier for this order: [URL] ^DO,1561566,Sat Oct 28 21:49:35 +0000 2017,,,,
2802366,797220679a409fde5738a18541c09039deafbb71b71c223e8fc66e24a7d599d6,Love how [USER] is holding my refund hostage. Item marked as delivered but never made it.,[USER] I'm sorry for the trouble! When was the item marked as delivered? You can check here: [URL] ^LJ,2802364,Wed Nov 22 01:09:52 +0000 2017,,,,
2431114,1bfce86c5a51a2e621b75893b6775436e58b796a4fae37fa0b3f85ad2a7ab224,[USER] The watchstrap I ordered is massively over packaged. Not only a waste of resources but meant something that would have fitted through my letterbox had to be left with a neighbour. [URL],[USER] We're always looking for ways to improve. Please provide your packaging feedback here: [URL] ^AG,2431113,Tue Nov 14 20:57:53 +0000 2017,,,,
1082333,32e954a36d09f8dd3bcf646a66cec9da854ce950ffd073e1f718f78add2abd9d,Parece que hoy la compra de [USER] me la trae la Cenicienta :D [URL],[USER] 😂 Aunque parece que el hechizo se acabó antes de la medianoche. 😄 ^JQ,1082332,Mon Oct 23 20:03:30 +0000 2017,,,,
2509268,58174a87629520223f58bcd0853075bc78a8f7ab7308eecb89ddc5ad9466495f,Weird call with [USER] today. Package didn’t come. They blamed [USER] - rep tried to say it was wrong address AND both blamed mail man. My address was listed 100% right on tracking. What gives?! Rep promised extra month of Prime for error but I received no confirmation 😡,[USER] I'm sorry to hear about the delivery issue you experienced! Did you make sure to check your spam or junk folder for the confirmation e-mail? They are sometimes routed there by mistake. ^JS,2509267,Wed Nov 15 22:08:45 +0000 2017,,,,
802394,99fae74799dfb6edb862cf42723009ef2c1074b98bb91ac39043e3ed1fb05cee,Delivery agents routinely mark package delivered without actually delivering to fake SLA. #Cheating [USER] [USER] [USER],[USER] Sorry for the hassle. Please report this to our support team here: [URL] and we'll check this. ^HN,802392,Thu Oct 12 16:15:15 +0000 2017,,,,
2595463,46c0b418a2644c0b1b3db5eed117a68bb1a0902d6d2183bf2688fb8cd4a35c29,[USER] is prime music down at the moment in India?,"[USER] There seems to be no issue as such. However, if you're facing any trouble with Prime music, kindly report this to our support team here: [URL] & we'll have this checked right away. ^EM",2595461,Fri Nov 17 03:14:02 +0000 2017,,,,
1097838,85bc3bb629a518c0453bdccdd5db661ee0291304a53cef733f3a1b80d0a20bb5,[USER] [USER] J'ai jamais vu des subs aussi mal timé que sur gunslinger stratos tout etait decalé :( dire qu'on paye pour ça :s,"[USER] Bonjour Sebastien, désolée pour cela. Je vous invite à le signaler à notre SAV via le lien suivant : [URL]
^SM",1097837,Sun Oct 15 06:04:34 +0000 2017,,,,
311048,198d54500dfcda96e538fd84d01f33b432abb8bae25dce9f13f784e75b120e91,[USER] i don't know why you put restrictions on adding of money in Amazon pay. Help me to out this my id is __email__,"[USER] Please don't provide your account details, we consider it to be personal information. Our page is visible to the public. ^KA [USER] We can't gain access to your account via Twitter. Please connect with us here: [URL] for assistance. ^KA","311046,311056",Sat Oct 07 01:57:28 +0000 2017,,,,
2299525,9e3a9dfed1b55c3d47947536ca2f9342b20d8948b2f393f9a1b746f775d7b70b,[USER] why do you use usps for shipping they suck and are unreliable,"[USER] I'm sorry for any troubles, Sarah! Without sharing order details, are you experiencing issues with a current order? ^AB",2299523,Sun Nov 12 15:58:49 +0000 2017,,,,
270903,d555c0db6758b43eac19ddcd5c35acf5423a28db7fb58f773e2f3dfd36ce84aa,[USER] please tell me how to sign in so my tv knows I have prime. It wants to charge me for all the prime movies that should be free,"[USER] Hey there! Have you tried deleting the app and then reinstalling it? When the app starts, sign in using your account info. ^GM",270901,Fri Oct 06 01:57:28 +0000 2017,,,,
1723839,f380942a5d7f4da37d60fccaefe79ed2ac7f3e21ed88a37a39d398d09ab24f5d,Finalmente è arrivata la Fire TV Stick di [USER] anche in Italia! 📣,[USER] 😀 ^GA [URL],1723838,Tue Nov 07 09:12:23 +0000 2017,,,,
1386464,768874e2ecc11a93a55accf245a4a2bbed4ab0db8d006c695d6fdeeaa71da971,"Gott, das Amazon Video Layout ist sowas von großer Rotz, wie soll man da bloß was finden...?","[USER] Danke für dein Feedback, gebe ich gerne so weiter. Hast du denn Anregungen, wie es dir besser gefallen würde? Lieben Gruß ^NW",1386463,Tue Oct 31 20:31:29 +0000 2017,,,,
1335078,f49e4e148377b075a146aba37a66fd7bd14ed1a2ab33753dbe81b6c2864d00ed,[USER] Order #[ORDER_ID]: Ordered [USER] Redmi 4 & got an amazing surprise. #AmazonGreatIndianFestival [URL],"[USER] Please don't provide your order details, we consider it to be personal information. Our page is visible to the public. (3/3) ^MO [USER] That's unusual. We're sorry about the experience you had with the order delivered. Write to us (1/3) ^MO","1335077,1335079",Mon Oct 16 12:25:32 +0000 2017,,,,
809422,74724fe093a878299e2cd17d3b0b836bb709c8a30da80632ce0aaf32e463ba8f,"[USER] please stop [USER] digital services charging me for gifted Kindle music, your CSRs say get lost.","[USER] This isn't what we hoped for! When speaking to customer service, what did they advise when you reported these charges? ^KJ",809421,Thu Oct 12 18:29:36 +0000 2017,,,,
2299516,ce1d5abaaeaab8108eb7f52ddd1f793c241a5cb917f80e206865cdba033026e4,"Hey [USER] I’m still waiting....
[USER] I’m still waiting.... [URL]","[USER] Hi there! Deliveries occur until 21:00. Keep us updated, Samantha! ^AB",2299514,Sun Nov 12 15:59:12 +0000 2017,,,,
2578419,7d98ebb33134bf5b9691691988c5e44b69d8676f5eb7b5b86bcea152a0f9e06b,"[USER] I'm a prime member, but my prime order doesn't have an option for free 2-day delivery. What gives?","[USER] That's a great question! Some items, even when in stock, take extra time to fulfill. Once the order is fulfilled, the item should arrive within two days of when it's shipped out.​ To clarify, Is the order you placed shipped by Amazon or a seller on our site? ^SE",2578417,Thu Nov 16 21:55:43 +0000 2017,,,,
1542073,8f4da4ab7cc78b5ad630aeaba09333200212bbadd4a98decb18200a77eabf3ac,[USER] Prime and #AmyShermanPalladino have absolutely KILLED it with [USER] It is hands down my new favorite show!! 🎉🎉🎉  #AmazonPrime #MarvelousMrsMaisel [URL],[USER] We're happy you like it! 😊 ^MV,1542072,Fri Dec 01 02:34:42 +0000 2017,,,,
1319877,dd4cf29d536c2467c729fc18f14d8e308370909c98b4fc8fab133e7426e4f217,"Bon, ça y est, le syndrome des colis [USER] non livrés est également en train de s’abattre sur moi. Tristesse.","[USER] Bonjour, je suis désolée d'apprendre cela. Rencontrez-vous un souci avec une livraison en cours s'il vous plaît ? ^FA",1319875,Fri Oct 27 08:46:17 +0000 2017,,,,
354456,9ff004c7fcf40fab3a5d29adfadffc2969725f7a05ab7a6eb8302cd73ee2572e,"[USER]  Where d hell is my package, it's showing as it is in Chennai frm day1. Plz stop fooling around Amazon. [URL]","[USER] Please don't provide your order details, we consider it personal info. Our Twitter page is visible to public. ^NR 2/2 [USER] Sorry to know your order isn't delivered. Kindly fill in your details here: [URL] I'll look into it. ^NR 1/2","354455,354457",Thu Oct 12 01:03:26 +0000 2017,,,,
2799308,381c320d5369a8de8092d48c3482c4a8f3d40513bd441d5348884712f5abf7bc,"Hey [USER], did you know that the ""Literature & fiction"" filter under the ""Fiction"" sub-menu in your Books department actually brings up ""Erotic literature & fiction""? No, nor did my 12yo daughter. My lawyers will be in touch... 

(Joking, but better fix it quick, eh?) [URL]",[USER] Thank you for bringing this to our attention! We've escalated this matter to the appropriate team. ^AC,2799306,Tue Nov 21 23:42:22 +0000 2017,,,,
489454,80dc6ad7febe9224d372be1923c55683c64015d6b36d4cd46baaf86fd93da76f,Cómo pude vivir tanto tiempo sin [USER] prime? No lo entiendo.,"[USER] Has descubierto un mundo completamente nuevo, Ximena 💖 ¿Qué es lo que más te gusta del servicio Prime? ^LG",489453,Fri Dec 01 16:24:44 +0000 2017,,,,
128782,136a0dabcef1df3b92dab76781c1c0ac8a994c4453acfe19e845301e059bcaf7,Neta estas si son ofertones [USER] #BlackFriday 😙💙 [URL],"[USER] Nos encanta que hayas podido aprovechar las ofertas 😍 Cuéntanos, ¿Cuáles Funkos compraste? 😄 ^AV",128780,Fri Nov 24 04:44:21 +0000 2017,,,,
769285,136a0dabcef1df3b92dab76781c1c0ac8a994c4453acfe19e845301e059bcaf7,Pedí en [USER] y mañana llegan mis cosas...sigo sorprendida de la rapidez,"[USER] Cumplimos nuestro objetivo, sorprenderte 😊 Eso lo logramos con nuestros entrenamientos, ¿Qué te parecen? ^AV [URL]",769284,Thu Oct 12 06:21:31 +0000 2017,,,,
890888,136a0dabcef1df3b92dab76781c1c0ac8a994c4453acfe19e845301e059bcaf7,Ya llego :3 [USER] [USER] [URL],"[USER] ¡Que emoción, Gaby! 🤗 Nos alegra mucho saber que ya lo recibiste. ^LG",890887,Fri Oct 13 17:19:42 +0000 2017,,,,
1575682,136a0dabcef1df3b92dab76781c1c0ac8a994c4453acfe19e845301e059bcaf7,Soy la persona mas feliz [USER] [USER] [URL],"[USER] Hola Gaby. ¡Gracias por el video que nos enviaste! Nos alegra que completaste tu colección. Son increíbles, ¿no? 😍👏 ^JJ [URL]",1575681,Sun Nov 26 03:19:35 +0000 2017,,,,
2925550,136a0dabcef1df3b92dab76781c1c0ac8a994c4453acfe19e845301e059bcaf7,Ayúdaaaa!!!! Como los contacto para que tenga mi paquete [USER] [URL],"[USER] Hola, Gaby. Lamentamos mucho este inconveniente, puedes contactarnos mediante este enlace: [URL]
^CB",2925549,Wed Nov 29 03:26:21 +0000 2017,,,,
2632939,8b455b00ca19200dc1fc30ca679feae50190a0ceab223f323900fac0cf19793b,What on earth am I paying [USER] for?! Next day delivery on a Thursday is now arrivin Monday! Leaving me completely knackered. Expected better,[USER] I'm sorry your parcel will arrive later than expected! We aim to deliver by the delivery date given in your order confirmation e-mail. Have we missed that date? ^TK,2632937,Fri Nov 17 18:53:47 +0000 2017,,,,
137021,767ef0a17a2da43310563f524fb3b70a97c7eb7f6287db97ad98ee495d9e3eb9,"Any #BlackFridayDeals from [USER] 
#AWS deals",[USER] We're running the Black Friday sale on Amazon Global Store across November 24-27. You may check it out here: [URL] ^JC,137019,Fri Nov 24 09:42:41 +0000 2017,,,,
1153253,3999ebe21f6f8aebdf4a5c64b614f794eb858b62316cda6667d691aec342ff91,"[USER] Hi, wann wird die 2. Folge von Once Upon A Time Staffel 7 veröffentlicht? Normalerweise gehen die Folgen 1 Tag nach US-Ausstrahlung online, also Samstags.",[USER] Uns liegen hierzu keine Infos vor. Bitte behalte die Webseite im Auge. ^BL,1153252,Sun Oct 15 17:42:26 +0000 2017,,,,
980776,53c8f0cbe6d900465687045b2bcccfd65fb168215a44aabcaf76044508e0caf0,[USER] Dispatched but not delivered. No response to mail my or call [URL],[USER] We're sorry for the delay with your order. You may request an immediate call back from us here: [URL] ^HK,980775,Sun Oct 22 06:14:22 +0000 2017,,,,
172224,371743e860411b15dd17f207f0c51b7c3c00117c6f8f6aeca8162a088c39ad85,"[USER] frustrating to get ""order delivered"" text with...no ""order delivered""...then get told...""wait 36 hours""...ugh",[USER] I'm so sorry you have yet to receive your order! We strive to meet the expected delivery date shown in your order confirmation. Who is the carrier assigned to your order: [URL] ^JP,172223,Fri Nov 24 22:29:49 +0000 2017,,,,
2383159,bcb428c0d0a648dfd1804aa37c464b48929c13f273b8cb7620925aa81f6fd8ac,[USER] Delhivery has yet again screwed up and I can't even get in touch. Will probably have to refuse delivery if it doesn't come today.,[USER] Sorry for the inconvenience. Please contact our support team here: [URL] We will look into it and assist. ^GU,2383158,Fri Oct 20 07:10:42 +0000 2017,,,,
942187,37a039f61e01f46a0a6a37a7f319e2b18ce548ff99bf362e0c1d1f0f8f0b6f01,[USER] is there a customer support number I can call on?,[USER] Kindly connect with us here: [URL] we'd be happy to help. ^SG,942186,Sat Oct 21 15:30:50 +0000 2017,,,,
1264500,37a039f61e01f46a0a6a37a7f319e2b18ce548ff99bf362e0c1d1f0f8f0b6f01,[USER] I've been extremely patient with you guys and you are really pushing your luck with me.,"[USER] your details here: [URL] & we'll get this fixed. Appreciate your patience. (2/2)^BS [USER] Sorry for the hassle this has caused, that was not intended. I'd like to have a closer look on this. Please share. (1/2) ^BS","1264499,1264501",Thu Oct 26 12:03:58 +0000 2017,,,,
42558,179300914b2272a3ddac915a79c57329e309b258cdb20eff53d06af43337f78c,"[USER] so frustrated with your customer service. Out for delivery/resched then told packing slip torn, then package damaged.No solution","[USER] Just to clarify, was the package returned because it was damaged or did you receive a damaged order? ^VS",42556,Wed Nov 01 15:43:36 +0000 2017,,,,
2587878,4e64b6c5f4f9157c901ac3626c81395d022ffba1352f8f0307890ba99e49f329,[USER]  ORDER # [ORDER_ID] is my orderID. Worst service I have ever experienced. Shipment didnt deliver and its been a month,"[USER] Please don't provide your order details, we consider it to be personal information. Our page is visible to the public. (3/3) ^RI [USER] [URL] ? (2/3) ^RI [USER] Sorry for the delay. We certainly did not expect this to happen. Have you reported this to our support team here: (1/3) ^RI","2587877,2587879,2587880",Mon Oct 30 17:50:59 +0000 2017,,,,
913834,e450d7b541be5ca41f2e6567be9a51afc86f5476463ce96727b1b6fbd8fa2e1d,"And I haven't got my parcel! Disgraceful way to do business, I shall raise a complaint with the sender, [USER] [URL]","[USER] Sorry you didn't receive your order. We'd like to go over your options, please reach out to us here: [URL] ^CO",913833,Sat Oct 21 08:08:45 +0000 2017,,,,
207636,b7cd4d573c93a7f7d27022d63ba6089205e0b48b2d8e8308e17cb831c8009fd4,[USER] where's ma call of duty?! I pre ordered it to arrive today weeks ago?,[USER] I'm sorry for the long wait; deliveries may take until 21:00 within the provided delivery date. ^SJ,207635,Fri Nov 03 18:09:44 +0000 2017,,,,
545812,c942ec49a8c53507d9287416b0de0161e782ead7574d5cac0d7896b423313b33,"[USER] [USER]  
Had a issue with delivery today [USER] said there was an issue with the address can you shed any light on this. Thanks [URL]","[USER] Hi there, Ann! Have you had a chance to confirm that the shipping address is correct? You can do that here: [URL] If all is correct, please reach us directly here so that we can look into this for you: [URL] ^SM",545811,Sat Dec 02 16:53:34 +0000 2017,,,,
2827303,6c50310a01a41fbf3347a738343b160834668c42241bf51aa6b6f4e73a7b0e0c,"Donc chez [USER] si tu n'es pas membre premium, il y a certains articles que tu ne peut pas commander ? Non mais on va où là ? C'est tout simplement inadmissible! J'ai commandé ailleurs du coup, vous avez perdu une bonne cliente! #FoutageDeGueule [URL]","[USER] Bonjour, je vous remercie de nous avoir fait part de votre commentaire concernant les articles réservés exclusivement aux membres du programme Amazon Prime. Je viens de le transmettre au service concerné afin qu'il contribue à l'amélioration de nos services. ^SB",2827302,Sun Nov 26 18:28:55 +0000 2017,,,,
133894,30637698885214287154b00b9621332bc4d82c47dda48b373f34374d03ffa754,Sad to report that my new OnePlus 5T is not working one day after delivery. Ordered it from [USER] [USER] [USER],[USER] I can understand how it feels when the product does not work. Kindly report it to our support team here: [URL] so that we can assist you accordingly. ^SC,133893,Fri Nov 24 07:19:26 +0000 2017,,,,
761215,bb8d616d5c83ea0b5744965191e6a09783eb048cffa6e96ed8ebab72b7dce57f,Apparently my [USER] parcel has been handed to resident.. erm no it hasn't 😑,[USER] Hm... That's strange! Have you tried these nifty tips to help locate the package: [URL] ^ZW,761213,Wed Oct 11 20:25:21 +0000 2017,,,,
2544934,39c9a8c9f671fd7681af757911104753a564034b31d5bbf6848c1584d66437bc,When [USER] buys you a Christmas present from [USER] and it comes like this with no other packaging. #shocking #amazonruinedchristmas [URL],[USER] Oh no! This is feedback we can use. Please let us know more from here:  [URL] ^CH,2544932,Sun Nov 26 20:04:26 +0000 2017,,,,
277265,b6e528ad7e0a93e9bb7ba8735cef9c39386442927d3bcada30bfaa552adbcfa1,[USER] why the video which I downloaded earlier today is not available. And showing this error. [URL],[USER] That's odd. Could you tell us the title of the video you've downloaded. ^MS,277263,Sat Oct 14 13:30:44 +0000 2017,,,,
612700,b6e528ad7e0a93e9bb7ba8735cef9c39386442927d3bcada30bfaa552adbcfa1,"[USER] November is ending now...you guys were supposed to launch the Prime music this month , as we recieved a prime insider in the beginning of this month. So when can we expect its launch.  #excited","[USER] Amazon Prime Music is now exclusively available with the Echo devices purchase. Further, kindly stay tuned for more updates on its availability. ^VN",612699,Wed Nov 22 13:17:42 +0000 2017,,,,
776133,a22be2d617b5d872e07e4f367f62d25a0ff2c28f37f8a7aa2fcc4fc8c3a37699,[USER] put me in a hella bad mood,"[USER] This definitely isn't what we like to hear! Without including account info, could you tell us more about what happened? ^ML",776132,Sat Oct 07 19:09:11 +0000 2017,,,,
191504,ed58f1949d53553e2e039a312c60c1aa116c316228a94b6ed2af9dd28a93d3d2,So [USER]  whats the deal with #amazonprime? What happened to two days? Is that just a thing of the past? [URL],[USER] I'm so sorry to hear this! We like our customers to have a great experience w/us! Is there anything we can assist with?^FR,191503,Wed Oct 04 15:37:09 +0000 2017,,,,
2532806,ffd767c5d410afe1780c301b629774bc6b23ebad3c1e68b19194aaedbfdd5c57,Shout out to [USER] for sending me an item with dirt and mold and refusing to send me a replacement 👏🏼. [URL],"[USER] I'm really sorry about this, Liz! What options were we able to offer when you spoke with us? ^LB",2532804,Mon Oct 30 12:07:57 +0000 2017,,,,
2643037,da029005a60d55bfc39b786aa91ffacba19d0d795b2670b1a94110954c84c173,[USER] ayy lemme DM you about some shit,"[USER] Please let us know what's going on, JD. We look forward to getting your message soon. ^KB [URL]",2643036,Tue Oct 31 02:40:12 +0000 2017,,,,
2543950,16168207a3cc1fe7fe0734fbeb1edd1426813fe515de2d1d7dcdf057076fa986,Unpleasant exprerience with [USER] . 2nd instance where delivery has been goofed up and resolution after 24 hours is still 24-48 hours away. Refund and replacement is not the only ‘resolution’ . [USER],[USER] I'm sorry about the experience. Kindly share your details here: [URL] and I'll look into this. ^SG,2543949,Thu Nov 16 12:59:43 +0000 2017,,,,
1261867,6117ff39535e2acf671b302b17a4451257c39456adea0cd8478bd7c6ff9cbdc7,"[USER] just received my package and found I've been sent someone else's order have sent a message online, but want to know how what to do",[USER] You can return the item as an exchange at our Return Center. Here's some info on how to do this: [URL] ^MJ,1261866,Thu Oct 26 10:23:34 +0000 2017,,,,
1146913,924d95bdfff530a5e2fefad423817ee075a5dcbeca10379fcc79b2efe95c9fae,[USER]  started scam send fake products to customer it happens with me,"[USER] Our apologies if you've been through any hassle. We'd like to understand more about this and assist. (1/2) [USER] Kindly write to us with more info, here: [URL] (2/2)^YP","1146914,1146912",Tue Oct 24 13:49:42 +0000 2017,,,,
2856750,8704119be26af2b03a95c0554b24167092493422f4284b49c79394fee3f71056,I love when USPS doesn't put a package on the truck and lies that they attempted to deliver because they aren't making Amazon prime's 2 day delivery promise.,[USER] I'm sorry for the frustration! We'd like to look into this with you via phone or chat here: [URL] ^SJ,2856749,Mon Nov 27 20:59:34 +0000 2017,,,,
1772968,dd2bf5494d4428d7e537fd439a0be52da6c330703f5aad846c0ac5ba755f6dad,Google ChromeでAmazonのほしい物リストが表示されない。アンチウィルスとかAdblock系の拡張機能が悪さしているのかと思ったけれど、そうでもない。Chromeのバージョンアップでこうなったみたいだ。,"[USER] ご不便をおかけしております。よろしければ、以下の情報をお教えいただけますでしょうか。
・ご利用のChromeのバージョン
・端末名
・端末のOS
YM",1772966,Wed Nov 08 00:39:38 +0000 2017,,,,
527746,f7b3c1eb3311bbd045fb132e7698cd296189f1e2dffd92ad9ba740b9a7bc2ec8,[USER] WORST ONLINE WEBSITE.ORDERED SOMETHING. DELIVERED SOMETHING ELSE. THIS HAPPENED 4th TIME.ORDER ID 4__credit_card__ #AMAZON CHEATS,"[USER] I'm sorry that you received an incorrect product. Kindly fill in your details here: [URL] and we'll get back to you with an update. Please don't provide your order details, as we consider it to be personal info. Our Twitter page is public.^AU",527745,Sat Dec 02 07:39:55 +0000 2017,,,,
2733898,b2c302e3fdbaa9e8762788c27531cc18eed5248b03de12da46af33de82c3460b,[USER] [USER] have Robert Plant tickets for Perth been dispatched yet? Need them ASAP,"[USER] Hi Claire! I am not able to view your order information over social media out of respect for your accounts security. Most questions can be answered using this: [URL]  Use the ""Contact Us"" link if you still need assistance. ^CH",2733897,Mon Nov 20 16:44:59 +0000 2017,,,,
1414795,b54f080448382d16f973a97bf60237ff45268b4a07d83a3fb4d5e264107eb4ff,There are so many renowned good movies [USER] [USER] doesn't have. Wish I had chosen [USER] instead.,"[USER] Amazon Prime Video will have the latest and exclusive Indian and Hollywood movies, US TV shows, Top/popular (1/2)^SQ [USER] Indian and international kids shows and award-winning Amazon Original shows. (2/2)^SQ","1414796,1414793",Sat Oct 28 19:45:08 +0000 2017,,,,
520664,71278f52f3e461fce90942143f9eb95afe9ee39fd075404f3e69ab64e7605194,i was charged for [USER] prime in July after cancelling my account and just noticed 😐,[USER] Oh no! I'm sorry to hear that! We are not able to see account information in Twitter. Please click here:  [URL] and contact us via chat or phone for further assistance on this matter.  ^TL,520663,Sat Dec 02 03:06:58 +0000 2017,,,,
2652353,81bf32ab5c49fe4a37966347ddb9040e622c7262df137165330735f59452fa43,[USER] whoa! What happened to my prime one day delivery? Correct me if I'm wrong but it's now Sunday and Wednesday is in 3 days 🤔 [URL],[USER] Hi Dave. Delivery times are from the moment an order dispatches. I hope this helps. ^DC,2652352,Sun Nov 19 07:20:19 +0000 2017,,,,
531692,6314d73140b8a5af977e5dcfa997d681c3744aec5a5e2bb5d31a00392cd7d5af,[USER] I'm a Prime customer & ordered immediately a book promoted by you as having dropped to $1.99 only to be charged its full price.  Confused.  Thanks for help!,"[USER] Hi Henry, we do not have access to your account via twitter. Please contact us here: [URL] for further assistance. Thank you. ^AP",531690,Sat Dec 02 10:27:52 +0000 2017,,,,
2863448,35fda443d74615d97d3862b0d4c537052f14a45be5ae85884ca90994b5b483ad,[USER] what the hell happened???? This is how I got my package [URL],[USER] Oh no! Was any part of your order missing or damaged? ^JR,2863446,Mon Nov 27 23:14:59 +0000 2017,,,,
36497,58cbb4d51b6196d38cb74a81a4c116bdb2f7faa458c6ecbfd7f902ff4119c1bd,[USER] Kindle Unlimited website and android app down?? Any ETA on fix?,"[USER] Hi, sorry, can you tell us a bit more about the issue you're facing? ^JJ",36494,Wed Nov 01 14:00:33 +0000 2017,,,,
1358080,70d010bca4fd989aedbbd82f4076d7bd83251904fc2bfbc1f472ba2eaef79337,"[USER] Hey, I need to understand why the tracking shows 2 products at once although they are from different sellers?","[USER] We'd like to get this checked and help, Anirban. Please connect with us here: [URL] ^MA",1358079,Fri Oct 27 19:34:15 +0000 2017,,,,
2338668,70d010bca4fd989aedbbd82f4076d7bd83251904fc2bfbc1f472ba2eaef79337,[USER] I ordered 2 books but the track package page shows only 1. Why so? :/,[USER] Looks like the other book hasn't been dispatched yet. Kindly wait until the estimated delivery date and I'm positive 1/2 ^SH [USER] your order will be dispatched soon and delivered by estimated date. 2/2 ^SH,"2338670,2338666",Fri Oct 20 06:22:03 +0000 2017,,,,
2528287,1301ef431f83a6184cd5664ce54cf6bcab56c52a1b49e693637cf91403bd472f,How is [USER] going to say my package is arriving at 8PM tonight and it’s 9:18 and not here 🤔 update the tracker or something !,[USER] I'm sorry your package hasn't arrived yet. Who is the carrier? If you're unsure you can check here: [URL] ^AY,2528286,Thu Nov 16 05:18:36 +0000 2017,,,,
2511745,28aa369ffd4c97088cefff1c4a7dafde2c49fd730d605311ba3b6cb7545c2c4c,[USER] no tienen de lo que busco😒,"[USER] Hola, sin publicar detalles de tu cuenta. Cuéntanos, ¿cómo te podemos ayudar? ^AA",2511743,Wed Nov 15 22:46:21 +0000 2017,,,,
332443,7ca1082f3a75e0f305095a03ffa1217e1612fda0278638173cad7617a32538bf,.[USER] Slightly excessive packaging here for a roll of sticker! [USER] What do you think? #whatawaste #Packaging #excess [URL],[USER] We're always looking for new ways to improve and would love to document your feedback here: [URL] ^WM,332441,Sat Oct 07 19:00:38 +0000 2017,,,,
811628,7847d81725adda26aa6523989d78c0317b27316b90549e51f06f390bdf242d8c,. [USER] unwilling to provide support for a new product purch. Very poor #CustomerExperience & #custserv,"[USER] I'm sorry for the poor experience! Can you tell us more about the problem? When we spoke, what insight were we able to offer? ^WT",811627,Thu Oct 12 19:22:47 +0000 2017,,,,
272166,ccc899c8fe118895f86da90b21f4970236d3f93e1e976eb19e4390bdb65d916d,"Thanks, [USER], for having your delivery guys leave my package in plain view like this. [URL]",[USER] I'm sorry your order was delivered like this. Please reach us here to leave carrier feedback: [URL] ^CL,272165,Fri Oct 06 03:06:55 +0000 2017,,,,
123400,ed4de0e0c4bd49ae200a0473672de11d61c9fec0cc74354a63a95dee65f3523c,"[USER] you where's my ""guaranteed delivery for today"" package. I just checked and it's sitting in the warehouse. I ordered it on Monday night. By my count today is 2 days. THIS.... Does not look like it's getting delivered does it? [URL]",[USER] I'm sorry for the inconvenience. Please report this to our support team here: [URL] and we'll look into this. ^MK,123398,Fri Nov 24 00:57:54 +0000 2017,,,,
2434960,d1720481fa3cab6ace7ef04ddf67332d0c4ebc46568c266453609f2e411da45a,"[USER] Hi,Last week I've started to use the 7 day free trial of prime and I've already canceled the membership.When I go to ur website it says:(pic1), and yet it steal removed the 3€ from my creditcard. What should I do? [URL]","[USER] Unfortunately, we do not have access to your Amazon account via Twitter. Sounds like an authorisation charge. For more information, please see here, [URL] which can provide more insight.
^AV",2434959,Sun Nov 19 19:13:32 +0000 2017,,,,
2577033,cf349c3951690421ac8c0358dcce6ce9754b9b74d447d668ea4cb5438ae9fd99,[USER] I cannot believe Amazon delivery guy lied about handing the package directly to me. The package was left at a drive away next to my apartment complex.,"[USER] Hello Andrew, I'm so sorry for the poor experience you had with us today! We would like to look into this for you! Please provide your order details here: [URL] ^AR",2577032,Thu Nov 16 21:09:59 +0000 2017,,,,
1380496,f51c714a7387a9dbb57a0d172013a9ca0c408d252adf4119415d1d6fd711d12d,"[USER] I ordered pen drive 16Gb, and I got 295MB space USB #4__credit_card__","[USER] here: [URL] so that we can assist you accordingly. 2/2^SC [USER] Apologies for the mix-up, this shouldn't have happened. Please report it to our support team 1/2 ^SC","1380495,1380497",Sat Oct 28 05:10:40 +0000 2017,,,,
869865,90e135bb5587313e093b9a997ab31ef930897541a89c17aedc031d698376e033,Excessive packaging [USER] #packaging #eco ([USER] ) [URL],[USER] Oh my! Thanks for reaching out James! You can also leave packaging feedback here [URL] to help us improve. ^KL,869864,Fri Oct 20 16:08:39 +0000 2017,,,,
2415996,21868b66a751b9055f13223da6c93a1043c516f612c8fb8464f7cc4c93aef264,[USER] Yesterday I bought a camera. It was a mistake. I dnt want it. Please refund it instead of replacement.,[USER] Have you reached out to our support team here: [URL] for assistance on it? ^RW,2415995,Sun Oct 29 08:24:54 +0000 2017,,,,
1274974,d0aa6b43583e8aa00921f127ff790ec91c7cb3db6fd7fa3a36300d8acf5d2f02,[USER] ORDER # [ORDER_ID] whether I will be getting 10% cashback or not ? Else need to cancel the order. Reply fast!,[USER] Glad to hear the issue has been resolved now. Thanks for keeping us posted. ^HK [USER] Please don't provide your order/account details on a public platform as we consider them to be personal information. ^HK,"1274976,1274973",Mon Oct 16 07:33:24 +0000 2017,,,,
1015659,5f07cfbbdde4fc564f3b7c210c42e1cc3a30a982874a0e65c67a65ee58677eb7,[USER] 😂des bars ! [URL],"[USER] Bonjour, est ce que vous cherchez des informations supplémentaires sur un article ? ^RA",1015657,Sun Oct 22 18:54:40 +0000 2017,,,,
1406785,4bd6437eb67a84b2a356ad38283f08efd6d188dccd6ae3f4e9a8bcbc5e9e3c98,"Gente do céu por isso amo [USER] ,comprei na quinta passada e hoje já chegou 😍 #comprinhas… [URL]","[USER] Olá, Nachos! Corremos para entregar os pacotes bem rápido! 🏃 Me diga, qual deles você vai ler primeiro? 📚✨ ^CR",1406784,Tue Oct 31 20:23:57 +0000 2017,,,,
2910418,4bd6437eb67a84b2a356ad38283f08efd6d188dccd6ae3f4e9a8bcbc5e9e3c98,"Mas tenho que dar os parabéns pra [USER] , comprei sexta-feira de tarde e hoje quando cheguei do trampo já tinha chegado minha caixinha da felicidade","[USER] Olá! Agradecemos seus comentários. Me diga, quais produtos você comprou no nosso site?. Ficamos curiosos. 😍📦💕 ^NB [URL]",2910417,Tue Nov 28 21:08:12 +0000 2017,,,,
528284,b373718528ef438ec12f4489dd177e4eae2f92886d683ed44c56d2f0901ee6d7,[USER] your iOS #Amazon app is showing wrong prices in the #wishList as compared to actual prices. #annoying Please fix!,"[USER] In most cases, uninstalling and reinstalling the app should solve this problem. If the issue continues, please let us know.^BZ",528281,Sat Dec 02 08:28:24 +0000 2017,,,,
2457065,0d08238a0b685ea21c7c98809647b8608571bbfafc47a8072b501c2e0139ff1e,"[USER] VERY BAD SERVICE OF #AMAZON PRIME SERVICE 
THIS ORDER IS SECOND TIME UN DELIVERED WHICH IS ALREADY PRE-PAID AND AMAZON CS ARE REFUSE TO GIVE ANY ANSWER AND HELPLESS.
 [USER]  PLEASE DO THE NEEDFUL.
ORDER # [ORDER_ID] [URL]","[USER] Please don't provide your order details, as we consider it to be personal information. Our Twitter page is visible to the public. (2/2)^AU [USER] I'm sorry we'll not be able to reinstate an order that is returning to the seller. Kindly place a fresh order and we'll ensure a smooth passage. I'll also pass on your feedback to the concerned team internally so that they can have a look into this.(1/2) ^AU","2457062,2457066",Wed Nov 15 09:08:41 +0000 2017,,,,
2564037,f87c0625fb193771e11522161a702d3e2fd069092e687f658f4fc71ab51840bf,"[USER] So, if I order an item with Prime “2-day shipping” on Thursday at 1PM EST, why is it guaranteed to be delivered by the following Tuesday?? That’s NOT 2 days. That’s not even 4 days. It’s Prime 5-day shipping! You’ve been slipping for awhile now, #Amazon. Get it together!!","[USER] Prime Two-day Shipping refers to the amount of time it takes an item to reach you once it actually ships. This does not account for processing time, as some items may take longer to process and procure. More info can be found here: [URL] ^NC",2564035,Thu Nov 16 18:10:50 +0000 2017,,,,
2703153,ff3cae48404c1bc910f02252d200933e86f5519434c733c8760f8f8f4f4e9b11,[USER] you've sent me a push notification every day for a week reminding me I can buy an Echo. I don't want one. Stop it.,[USER] I'm sorry to hear about this. Which device are you getting these notifications on? ^JS,2703152,Sun Nov 19 21:30:47 +0000 2017,,,,
1548229,6ea0245be7eeec60754b7ef1c042d6fde8b6da29a293798c6d01a128776bddc6,[USER] [USER] not sure why I ordered on thurs with next day with prime yet I got a email at 6am to say it will be delivered today.,"[USER] Sorry to hear this. When you ordered it, did it advise delivery for Friday? ^PK",1548227,Sat Nov 04 08:08:18 +0000 2017,,,,
2105789,6ea0245be7eeec60754b7ef1c042d6fde8b6da29a293798c6d01a128776bddc6,[USER] I've had a email to say my parcel has arrived but it hasn't?,"[USER] Oh no Amy, did you place your order with [URL] ^ES",2105787,Wed Nov 08 13:10:31 +0000 2017,,,,
2289948,275bf510feb07c638eddf5e3be3e184d707d9c85dcdc749b13d1b8479c827492,kindleってamazonアカウントで買う感じか？,"[USER] いきなり失礼いたします、Amazonです。ツイート拝見いたしました。
ご認識のとおり、ご購入いただいたKindleコンテンツのライブラリは、ひとつのアカウントに紐づきます。アカウントに登録の端末やアプリで、共有してご覧いただけます。 RI",2289946,Sun Nov 12 06:08:24 +0000 2017,,,,
2663224,afd8a0ca1f3d9382f8c96c7ab02dbb535acf4d3e27425360fee140b80bb9888e,"[USER] Bit stange that you ask me to review my package first, to hours later tell my the package is delayed. 
Package review: not here...","[USER] Hi, sorry to hear that. What's the status of the tracking: [URL] ^JJ",2663222,Tue Oct 31 06:53:14 +0000 2017,,,,
21012,ed3050fc15936eceb7e5585c9db410f3d38d05a1e823d801b5fc85d72894653e,Absolute disrespect and indifference to the customer by #amazon #amazonIN . Cheating the customer seems to be the policy of #amazonIN,"[USER] We're sorry to hear that, Anand. Could you please tell us what went wrong so we could check? ^HK",21011,Wed Nov 01 07:10:17 +0000 2017,,,,
421215,dc49dbd9d0eb74ea654908d806eccd3ddd81f9b1f6eae60e7dbd5bf5e276189b,"[USER] I bought amazon basic iphone usb and it stopped working after 3 days.As it was working fine,i threw the box. Can i still return it",[USER] Please reach out to our support team here: [URL] and we'll be sure to assist. ^SA,421214,Tue Oct 10 07:46:43 +0000 2017,,,,
1338742,028949978a2be0a1ef76a94f5f345531e9aba2d18187bc4903cc9a2d1f272613,[USER] not received last 2 shipments of unfulfillable inventory and no help from seller support. Is this intentional?,"[USER] Certainly not! Our apologies for the trouble. Did you happen to report this to us, here: [URL] ^YP",1338741,Fri Oct 27 14:48:42 +0000 2017,,,,
2154226,028949978a2be0a1ef76a94f5f345531e9aba2d18187bc4903cc9a2d1f272613,[USER] seems like u stopped replying to sellers. Case open for last 1 month and no solution yet. Easy ship has become hard ship.Always fake promises,"[USER] As a part of customer service team, we'll not be able to address seller related concerns. Also, we have already escalated this with the seller support team and they shall definitely get back to you in regard to your concern. ^SG",2154224,Mon Nov 20 15:44:51 +0000 2017,,,,
1209131,a7f5a27a12f18608d2c6d0ac156fbb629f5d1e1a7d980487ab21812a4328f55f,[USER] #amazonPrimeVideo à quoi bon me proposer des films ou séries pour me dire que je ne peux pas les voir ? #ps4 #amazon #amazonPrime [URL],"[USER] Bonjour, désolée pour cela, je vous suggère de contacter notre SAV afin de vérifier, via: [URL] ^FT",1209130,Wed Oct 25 10:42:09 +0000 2017,,,,
394870,b2e80adde5cefa9f85c0d338c8ce038fc2b33cdb3dd83e02da4090ab04846dc9,[USER] #doing_fraud in refund. You can't give back refund and cancel order without permission.,"[USER] I understand your concern regarding a refund. Just to confirm, are you referring to  a refund for a canceled order or is it for a returned product? Also, when an order is canceled, it is followed-up by an email with the cancellation reason. 1/2 ^AP [USER] Please check for the same. 2/2 ^AP","394867,394871",Sat Nov 25 04:58:00 +0000 2017,,,,
810781,daaafc57a56332bde19bf33025555e9554f7487b12e5351b664553f3feadf0c4,I placed a return request & it was supposed to be picked up on 10th. its 13th now and I am not even contacted yet! 1/2 [USER] [USER],[USER] Sorry for the trouble with your return. Please contact us here: [URL] and we'll help you with this. ^SQ,810779,Thu Oct 12 18:52:28 +0000 2017,,,,
830807,daaafc57a56332bde19bf33025555e9554f7487b12e5351b664553f3feadf0c4,"Hey, I have always received a great service from you guys! the issue is from [USER] [USER] [USER]. Such a pathetic team😞 [URL]",[USER] Sorry for the disappointment. Have you reported the issue to our support team here: [URL] (1/2) ^KA [USER] for assistance? (2/2) ^KA,"830809,830805",Fri Oct 13 03:33:05 +0000 2017,,,,
2291331,1ea4a130ed7575367b1932648db20719e9bf029f1866062953acfad9069c1f28,"Fuck you [USER]! I didn't want to use my credit card in the first place. It's you who doesn't support secure ways of payment, but for some fucked-up reason it's my problem now. So, fuck you! [URL]","[USER] In certain cases our system carried out routine checks on orders. It is not possible to change this decision manually. You'll find more information under the following link:
[URL] ^SK",2291329,Sun Nov 12 10:38:44 +0000 2017,,,,
2485650,44e2cf8aa7d59c6b6527da98eddead56c5c6ff361b66b3ca522ada7fb7748937,"[USER] So I ordered a cable for a printer, and well, it didn't really need to come in a box like this, this was the only item in it [URL]","[USER] We're always looking for opportunities to improve! Please, when able, submit us direct packaging feedback here: [URL] ^JE",2485649,Wed Nov 15 15:39:33 +0000 2017,,,,
1689319,9d891d58bf083830cd6ceeb0b63ff81202139ee8022ac9208f926507bf64b733,"[USER] 
Not good company Amazon
My problem not solved [URL]",[USER] Apologies for the ordeal. Please share your details here: [URL] and I'll get back to you. ^HN,1689317,Tue Oct 17 16:24:20 +0000 2017,,,,
248143,5e9cc93655176883b6392145b6cd4912c27250171f1339d3400179a03bd31368,[USER] or  #amazonfail ? FAIL! [USER] [URL],[USER] I'm so sorry about this! We want to help. Please reach out to us here: [URL] via phone or chat. ^VB,248142,Thu Oct 05 16:10:34 +0000 2017,,,,
2726831,472db06842e4c4c68062c1793e1d71455fed077834a3918b83c6b8f076fe449f,"Sinon [USER] ça s'passe comment qd on me débite de 50 euros pour un compte premium alors que j'ai rien demandé, JAMAIS ? 
Inadmissible sérieux vous vous foutez de la gueule du monde","[USER] Bonjour, l’abonnement Prime ne peut être activé qu’à partir du compte client, vous pouvez l’annuler à tout moment via le lien suivant : [URL] ^MA",2726830,Mon Nov 20 13:25:50 +0000 2017,,,,
2154980,16f7ee24167aeaf2cac9f13bab1a0ffd6fe43b5aa8ef0b719d8095a6904c3c72,"Hey [USER], why did you remove the option to send email from your Android app? [URL]","[USER] Sorry about the hassle, Subhadeep. You can still write to us using a browser, meanwhile, I'll forward your feedback internally. ^MS",2154979,Thu Oct 19 10:23:42 +0000 2017,,,,
1655089,b72eeb96535e06613caa0c92ddf5f860635c522d95672128af10e8a46a85b506,"[USER] I've been charged full price membership for prime and not the student price, how do I go about verifying my student status?","[USER] I'm sorry to hear this! We'd like to assist you in real-time, please reach out to us by phone here: [URL] ^GR",1655088,Tue Oct 17 14:33:48 +0000 2017,,,,
250634,cdbe719d8b2a568579dce43a48e24d54d5060601aa85bcf8b0b3b5585290e117,"12"" x 12"" x 18"" box wrapped in plastic, filled w/foam peanuts, bubble wrapped. 2 coffee cups. [USER] #fail [URL]","[USER] We're always looking for ways to improve, Krista, & would appreciate your packaging feedback: [URL] ^FR",250633,Thu Oct 05 17:21:56 +0000 2017,,,,
2622585,31311706ec0e26794bd921b854fd92bd371c6b54c2c278bb9cacf7715f04a13f,"Woke up sick again. What’s even worse, my Amazon package says it’s been delivered and received.. I didn’t get a package.. Yikes. [USER]",[USER] Oh no! I'm sorry to hear your package hasn't been located and also that you're sick! Who's the carrier assigned to the delivery? These steps might also help locate your package: [URL] Please keep us updated! ^AB,2622583,Fri Nov 17 16:04:45 +0000 2017,,,,
2962772,91888eebf31a20bb172fa818584952c0b922bce1641705767d7f8eea39eba2e8,Bonsoir [USER] cela fait 2 fois en 1 semaine qu’1 colis via PostNL/TNT n’est pas livré car “absent” alors que l’on est présent...,"[USER] Bonsoir, je suis désolé pour cela. Avez-vous remonté l'incident à notre SAV ? Vous avez pu finalement récupérer vos colis ? ^MH",2962771,Wed Nov 29 21:10:07 +0000 2017,,,,
2488540,04f899353bdd42628b857c4ad7b1a3ece65025f361e91a1008a9debdad52441c,2017: the year I fell in love with [USER],"[USER] Hi, Megan!  We love you too!  ^SP",2488539,Wed Nov 15 16:29:40 +0000 2017,,,,
865673,cafe464da4f5eb2523db8cc6f123b9381bac886132d6538612f4ec7d06fcc536,[USER] Alexa working well shame the free trial you get isn’t the same as what you pay for I can’t download Music for my echo,"[USER] I'm sorry for the trouble! Just to clarify, are you trying to play music on your Echo with a subscription? ^KP",865671,Fri Oct 13 14:57:07 +0000 2017,,,,
2171012,d45f0bf7741dd29fdb031101feca520760139b6492482b1181189393166f6349,"Ce qui est bien avec [USER] c'est qu'on est jamais déçu, surtout par leurs emballages 😂👏🏻 [URL]","[USER] Bonjour,
Avez-vous un souci avec l'emballage de votre colis?
^MD",2171011,Thu Nov 09 12:17:46 +0000 2017,,,,
226423,152a210edc932ef1762685047463b16c91a2de832587b869527525a169dccb5c,[USER] android Alexa app says new version with calling available but play store installs old version?,"[USER] Hello, have you tried resetting the device ? ^CR",226421,Thu Oct 05 06:51:03 +0000 2017,,,,
507138,2f52d92500a618d2415060e2b1f9a2895934b4c355f9e15711cf09b1581b821d,[USER] and [USER]? Both terrible companies! 2 of the worst in the country! W/ some of the worst (and most people would agree probably) CS and time mgmt! Sad! I paid 2 day shipping on Tues and package will not arrive til Mon! I said probably will not work but thanks anyway!,[USER] I'm so sorry the order is arriving later than expected! We'd like to help! What was the estimated delivery date provided in your order confirmation e-mail? Did this date change? ^JO,507137,Fri Dec 01 21:19:19 +0000 2017,,,,
627724,61971eb9c9b08943b5a8ecf8d95795108827a67b05a1ed1f19c88b3e4b33ee41,"Tenia años agusto con [USER] , pero ahora, desde hace unos dias, TODAS mis compras con [USER] son cobradas dos veces y retenido uno de los dos cobros, ambos se avientan la bolita y nadie pone remedio, creo que cambiaré de banco.","[USER] Hola, lamentamos las molestias causadas. Puedes encontrar más información sobre las autorizaciones que se realizan cuando haces una compra en el siguiente enlace: [URL] ^AA",627722,Wed Nov 22 15:16:40 +0000 2017,,,,
727307,98ce28ee505cf333e946e43ee031d2aff490e53df75509d048a5f0e58a05ac15,[USER] Someone keeps trying to access my account because I'm getting verification codes sent to my phone as if I forgot my pw. HELP,"[USER] Hey, sorry to hear. Please reach out - [URL] we'll be happy to look into this further for you. ^TP",727306,Wed Oct 11 06:42:30 +0000 2017,,,,
225490,ef92ca9f8a80a71a1ae357ec54c0e1bc5e9057bc74b9bcefc3be81e7d88bcab9,"[USER], Amazon Installation Services"" order number ORDER # [ORDER_ID]"" can you tell me when this service will be performed.",[USER] Sorry about that. Kindly drop in your details here: [URL] and we'll work on it. Please don’t provide [1/2],225488,Thu Oct 05 06:04:43 +0000 2017,,,,
911218,fe7f5c8d9483cd71b1e041145b6425d0dc702d832c6ab8e844c312888ddfd483,"Nach Erhalt meiner Sachen bekomme ich eine Email von [USER], dass die Sachen billiger wurden. Die Vorbest.-Preisg. ist beeindruckend.","[USER] Schon zu lesen, dass dir unser Service gefällt 👍 Wünsch dir ein schönes Wochenende. ^NW",911217,Sat Oct 21 06:49:13 +0000 2017,,,,
2249812,fe7f5c8d9483cd71b1e041145b6425d0dc702d832c6ab8e844c312888ddfd483,"Liebes [USER], so viel Zeit bleibt gar nicht mehr übrig. Lasst mich bitte nicht im Stich. 😟🙏 [URL]","[USER] Keine Angst, das klappt noch ;)
Wir verschicken bis spät in die Nacht ;) ^AV",2249811,Thu Oct 19 17:20:33 +0000 2017,,,,
2721736,44e81615f947ca1b1afc282c1dc38679320ceffe68eab1487b27f6bfb4e8bc58,Sneaky “Buy Now” button instead of “Add to Basket” on [USER] meant I’ve just wasted money on a digital book when I wanted a physical one. Is it possible to get a refund? #annoyed,"[USER] Hi, sorry to hear of your accidental Kindle book purchase. You can find info on how to return the ebook here: [URL] ^ES",2721734,Mon Nov 20 09:54:14 +0000 2017,,,,
1983576,8df66da0093bd6910b3b3db373c03bbbc7dc106fe9c862bbe99c3aa800424aa5,[USER] you say u delivered the product directly to me when I was not at home. Product not even delivered. Bad service [URL],[USER] Sorry for the incorrect tracking update. Please contact us here: [URL] & we'll help you with this. (1/2)^SQ [USER] Please don't provide your order details as we consider it personal info. Our twitter page is visible to public. (2/2)^SQ,"1983577,1983575",Wed Oct 18 18:24:09 +0000 2017,,,,
2528298,0fcad7c38767382e205844b509d07ad742a23c790bf68f311a8d84f7efb046d8,"Hey [USER], what are you guys trying to prove by selling a product at a higher price than its original MRP? 

[URL] [URL]","[USER] Thanks for flagging this, Shailendra. We'll get it fixed internally. ^JC",2528296,Thu Nov 16 05:05:42 +0000 2017,,,,
498456,9fc19fae48bce02fa260238fcd40d21e6638a211a43992404601e1841b13cdc8,Someone stole all of my amazon orders 🙂,"[USER] Hey there- we're here to help! Without posting personal or account information, could you tell us a little more about what happened so we can point you in the right direction? ^BL",498454,Fri Dec 01 19:02:31 +0000 2017,,,,
2611670,ce4a1f28cc312a3a24378aa1d1940122538b9b50c74786c37dbdbe5c723d4662,"#dafuq, you can buy #Kindle books from Safari on iPad but not with the native [USER] app on iPad? What am I missing here?","[USER] Hey, are you receiving a particular error when you try to purchase Kindle books from the app? ^PJ",2611668,Fri Nov 17 11:33:57 +0000 2017,,,,
1210725,25b70a32e5600f74c41f93197db90ccf11a03d5ceaca52e7e419b069f0b86aad,[USER] have just reminded me why they're so terrible as a company. Your app places an order twice and you charge for returns #joke,"[USER] Sorry to hear this. You will be refunded when the duplicate order is returned, thanks. ^KM",1210723,Wed Oct 25 11:46:03 +0000 2017,,,,
1706537,c8166b0b9e6578290b496e2e26a5848630d5c16f862d378fdd9d494477b1d294,"[USER] placed order on 5th n product not yet delivered. I salute 2 ur commitment 2 serve ur costumers .
What the bloddy hell is this .",[USER] kindly report it to our support team here: [URL] 2/3 ^KH [USER] I'm sorry about the delay with the delivery of your order. We'd like to look into this 1/2 ^KH,"1706536,1706538",Tue Oct 17 16:27:01 +0000 2017,,,,
435069,9f381c2cccf57318a4faced4027a598ebe1dcca0996013819d02822bab4933c0,So disappointed in [USER] ordered 5 different 6 packs of beer + chips/salsa... $75 order - delivery received only chips/salsa 1of2,[USER] I'm sorry to hear that. Please contact us through the main menu in the app or here: [URL] ^AF,435066,Tue Oct 10 16:41:10 +0000 2017,,,,
1187072,9f381c2cccf57318a4faced4027a598ebe1dcca0996013819d02822bab4933c0,"What's happening [USER]? 
1. Paid extra to upgrade delivery for 1 item & was delayed
2. #PrimeNow not available [USER]
Disappointed",[USER] I'm so sorry for the poor delivery experience. Please reach us here for available options: [URL] ^SE,1187070,Tue Oct 24 22:00:44 +0000 2017,,,,
1881139,79f4c1912a43a1cb2534ff033c66b319c609779aece764d16fdcdc7f1148840e,"[USER] got a email saying could not deliver Xbox scorpio because need more address details, never had a problem before with address","[USER] Oh, no! We'd like to take a look into this. Please reach out to us via phone or chat for options: [URL] ^DG",1881137,Wed Nov 08 05:00:19 +0000 2017,,,,
2817823,eb76d0b0e90dfcbe7e51cca42574fcd90cf6c31cca9f5f26cb27dd2dc5835d42,"Dear [USER] - how do we stop you from trying to deliver to our apartment building (and us) on Sunday? The office is NEVER Going to be open for delivery, no matter how many times you try.","[USER] I'm sorry for the issues you've had not getting Sunday deliveries! You can set your delivery preferences to exclude weekends, if you like, by editing your address here: [URL] ^AM",2817821,Mon Nov 27 04:24:32 +0000 2017,,,,
2602942,e1b4c97baf4d713cae06c4ff244e4073094d0b9c75f7c92ee46385477c6b2c92,"I don't mind so much that my [USER] delivery didn't arrive today (despite being stated) it's the blatant LIES of ""attempted delivery"" when you didn't even try!!!",[USER] I'm very sorry for this issue with your order. Please let us take feedback and look into this further here: [URL] ^DO,2602941,Sun Nov 26 21:18:13 +0000 2017,,,,
2527615,eca032a6918e20d03015f43d44d1d2f8ce1f89c92f20b3c0de1c4e45a9028093,I cannot believe my eyes when I open the box! It is supposed to be a Huawei Mate 9! Buuuut! It’s a Samsung note II! And it’s fake! Cannot even be used! You must be kidding me! I need an explanation! [USER] [USER] [USER] [USER] [USER] [USER] [URL],[USER] Oh no! Did you happen to place this order on the Amazon marketplace? Please provide more details without disclosing personal info. We want to help in any way. ^SH,2527614,Thu Nov 16 04:00:38 +0000 2017,,,,
2120818,8d09a11de2597b3b1b7913639ab2fc0aafc53010f16540a9d221a0e9a8bd23fd,Recently ordered one shampoo and packing was not well I requested to improve packaging and today ordered the same product again and packing was 10/10 [USER] .best in india,[USER] Thanks for letting us know you were assisted. It's nice of you to follow up with a comment on our page. ^JS,2120817,Wed Nov 08 15:00:02 +0000 2017,,,,
1277034,914ef95c168246fed09568d5e25b4b9447f26e71539747996718784d67b48345,"[USER] [USER] thank you for routing my package from the city is was to be delivered to a city far, far away... take a bow! [URL]",[USER] [URL] and I’ll contact you soon. ^SU(2/2) [USER] I'm sorry you had issues with the delivery of your order. I’d like to help you; please fill this form: ^SU(1/2),"1277033,1277035",Thu Oct 26 16:01:37 +0000 2017,,,,
164869,97b96fb33e9c54aad3bfffd87790925e83ff295075e03f48145ac9827612bd8a,"[USER] Congrats Amazon, as your customer responsiveness declines, longtime loyalists like me have found a better Black Friday elsewhere. Isn't it Walmart that has been showing progress against you? It won me today after your poor communication. #lessAmaazon","[USER] This isn't what we like to see! Without sharing account or order details, will you tell us a little more about what happened? ^DW",164868,Fri Nov 24 20:00:53 +0000 2017,,,,
294729,bffa7a9d9e92e715a6a7b05225bf4ccebb036259f3a7cbf2dcccbbc7f9869787,[USER] El martes debió llegar un envío de [USER] con vosotros. ¡El martes! Y ni ayer ni hoy ha pasado nadie a dejarlo. ¡Vergüenza!,"[USER] Hola Pablo, lamento el atraso. Si no recibes respuesta de [USER], por favor contáctanos. ^LG",294728,Fri Oct 06 17:51:11 +0000 2017,,,,
2610682,132856dfc3bea5b5b48840ff680024994041f793030b5b8110ae69ec7bfa8a52,[USER]  mon chat vous remercie 😁 [URL],"[USER] Je craque LITTERALEMENT 😍😍 Il est super beau votre chat, en plus il a l'air d'aimer nos cartons 😄 Etait-ce un cadeau pour lui ? ^ARC",2610680,Fri Nov 17 11:18:21 +0000 2017,,,,
717172,6ff4810bb32e694ab6c3c7ca204f95dd7742d8fd70b8f8d7b9c8b2c57ae058cb,Super annoyed my preordered #TurtlesAllTheWayDown is suddenly delayed after I was notified I would be delivered today.Looking at you [USER],[USER] I'm sorry for the longer than expected wait. Have we provided a new expected delivery date: [URL] ^CL,717169,Wed Oct 11 00:38:31 +0000 2017,,,,
1209517,16f6768b334f71306de4332defe337f32752a6840fbe88729508b6b41511374e,[USER] such a reckless response on my order. Never expected from Amazon!,[USER] We have received your details. We are working on it and will get back to you with an update at the earliest. ^HR,1209515,Wed Oct 25 10:54:46 +0000 2017,,,,
1694332,de55d20b3951460a13c69a541960ee63cf057c1dd600b9347a82b6bd336b629e,"[USER] hi, received this email today, are you able to confirm if it’s genuinely from amazon? Thanks [URL]",[USER] We aren't able to view account info on Twitter. Follow the link for more information: [URL] ^CN,1694331,Tue Oct 17 16:02:18 +0000 2017,,,,
852808,40d53f0fa0ec52161b8772127462ac9938f5d3a2ffdcde87484c59e112ef1702,[USER] do you really need all this packaging for one LP? It’s even got its own box... in the box... bit ridiculous... [URL],[USER] Sorry for any troubles caused! You can leave feedback for the packaging of this order here: [URL] ^TH,852807,Fri Oct 20 15:23:11 +0000 2017,,,,
928356,b332cbf49b7f87b5eff3a523f0140d9eaddf92f54b6a994db325495ec94c30fa,Sistema burro da [USER] dificulta mudança de senha para cliente que a perdeu.,[USER] Sinto muito pelo inconveniente. Você verificou a seguinte informação ?[URL] ^VL,928355,Sat Oct 21 15:05:43 +0000 2017,,,,
929255,b332cbf49b7f87b5eff3a523f0140d9eaddf92f54b6a994db325495ec94c30fa,"[USER] sistema burro impede de mudar senha. Tento o ""Fala conosco"" para relatar o problema, mas só aceita se eu acessar a conta","[USER] Olá Luciano, sinto muito pelo inconveniente. Tenta clicar em ´esqueci minha senha` depois em ´Serviço ao Cliente` . ^MB",929254,Sat Oct 21 15:08:47 +0000 2017,,,,
727830,60a9ca498af72920af92ea7801107efc1f98bc774d235beba858a6f786c616e1,".[USER] Laut .[USER] Paketverfolgung wurde bei einem Lieferpartner (Tankstelle!) mittags niemand angetroffen! Witz,oder??? 😠","[USER] Hi, hast du das denn schon mal von unserem Kundenservice prüfen lassen? [URL] Liebe Grüße ^TA",727829,Wed Oct 11 07:20:18 +0000 2017,,,,
727841,60a9ca498af72920af92ea7801107efc1f98bc774d235beba858a6f786c616e1,"Liebes .[USER] : DAS nennt Ihr #AmazonPrime ?
Sonntag bestellt,bis heute kein einziges Produkt geliefert! 👎","[USER] Hi, was sagt denn deine Lieferverfolgung und welches Zustelldatum wurde dir genannt? Liebe Grüße ^TA",727838,Wed Oct 11 07:18:19 +0000 2017,,,,
736499,60a9ca498af72920af92ea7801107efc1f98bc774d235beba858a6f786c616e1,Kulante Reaktion von .[USER] auf meine #Prime-Reklamation: Verlängerung meiner Prime-Mitgliedschaft um 1 kostenlosen Monat! 👍 #Service,"[USER] Freut uns sehr, wenn dir meine Kollegen weiterhelfen konnten. Liebe Grüße ^MF",736498,Wed Oct 11 11:52:33 +0000 2017,,,,
931363,60a9ca498af72920af92ea7801107efc1f98bc774d235beba858a6f786c616e1,"#Foto #Tapete gestern bestellt, heute da!
Von .[USER] 😀 [URL]",[USER] :) Dann mal viel Spaß beim Tapezieren - über ein Foto würden wir uns freuen ;),931361,Sat Oct 21 11:50:19 +0000 2017,,,,
945465,9da2b103fb3620e90293784ec91f683ce39813273507420f9ca5c59045b9065b,"Pinche [USER], seguro por pura telepatía me voy a enterar que desactivan cuentas y de reclamos sobre pagos. No mamen tanto. [URL]",[USER] Hola Lucille. ¿Tu cuenta se encuentra bloqueada? ^JJ,945463,Fri Oct 13 20:47:25 +0000 2017,,,,
967773,f9ecd07b81367e8c4702284c38cbbbff74f6adf8048a225b12923650e09acac8,"[USER] Why is your policy to simply #giveup if something goes #wrong?  I wanted YOU to fix it, not make me reorder and #wait.",[USER] Could you provide us with a few details about the issue without personal info? We'd like to help any way we can! ^WM,967772,Sun Oct 22 00:28:21 +0000 2017,,,,
1346558,78ea724b81886fb7eaa004e31b3ac7dda5bcc8449609f8f04823929205712951,[USER] my prime membership is expiring on 14 Dec 2017 & 499 offer expiring on 31 Oct. Wish to to renew now but unable to. Kindly suggest,"[USER] You can subscribe to prime membership, once the current membership expires. ^SQ",1346557,Fri Oct 27 17:04:52 +0000 2017,,,,
1437381,752e1983190d156e4b713437fc1b0702ef3ccc807a4ae63772695203bdd4ba08,[USER] you have let me down bigtime. Message sent.,[USER] Sorry to hear that. Have you spoken to someone over the phone? ^RS,1437379,Thu Nov 02 14:27:39 +0000 2017,,,,
849743,fc8e156e4afec22ee48fddd4af596a973aa6c0a447291fd5d1a2133f7acefe26,Uhhhh [USER] my building doesn’t have a “mail room” and I didn’t receive the package. Soooo now what do we do? 🤷🏼‍♂️ [URL],"[USER] Sorry for the delivery troubles, Nicholas! Will you let us know who the carrier is: [URL] ^AB",849742,Fri Oct 20 14:54:15 +0000 2017,,,,
486658,158bd71a09ceaa6af61597cb812aa57c330a61175f6eefdbd21bcc3d5030496b,[USER] Funny but I can order it now and it will arrive on Sunday yet mine which I bought on Tuesday gone won’t arrive till Monday [URL],"[USER] I'm sorry to hear your order isn't arriving when expected. We always aim to meet the original delivery date given in your order confirmation e-mail however, occasionally unforeseen circumstances do occur. Please keep us updated on the arrival of your order. ^KH",486657,Fri Dec 01 15:28:39 +0000 2017,,,,
778455,423c3e87c9f91e33a5660bc9effbf2e6daa37c63b62f8a04ab2fe8feaec36855,"[USER] please try to upload Toilet ek prem katha, bareily ki barfi, shubh managal savadhan, Bhoomi",[USER] We'll continue to add new content. Stay tuned on [URL] for latest movies and TV shows we have available. ^AG,778454,Thu Oct 12 04:12:40 +0000 2017,,,,
2336091,5a99975fff52addd17764d27a670d28560e4b63570cff55c43d4b2ff81741b12,[USER] your customer service is 💯🤙🏻,[USER] Thanks for the shout out! We think you're the bee's knees! ^EP,2336090,Fri Oct 20 03:13:38 +0000 2017,,,,
1727525,7cf1a87ecc5419ab8fbe2084df06c207d1166fbd2239d1a6ebbecf06c79a22d9,[USER] do you deliver to hotels in Mexico? Start of a 2 week holiday & my paperwhite screen isn’t working all of a sudden. Could cry 😭,"[USER] We most certainly do, Karen! I would ask the front desk what their procedure on deliveries are though, just to be safe. ^JZ",1727524,Tue Oct 17 19:04:18 +0000 2017,,,,
2823957,93fb6970b84fb91a562d13cf8d940d4d7586c964b7ca8fff5aa9b20e72a44999,"Dear [USER] your parcel tracking system is utter rubbish. “ we attempted to deliver on Friday”  no you didn’t. “We attempted to deliver Saturday “ again, no you didn’t. “ your parcel was delivered Sunday” oh no it wasn’t. Still waiting!!",[USER] Sorry to hear that Carl. We'll be happy to look into that for you. Please reach out to us here: [URL] ^RS,2823955,Mon Nov 27 09:00:57 +0000 2017,,,,
1650421,8718bf74769501d72760b9339c9df8c3051d68a732f7e1fa917ad618620241d3,[USER] if you want people to buy grocery from ur site pls add an add to card on the search page itself no one needs to go to the PDP/plp,[USER] We appreciate your feedback. I'll make sure to forward it to the relevant team for improvements. ^RS,1650420,Mon Nov 06 05:54:26 +0000 2017,,,,
806325,ac739431db9c3900c86ffd76a0ec230d65d93dbf73da6fcdf1568eac2ea8b8a0,"[USER] what's the delay with orders to PR? Shipping has been restored by USPS, Fedex & UPS what are you guys waiting 2 send our things? [URL]",[USER] Oh no! Please reach out to us here:[URL] so we can look into this further for you. ^SA,806324,Thu Oct 12 17:28:20 +0000 2017,,,,
1763857,ac739431db9c3900c86ffd76a0ec230d65d93dbf73da6fcdf1568eac2ea8b8a0,[USER] what’s the issue with packages to PR? Everything is taking forever to ship. Do I have to cancel my prime and stop using amazon? [URL],[USER] I'm sorry for the frustration. Here is how shipping times are calculated: [URL] ^BA,1763855,Tue Nov 07 20:57:52 +0000 2017,,,,
2547071,116687a32b66dd956f81f25d3c3dcf3a3f54d4abe1c3d6942c635bbd29631088,Isne bhi friend zone kar diya 😂 #alexa #AmazonAlexa [URL],[USER] Maybe you should spend some more time with her to win her heart! 😉 ^VN,2547070,Thu Nov 16 13:54:19 +0000 2017,,,,
1066857,1c44048cdc05fcb118bce0f888c1d0d4cda388c3ed890b8ef2ec83e22d4a4f3c,"Anyone having issues wit the Amazon Alexa App? Mine says it can't retrieve my settings to try again later.

Uninstalling app and reinstalling seems to do nothing to fix this. None of my echo devices can be found.",[USER] We'd like to assist you with this in real-time. Click on this link to reach out directly: [URL] ^GL,1066854,Sat Oct 14 22:53:55 +0000 2017,,,,
1252993,1c44048cdc05fcb118bce0f888c1d0d4cda388c3ed890b8ef2ec83e22d4a4f3c,[USER] ever since I updated the Alexa app I'm getting errors and blank pages when clicking on stuff in settings e.g. Amazon echo.,[USER] I'm sorry for the trouble. Please uninstall and reinstall the app. Let us know if the issue continues. ^CL,1252991,Thu Oct 26 05:54:21 +0000 2017,,,,
1719253,463e6e0c2065c90cb87b0b64e4da5fbc4ea72f7900689d4ed7a267b35764af0e,It's my sister's Bday today n I was bit unhappy on myself bcz I placed her gift's order late n that's why estimated delivery date was after her Bday but very thanks to [USER] they delivered it way before the estimated delivery date. Thank u very much #Amazon #BirthdayGift,[USER] We try to deliver happiness early :) Tell us how the birthday girl likes the gift! ^BS,1719252,Sun Nov 26 04:59:42 +0000 2017,,,,
2641308,ca235acb71c5221b60517107d65aa3d0d1dc22c5ad79f3b029c52a710de86ab5,"Amazonじゃなくて、Amozonってとこからメールきて、買った覚えのない電化製品トータル60万近く請求された…

ほんで一瞬、Amazonって信じてしまい もしや酔った勢いでポチったんじゃなかろうかとびっくりしたので、ついついURLを踏んでしまい、それから迷惑メールきまくりんぐ。",[USER] リプライ失礼します、アマゾンです。当サイトを装い個人情報を取得しようとする詐欺が発生しているようですので、ご注意くださいませ。識別方法について記載したヘルプページがございますので、ご参照ください。[URL] ET,2641307,Wed Nov 08 08:43:50 +0000 2017,,,,
651436,5e4251486add94a632a7b8fa9d9a47bc8d9b7d3557205184006f3e5d3bf9ab3e,"HOY SÍ! a las 18:30H #gameplay de Yomawari ^o^ gracias [USER] por ser tan rápidos. 
PD: el otro juego para más adelante ;) [URL]",[USER] Woow que empieze la acción 😎🎮.Mira nosotros también estamos disfrutando ^MB [URL],651435,Tue Oct 31 12:29:22 +0000 2017,,,,
130228,5a23e2cdb94e30e2288558616c483c92c056746b058b656a7efbd1b7253b5998,[USER] please help I'm regular calling on customer care but issue is not resolve the IVR can not solve all problem sir I want talk to CCE,[USER] I'm sorry for any trouble. Kindly elaborate on your concern and we'll help you. ^GK,130226,Fri Nov 24 06:26:49 +0000 2017,,,,
2825697,5a23e2cdb94e30e2288558616c483c92c056746b058b656a7efbd1b7253b5998,"[USER] I ordered a product which is not as shown on your app., you are not customer friendly such a bad exp. I have within 3 days.","[USER] I understand your concern, please contact us here: [URL] so that we can assist you accordingly. ^PB",2825695,Mon Nov 27 09:34:14 +0000 2017,,,,
2973877,5a23e2cdb94e30e2288558616c483c92c056746b058b656a7efbd1b7253b5998,"[USER] finally I got solution , it's just lack of communication your costumer support is awesome thanks Amazon.",[USER] I'll make sure to forward your feedback internally. We try hard to meet the expectations we set. Glad to know that we're succeeding in it. ^SM,2973876,Thu Nov 30 01:55:13 +0000 2017,,,,
1385476,e2a008e1f3e352f82181285278c7dec93eb81d19784b4ec5ac0381cc443a891b,[USER] need to get in touch regarding Stop and return request. please provide link? order still being shipped despite S&R,[USER] Sorry for the hassle. Please report this to our support team here: [URL] and we'll check this. ^HN,1385475,Thu Oct 19 09:21:13 +0000 2017,,,,
2061327,e2a008e1f3e352f82181285278c7dec93eb81d19784b4ec5ac0381cc443a891b,"[USER] my cancelation didn't go thru!pl try to ship Order# [ORDER_ID] today itself not tomorrow. please do your best, thank you! [URL]","[USER] We understand your concern, Namratha. Unfortunately, once a order is canceled / tracking updated as returning, (1/3) ^SV [USER] We wouldn't be able to reship the same order. Please reach us from here: [URL] we'll check & assist. (2/3) ^SV [USER] Please don't provide your order details, we consider it personal information. Our Twitter page is visible to public. (3/3) ^SV","2061328,2061329,2061325",Thu Oct 19 00:46:40 +0000 2017,,,,
2061343,e2a008e1f3e352f82181285278c7dec93eb81d19784b4ec5ac0381cc443a891b,"[USER] requested for cancellation and still being shipped# [ORDER_ID], how do I track if my cancellation was processed?","[USER] We'd like to take a closer look into this, please contact us here: [URL] and we'll help you with this. (1/2)^SQ [USER] Please don't provide your order details as we consider it personal information. Our twitter page is visible to public. (2/2)^SQ","2061344,2061341",Thu Oct 19 00:33:06 +0000 2017,,,,
227340,83216ffeef5c02c23380aa58da676edcd0b404f1bad0b3247db3040782453d38,"[USER] hi can you please help me with an order,was supposed to be delivered last week. i have heard nothing.Order # [ORDER_ID]",[USER] I'm sorry for the wait. What order status and delivery date(s) are you currently seeing here:  [URL] ^KM,227338,Thu Oct 05 07:47:09 +0000 2017,,,,
1780152,6434570eaf1402f75f9a4118f63054f179d54e60ff2c2afae0b41ed2e2518009,Hey [USER] why do I pay for membership that includes free 2-day shipping when things take 3 Days? [URL],[USER] (1/2) I'm sorry for the trouble. Two-Day Shipping refers to the transit time in business days once an order has shipped out. [USER] (2/2) Some packages can take additional time to process. You can learn more here: [URL] ^JM,"1780153,1780151",Tue Oct 17 22:50:40 +0000 2017,,,,
1020076,63960538af5040e1d1c3529b35398ab72b7e70795714e4a2efc086310e28a0f4,[USER] don't lie to me when im sat in my living room waiting for my parcel. Noone has attempted to deliver this. #Parcel #Amazon [URL],[USER] I'm sorry you don't have your parcel! Please reach out to us via phone/chat here: [URL] and we can help with this!,1020075,Sat Nov 25 17:34:33 +0000 2017,,,,
292876,380c8e53411750f02b96c43f7309d5fa396fac2e165e590d9e8a3836b7806ea2,"Hey [USER] pensez à arrêter de travailler avec [USER], ils n'ont encore jamais réussi à me livrer un colis dans les temps.","[USER] Bonjour, je suis désolé pour cela. Avez-vous une commande en retard actuellement ? Veuillez m'expliquer davantage. ^MH",292874,Fri Oct 06 16:42:24 +0000 2017,,,,
2721796,19cbb1e429d225d692a821ab16a882059d4b98aebeefa26eb3fa1bafdaa2c547,o site da [USER] não está abrindo para mim. para vocês está?,[USER] Está sim Alexandre. Já tentou em outro navegador ou outro dispositivo? ^JD,2721795,Mon Nov 20 09:58:13 +0000 2017,,,,
921174,bc1665756ee7a2bf5b923528d21e09d0819da1f584bf539898eb60123e61dd3c,[USER] tryin 2 binge watch [USER]  but really bad xperience-video keeps gettin stuck in each episode at crucial scenes!,"[USER] That's strange. Please check you internet connection bandwidth. If the issue persists, you may reach our support team 1/2 ^RS [USER] here: [URL] and they'll get back to you soon. 2/2 ^RS","921175,921173",Sat Oct 21 05:08:42 +0000 2017,,,,
1015833,487ce1082265efe36befb2ed2600c579a6de8de84e99a07267f8635a74f14e42,[USER] really nice packaging. [URL],[USER] Apologies. Please share your packaging feedback here: [URL] We'll be sure to work on it.^SK,1015832,Thu Oct 12 13:21:27 +0000 2017,,,,
1095210,d66f79d59f5a97f58ea91a5a2e45de13f6d6f9015e042de1d211e84f8ded85ec,"[USER] hi, i have made order with [USER] for stanley on emi, later on cancelled but didnt get refund on my sbi card. Plz help","[USER] Hello, we'd like to look into this and help you. Please reach our support team here: [URL] for assistance.^RS",1095209,Sun Oct 15 04:17:04 +0000 2017,,,,
255101,28ea1f1165201b6def01533048010cf212b007fcb0e924c496684fb2cc7bec34,[USER] Can you help? How do I delete books I've read? If I keep my finer on a boom it just gives me this tick. [URL],"[USER] Once that tick shows up, you'll just tap on the trash bin in the top right corner to delete the book! Hope this helps! ^WT",255099,Thu Oct 05 18:26:01 +0000 2017,,,,
518743,13337e2880281529ad3cc6b83c53afb43f055a2a675ba8ce6d9fbe05ec737329,Thanks to [USER] (CA) I got my new keyboard! From [USER] [URL],"[USER] May your typing speed never waiver and may your Space Bar never jam! Let us know if you need anything, we appreciate you.  ^CH",518742,Sat Dec 02 02:15:13 +0000 2017,,,,
1278912,968eb43ff0655bae37c949803a2ea0d715bd2951190b3a151ecc24bfb5198523,"[USER] I returned a product through your courier partner [USER] , No update even after 15 days. What's up?",[USER] Apologies Pankaj. Was the product picked up or did you do a self-return? ^HK,1278910,Mon Oct 16 07:59:31 +0000 2017,,,,
844202,6b41a8961997c0457111376cc751b943943c5487700afd4821b4d758e58100aa,[NUMBER] where’s the product? on chat [USER] Service rescheduled on customer request when I hadn’t asked for reschedule or delay.,"[USER] created it to be personal information. Our Twitter page is visible to the public. 3/3 ^AP [USER] here: [URL] and we'll get back to you soon. Please don't provide your order tracking details, as we  2/3 ^AP [USER] I'm sorry you've not received the order yet. We'd like to look into it. Kindly share your details 1/3^AP","844201,844203,844204",Fri Oct 20 11:48:51 +0000 2017,,,,
738429,848a3f455d58cda172c79215ee3ebd1b253da56401a8047b93890b1d606686fc,"Me ha llegau la tablet nueva! Gracias [USER], por entregármela un día antes de mi cumple...  asi q me felicito Feliz cumple Vero! #feliz [URL]",[USER] Buenas noticias :D Esperamos que tengas un lindo cumpleaños 📦💕 ^VL,738427,Wed Oct 11 12:44:17 +0000 2017,,,,
442963,9fdf542222a7b1b2fe3a5294e1b495c8c14779a53bda993e8056baa59aa2e5e4,[USER] You know where I live - you deliver weekly - so why do you email me every. single. day. about a service that is not available in my area?,"[USER] Hi Ben, you can update your communication preferences here: [URL] ^MA",442961,Wed Nov 22 08:54:50 +0000 2017,,,,
1453810,8b721c4c22a2ee5e8b57839ed7da2e882918db0fe8a5bdb944003b23d9a11e99,"[USER] hallo, Paket sollte gestern (Feiertag) zugestellt worden sein. Ortung des Pakets ist ca 40-50 km von mir weg. Was kann ich tun?","[USER] Hi! Über Twitter ohne Kontoeinblick nicht klärbar, aber wir können dir gern Hilfe über [URL] geben ^AS",1453808,Thu Nov 02 14:45:22 +0000 2017,,,,
142102,e18dd2e8166ad34d08e3b8a9aff1ac0ff712fb89f6ae21ba79d4bfb03bdde6da,[USER] can you explain 'what in the name of blood hell' is going on with your delivery times in Europe right now? Unacceptable that Prime is now 4 day delivery on every _single_ item you have _in stock_.,"[USER] Hi, during this busy period, some deliveries may take slightly longer than usual. As always, please see your up-to-date delivery date at checkout, which provides our most accurate and up-to-date estimate of delivery date. ^BZ",142100,Fri Nov 24 12:20:07 +0000 2017,,,,
608140,5f8b64acb1f8a807f5f9752a4f4fe76127530b8eb8738ca451ef6de3254d1496,[USER] #this is #quality #delivery [USER] [USER] [USER] [URL],[USER] Sorry for the unpleasant experience. Please report the issue to our support team using this link here: [URL] for assistance. ^KA,608139,Wed Nov 22 11:49:29 +0000 2017,,,,
332375,4a1dfec114fe156dd37646e2e0f720aba0ca252f556ec7828b6682c09d315ddc,[USER] my account has been hacked and i can’t find a support number anywhere without logging into my account,[USER] Oh no! We'd like to help in any way we can. Please click here: [URL] so we can assist ^NM,332374,Sat Oct 07 18:56:45 +0000 2017,,,,
801608,4dce7701bac49acb729b0033417540c59044cf9b302cb1484606837e6ed902a3,[USER] I have cancelled my order on 1 Oct and still i haven't got my refund. I dont knw why its taking too much time?,"[USER] I'm sorry to know about the delay in refunding the amount. ^NR 1/2 [USER] Do not worry, we'll have this checked for you. Please call us here: [URL] ^NR 2/2","801607,801609",Thu Oct 12 15:49:44 +0000 2017,,,,
2941889,3f96452ab3bc668a2736869d703157eaa5a0ae0daa92bb490e7ee4b7d9105419,"[USER] 
日本でのamazon echo の発売日ですが、現時点でTwitter等で招待メールが届いてる人が見当たりません。招待メールは何時頃配信予定ですか？",[USER] Alexa端末につきましては、ご承知のとおり現在招待された方のみご購入いただけます。ご購入対象となった場合にはご案内のEメールが送信されますためご了承ください。SK,2941888,Wed Nov 15 00:25:46 +0000 2017,,,,
2845598,d7a0942116542682c51fbcf60e4ff5e22c81562fc4fc9f5f0829880e236382f1,Merci [USER] d’avoir livré mon colis chez mon voisin QUE JE CONNAIS MÊME PAS ET JE NE SAIS PAS OÙ IL HABITE,"[USER] Bonsoir, je suis désolée d'apprendre cela :/
Pourriez-vous nous indiquer le transporteur s'étant occupé de la livraison de votre colis? 
Votre dossier est-il actuellement pris en charge par notre SAV? ^FT",2845595,Mon Nov 27 17:46:10 +0000 2017,,,,
402571,d0ccfca61a1550db74cf62f10dbce8da0e90eba522fb7dc6787950898d398a3c,"[USER] Order no [ORDER_ID] , i am yet to receive 15%cashback for paying thru Amazon pay as promised. Kindly resolve it fast.","[USER] We'd like to get this checked, kindly connect with us here: [URL] 1/2 ^MA [USER] Please don’t provide the order details, we consider it to be personal info. Our Twitter page is visible to public. 2/2 ^MA","402572,402570",Mon Oct 09 19:55:50 +0000 2017,,,,
318645,da9b81d0ecbbbea97e296d0c7337991a930d45d616d33d0d044c9fd3b698576b,[USER] Order ID [ORDER_ID]. I paid using Amazon Pay balance. Please let me know when I will be getting 15% Cash back?,[USER] Please report this to our support team here: [URL] and we'll check this.1/2 ^HN [USER] Please don’t provide your order details as it is personal information. Our page is visible to the public.2/2^HN,"318647,318643",Sat Oct 07 10:28:00 +0000 2017,,,,
2933634,5aea37483a2f93414affd6e569c7e9a7042f275b44d215f4082fdb76f878d3bd,Que vergüenza de servicio [USER] [USER] peor que comprar en el mercado. #amazonsucks #amazon 3 mails y no solucionan nada y como siempre [USER] tarde y mal.,"[USER] Hola Juan Pablo, lamento lo ocurrido en esta ocasión. Permítenos ayudarte, ¿podrías comentarnos cual ha sido tu incidencia? ^DQ",2933633,Wed Nov 29 09:20:15 +0000 2017,,,,
1741794,e39b7b2bc1ab3877d86674df0f64684e75ccdacd2482f739fcb9a87b120132a6,[USER] your prime delivery is a disgrace. Order placed 4pm thurs 2nd Nov. Still not here. Next day delivery my a**e.,[USER] I'm sorry for the wait. What was the estimated delivery date you received at checkout or in your confirmation e-mail? ^TH,1741792,Tue Nov 07 16:24:35 +0000 2017,,,,
1029695,1cc452d01a6d80b2035e31ed17a2e47c827baa43e6768b1ac79c8c19a42072ab,[USER] why does Amazon Logistics ALWAYS fail? Do not promise what you cannot deliver.,"[USER] (1/2) I'm sorry to hear you've been let down! We'd like to escalate this to our transportation department for you. [USER] (2/2)At your convenience, and with as much detail as possible, please complete this form for us: [URL] ^BV","1029696,1029694",Mon Oct 23 03:37:10 +0000 2017,,,,
2457182,89370c420b16f14e6d6cd31dc138951fe29e171716a85ccace3335064077ad1f,[USER] #LGQ6AppQuiz here comes another fake quiz they are not giving any prizes and just promoting amazon in twitter. fake quiz by Amazon playing this shit from last 3 years and not a single prize received yet. [URL],"[USER] All the contests on our website are genuine. The winners are chosen at random. Further, I'll share your feedback with our team internally. ^GK",2457181,Wed Nov 15 04:44:40 +0000 2017,,,,
2664475,89370c420b16f14e6d6cd31dc138951fe29e171716a85ccace3335064077ad1f,[USER] #AveenoBabyQuiz and comes another fake quiz. I am not playing this shit anymore. Never getting any prizes. Only advertising Fake!! [URL],[USER] All the promotions displayed on our website are 100% genuine. The winners are announced here: [URL] ^GS,2664474,Tue Oct 31 07:56:36 +0000 2017,,,,
262581,12ed0a4dee887b06217d59c9e5b558ea9d8817945d430d2dccb105b4cc062765,Terrible experience with amazon customer service and delivery service !! Tracking #[NUMBER]. #[USER] #[USER] #[USER],"[USER] Please don't provide your details, we consider it personal information. Our Twitter page is visible to public. 2/2 ^HD [USER] Apologies for the delivery experience. Could you let us know what went wrong? We'd like to look into it. 1/2 ^HD","262580,262582",Thu Oct 05 22:14:14 +0000 2017,,,,
266057,12ed0a4dee887b06217d59c9e5b558ea9d8817945d430d2dccb105b4cc062765,Delivery status updated package handed over to the customer and also signed by the customer however I do not have the product [USER],"[USER] Sorry about the delivery issue, Shalini. I'd like to look into this. Please share your details here: [URL] ^HD",266056,Thu Oct 05 23:10:22 +0000 2017,,,,
279725,12ed0a4dee887b06217d59c9e5b558ea9d8817945d430d2dccb105b4cc062765,There are so many people who have voiced out the same issue #pathetic service#. [USER] [USER] [USER],[USER] I believe we have already got back to you on this via email. Kindly check for any latest correspondence from 1/2 ^AB [USER] our side here: [URL] and if need be reply to the email received with further query. 2/2 ^AB,"279724,279726",Fri Oct 06 07:58:48 +0000 2017,,,,
281187,12ed0a4dee887b06217d59c9e5b558ea9d8817945d430d2dccb105b4cc062765,I want the product &an apology letter from the Amazon delivery services and the customer service supervisor Ajay Desai [USER] [USER],[USER] I understand how frustrating this is and I'm sorry about this. Please revert our email for further updates and queries. ^HN,281186,Fri Oct 06 10:45:46 +0000 2017,,,,
281410,12ed0a4dee887b06217d59c9e5b558ea9d8817945d430d2dccb105b4cc062765,When I was asking for help so decently then nobody came up to help me so y now. Fulfill my requirements [USER] [USER],[USER] I'll surely pass on your feedback to the concerned team internally. ^HN,281409,Fri Oct 06 11:08:36 +0000 2017,,,,
283504,12ed0a4dee887b06217d59c9e5b558ea9d8817945d430d2dccb105b4cc062765,[USER] stop outsourcing business to India as they do not deserve to work for such a big brand [USER] [USER],"[USER] We don't expect you to have such an experience. Kindly let us know, where did we go wrong. We'll work on it. ^CB",283503,Fri Oct 06 13:06:33 +0000 2017,,,,
283530,12ed0a4dee887b06217d59c9e5b558ea9d8817945d430d2dccb105b4cc062765,Written Apology letter should be delivered to my address frm supervisor Ajay Desai and delivery services team [USER] [USER],[USER] I'll surely pass on your feedback to the concerned team internally. ^HN,283529,Fri Oct 06 13:00:44 +0000 2017,,,,
284861,12ed0a4dee887b06217d59c9e5b558ea9d8817945d430d2dccb105b4cc062765,Wat do u mean [USER]  where did we go wrong. You provide such a pathetic service and can't u read my tweets? Read my tweets [URL],[USER] I beg your pardon. We're following up on your concern. We'll update you soon. ^SG,284860,Fri Oct 06 13:26:24 +0000 2017,,,,
285596,12ed0a4dee887b06217d59c9e5b558ea9d8817945d430d2dccb105b4cc062765,As i stated i want apology letter delivered to my address from the supervisor Ajay Desai and delivery services team. [USER] [USER],[USER] We'll update you as soon as possible Shalini. ^HN,285595,Fri Oct 06 14:03:33 +0000 2017,,,,
286792,12ed0a4dee887b06217d59c9e5b558ea9d8817945d430d2dccb105b4cc062765,I dont know 2 whom you replying. If you cant check and reply properly then just dont reply. #Pathetic [USER] [USER],"[USER] I get you're upset. However, you'll receive an update from us soon. Further, you can revert to it. ^VN",286791,Fri Oct 06 14:47:36 +0000 2017,,,,
304033,12ed0a4dee887b06217d59c9e5b558ea9d8817945d430d2dccb105b4cc062765,Have still not got a response for my email [USER] [USER],[USER] We're working on your issue and we'll reach out to you soon. ^SQ,304032,Fri Oct 06 22:08:37 +0000 2017,,,,
318905,12ed0a4dee887b06217d59c9e5b558ea9d8817945d430d2dccb105b4cc062765,Still waiting for the apology letter from both dept. customer care supervisor and delivery team [USER] [USER] [USER],"[USER] We've received your reply, we shall connect with you soon. ^SH",318904,Sat Oct 07 08:54:54 +0000 2017,,,,
322295,12ed0a4dee887b06217d59c9e5b558ea9d8817945d430d2dccb105b4cc062765,I guess my English isn't that good that's what [USER] [USER] if you can't reply to my query correctly hire new staff,[USER] I see that we've sent you a correspondence. Kindly check. ^SG,322293,Sat Oct 07 13:23:52 +0000 2017,,,,
424079,12ed0a4dee887b06217d59c9e5b558ea9d8817945d430d2dccb105b4cc062765,[USER] [USER] I have not yet received the apology letter delivered to my address. R u ppl testing my patience?,[USER] I get you're upset. Please respond to the email correspondence you've received from us and we'll assist you further. ^AS,424078,Tue Oct 10 10:36:50 +0000 2017,,,,
764131,12ed0a4dee887b06217d59c9e5b558ea9d8817945d430d2dccb105b4cc062765,Even after investigation [USER] are still not replying to wat I asked,[USER] That's quite a remark. Please reply to the correspondence sent to your registered email. We'll assist you. ^SV,764129,Wed Oct 11 21:33:44 +0000 2017,,,,
379366,e8af40e74252e661702b288009dece84fc9b7e4fd6bf2e894c50ddb43da1f929,"[USER] [USER] dear Amazon, what can you do apart from escalations when a customer faces denial of a promised service?",[USER] We're sorry to hear that. Could you please elaborate on what went wrong so we could look into it? ^HK,379363,Mon Oct 09 06:29:13 +0000 2017,,,,
387181,e8af40e74252e661702b288009dece84fc9b7e4fd6bf2e894c50ddb43da1f929,"[USER] [USER] it seems Amazon is now.on fooling it's customers. Paid money for delivery, not happened and a false update. [URL]",[USER] Apologies for the unpleasant experience. Have you reported this to our support team here : [URL] 1/2 ^AS [USER] Don't provide your order details as we consider them to be personal info. Our Twitter page is visible to public. 2/2 ^AS,"387179,387182",Mon Oct 09 13:13:34 +0000 2017,,,,
418448,e8af40e74252e661702b288009dece84fc9b7e4fd6bf2e894c50ddb43da1f929,[USER] [USER] the item in the screenshot is getting returned for 3 days now. [URL],"[USER] I'm sorry to know about the delivery issue. Believe me, this is not what we intended. We can't gain access (1/3) ^KA [USER] to your account details via Twitter. Please share your details here: [URL] (2/3) ^KA [USER] and we'll have the issue checked for you. (3/3) ^KA","418450,418449,418447",Tue Oct 10 03:35:48 +0000 2017,,,,
420247,e8af40e74252e661702b288009dece84fc9b7e4fd6bf2e894c50ddb43da1f929,[USER] [USER] [USER] yet another delivery failure from Amazon. [URL],"[USER] consider it to be personal information. Our Twitter page is visible to the public. (3/3)^AP [USER] here: [URL] we'll get back to you soon. Please don't provide your order details, as we (2/3)^AP [USER] I'm sorry you've not received your order. We'd like to look into it. Kindly report this to our support team (1/3)^AP","420246,420248,420249",Tue Oct 10 05:46:16 +0000 2017,,,,
432344,e8af40e74252e661702b288009dece84fc9b7e4fd6bf2e894c50ddb43da1f929,[USER] [USER] seems Amazon is getting habituated in missing delivery deadlines.[USER] [URL],[USER] Apologies for the delay. Have you reported this to our support team here: [URL] ^RB,432342,Tue Oct 10 15:04:26 +0000 2017,,,,
1721655,7bded7aac5d23eaa0e3a104695d5f67445dd7bc218a249c57ff449e1aa91cbe7,Excuse me [USER]  but why has this not dispatched? It's releasing TODAY [USER] [URL],[USER] I'm really sorry about it. Have you received any notification about it? ^AT,1721653,Tue Nov 07 07:54:47 +0000 2017,,,,
556990,dd61059544add3a2685dcaf14225df5cbee1525995fc9a40771c49621fe2ba68,Just got my new [USER]. Why the hell did I wait so long to get one?!?!,"[USER] Better late than never! 😁 Enjoy your Echo, Nick! ^FD",556989,Sat Dec 02 21:23:24 +0000 2017,,,,
1076284,a31a15ce215306f948e30ae5f97e715832f029d16801a4ee8062b6cfec3d4971,I did not get any call from u [USER] then i got a mesaage ur order is cancelled..plz help..[USER],[USER] That's strange. Have you reported this to our support team here: [URL] ^VR,1076283,Mon Oct 23 16:42:21 +0000 2017,,,,
2542977,3e9c7e3fc68c93fd4a42f877bbdaa3de9cfdd94f5056966e45ee8b414e2b97a4,"Hace 10 años me interesé por la serie #RescueMe, pero no había forma de verla. Ahora me topo con ella en [USER]. Ya sabéis qué serie empezaré en breves, ¿no? 😁",[USER] Hola Frikardo. Nos alegra que hayas encontrado la serie que tanto buscabas.😀 ¿Que esperas para empezarla? 🍿📺 ^DB,2542976,Thu Nov 16 12:48:22 +0000 2017,,,,
2471704,88e094b0e3ad58ecc562ab0d1551e54920546514740c816785cda57d4c822edb,[USER] is there a way to have a parcel NOT go to a neighbour and ONLY to my safe place?,"[USER] I'm sorry your parcel wasn't left at your safe place! Please reach out to us via phone/chat here: [URL] and we can help with this. 
-Joshua",2471702,Wed Nov 15 11:50:06 +0000 2017,,,,
2552211,88e094b0e3ad58ecc562ab0d1551e54920546514740c816785cda57d4c822edb,[USER] i specifically asked for an order not to go to my neighbour and it has!,"[USER] I'm so sorry your order wasn't left at your safe place, Mark! We'd like to look into this for you and make sure this is reported to the courier. In order for us to do so, please reach out to us here: [URL] ^WJ",2552209,Thu Nov 16 14:46:43 +0000 2017,,,,
549522,1d18d58cdbe149a3e37efa119a7c747f35b1b5718e63cbad230a49f9cc8c8089,Dans la série nos livreurs ont du talent : le colis est tellement entré en force qu’on peut pas ouvrir la porte de la boîte aux lettres. Je sors le pied de biche et vous indemnisez ?[USER] [USER] [URL],"[USER] Bonsoir, je suis sincèrement navrée pour cet incident, quel est le transporteur en charge de cette livraison ? ^ASZ",549520,Sat Dec 02 18:14:44 +0000 2017,,,,
2551044,25b9858b58a6d2a51f5edf84d455a7f037614103cdbd3fbd9787ae0e78a6b5f4,"[USER] is [NUMBER] ""Amazon Logistics"" a legimate caller from Amazon or is this a scam?","[USER] Thanks for reaching out. Some departments at [URL] make outbound calls to customers, but we'll never call you asking that you disclose or verify your [URL] password, credit card, or banking account number. 1/2 [USER] If you receive a suspicious call, or encounter any other uses of the [URL] name that you think may be fraudulent, please don't hesitate to report it here: [URL] 2/2 ^GG","2551045,2551043",Sat Nov 25 23:20:17 +0000 2017,,,,
2136234,0d2c4739e8568a36f031c71af3afbf25db956a40f38f72113b916626e32ea556,[USER] I am sure the other day I signed up for a free £10 voucher on my fire stick but how do I know if it is still valid?!,"[USER] Hello Andrew! Since vouchers can't be seen on your account, feel free to contact here: [URL] for review. ^TM",2136233,Wed Nov 08 21:08:13 +0000 2017,,,,
2281097,2c8daffa8031c7ae40f6f7653bfb331518cc887cea58c88edadd6547dbc58354,It's 9:30pm and amazon still believes to bring my package today 🤔,[USER] I'm sorry your order hasn't arrived yet. Late orders typically arrive the following business day. Keep us posted! ^MB,2281095,Sat Nov 11 20:30:35 +0000 2017,,,,
605071,9a9c5af76e7fb132fca29952dfb0cc90bbb27b1f80be34e2d5c23c175e7564ea,So [USER] charged me twice for my new processor. That’s toxic af,[USER] Without providing us any personal information would you be able to elaborate a bit further on the issue? ^SM,605070,Wed Nov 22 10:33:44 +0000 2017,,,,
2422680,ba2bef395b43d9922a31db40f7079df9411196fb2fbc4068af6e79e7a4c441f1,"[USER]  my partner has had bad service at the moment. Parcel was suppose to arrive saturday had a delay notice, then would be here today. Still no parcel! This was suppose to be a gift what is too late now and fed up with delays. He pays extra for Amazon prime for this waiting.","[USER] I apologize for the delay, Katrina. What is the current tracking status shown here: [URL] We'd like to help in any way we can, so please let us know! ^FD",2422678,Tue Nov 14 18:30:32 +0000 2017,,,,
2460764,0220661f3794037731367ba519fdd8a0ae420743148fbf3ffc380d1fab379363,[USER] [USER]  wtf is this the sale is on 12 and there is no add to cart Option I wasted my [NUMBER]  on Amazon pay [URL],"[USER] The sale starts at 6 pm, request you to stay tuned. ^SH",2460762,Wed Nov 15 07:01:02 +0000 2017,,,,
2820525,0220661f3794037731367ba519fdd8a0ae420743148fbf3ffc380d1fab379363,[USER] [USER]  whats the use of having a prime access then  if my delivery takes so long ! Money wasted ! And no cash back came [URL],[USER] The availability of expedited shipping method depends on the availability of the eligible item and the customer's pin code. Request you to wait till the time frame given for the order. ^GK,2820523,Mon Nov 27 06:10:23 +0000 2017,,,,
80716,3e129c1dfe6818ccebf2938ee368c7ae6cc749c216986ba9070296162ecdd6e8,"Thanks [USER] for the big box...
And the stuff as well but it seems not much [URL]",[USER] That's indeed pretty much packaging in this box. Please feel free to provide your feedback directly via  [URL] in order to let us know how to improve our services. ^KM,80715,Thu Nov 30 13:03:03 +0000 2017,,,,
2383444,30f36f4165a455ee06d15868fcbe28310b80cf774670c5afaca7d86a07c55d91,[USER] Your website is misbehaving. Can't view options for my stuck package because the website is generating javascript errors. [URL],[USER] Did you already try another browser and delete cache/cookies in the one that you currently use? Regards ^TA,2383442,Fri Oct 20 07:30:54 +0000 2017,,,,
1438184,18d49cfddebccca117c7a94220a9630f8fd351d3da78c760a790a02928b91833,#amazon.it non funziona! [URL],"[USER] Ho effettuato una prova e il servizio funziona, potresti fare un secondo tentativo? ^BC",1438183,Thu Nov 02 10:37:57 +0000 2017,,,,
948498,af132331d0facd6c1aa00313ceb73a3d81450156e401436b52083423db649fbb,[USER] what’s the recourse for a customer when an order doesn’t arrive within the two hour delivery window?,[USER] I'm sorry your order hasn't arrived yet! Reach out to us directly here: [URL] We'd like to take a closer look. ^TN,948497,Tue Oct 31 02:15:04 +0000 2017,,,,
2770739,bec314fe5240f6aad7dc374a446cc9050cdba19f77b731bfd7a386e0604731bd,"[USER] Habt Ihr jetzt Mitarbeiter von [USER] angestellt oder wie kann es sein, das mein Paket bei einem Hausbewohner abgegeben wurde? Welcher Hausbewohner? Keine Nachricht, nichts! Aber vorher bei mir noch klingeln!!! #Sauer","[USER] Oje :( Schon mal im Haus rumgefragt? Leider kann ich über Twitter nicht nachsehen, aber meine Kollegen im Kundenservice sehen sich das gerne einmal an: [URL] Liebe Grüße ^MF",2770736,Tue Nov 21 12:51:33 +0000 2017,,,,
2590354,3799ddf8aa2d36706ebe32fd2a692697a9b0096b947249deaedfd1260538315f,"[USER] Thursday Night Football not showing up on amazon prime for Vizio tv... search gives nothing, nothing on front page 😔",[USER] I'm sorry for the frustration! Try the troubleshooting steps listed here: [URL] and let us know if this helps! ^TN,2590352,Fri Nov 17 01:13:55 +0000 2017,,,,
124104,0604aecd90d704dc397a967b26b8f565d07ffb77e950b9f776f301fb3fc6a566,[USER] oi anazon há uns três meses comprei uns livros físicos de vcs agora comprei um kindler qro saber se terei acesso a eles como ebook ou tem q comprar d novo?,"[USER] Olá, Crono! Neste caso para visualizar o conteúdo no seu dispositivo Kindle, você precisa fazer a compra dos itens mas no formato digital. ^NB",124102,Fri Nov 24 01:07:08 +0000 2017,,,,
2335772,33e63ecddec88712ca2374e2337e2b2e7cc41551cf080c8ba0057142eb530745,Delivered ahead of schedule by [USER] along with a surprise ❤️🐱 [URL],[USER] We think your cat thinks those heels are purr-fect! 🐱😁,2335771,Fri Oct 20 03:03:32 +0000 2017,,,,
224179,a8866701e950c79a893f5edf25c600a86b217dc92b537a224abd9b3ee61832e1,[USER] Worst Service i have not got my Refund Back post 22nd sep 2017 Order No ORDER # [ORDER_ID],[USER] We're sorry about the stretch with your refund. Please fill up this form: [URL] and we'll reach out. ^HK [USER] Also please don't provide your order/account details as we consider them to be personal information. ^HK,"224178,224180",Thu Oct 05 04:12:52 +0000 2017,,,,
2604215,8f7d38b136602417c6957755253fb93d68060f7ce95873c57dfa141b45f468c0,No se como ha pasado pero me hecho mega fanboy de [USER] Me tenía que haber hecho prime mucho antes.,[USER] ¡Hola Dani! ¡Que alegría saber esto de verdad! 😍😁🤗 Dinos por favor ¿Cual ha sido la mejor compra que has hecho con nosotros? 🙉 ^AD,2604214,Fri Nov 17 09:19:20 +0000 2017,,,,
1430398,1937e80a13eaf3295a5e8c471e509fc76ec4382a65a520c503fc8b35fb8d4b36,"So no matter what you do, Alexa refuses to play music via [USER] on Echo in India. Where is the ""exclusive preview"" we were promised, [USER]?","[USER] here:[URL] we'll reach out to you soon. 2/2 ^AP [USER] That's unusual, Akhil. We'd like to look into it. Kindly report it to our support team 1/2 ^AP","1430397,1430399",Wed Nov 01 12:46:40 +0000 2017,,,,
1675538,1937e80a13eaf3295a5e8c471e509fc76ec4382a65a520c503fc8b35fb8d4b36,"It's been really fun to ask Alexa to play Prime Music on my Echo these past few days, though I wish they'd release the standalone app soon :(",[USER] We're glad you are enjoying music on the device. Thank you for your feedback. We will get it passed to the team internally. ^KS,1675537,Mon Nov 06 14:05:54 +0000 2017,,,,
836463,81f93fc1fcb1fcb4ef80934bce2985b2dbbfbfd9f6171cb6d7de7cf8b1e19c99,[USER] have a Xbox one x on pre order.can u give any info on when payment would likely to b taken so I no when to transfer some savings,"[USER] Hey Ray, your payment card is charged approximately 24 hours after your parcel enters the dispatch process. ^RS",836462,Fri Oct 13 09:03:29 +0000 2017,,,,
1780035,254ba6a1aeeb76129e63f53498171b5286d2dca586cf4b127789ddf290e06ac6,"The customer service associates at [USER] are a bunch of liars. I used to think they had good customer service, but not anymore!","[USER] This isn't what we like to hear, Heather! Without giving any personal info, will you tell us more about what's going on? ^HC",1780030,Tue Oct 17 23:12:08 +0000 2017,,,,
281137,882cdbe3fd3d9adba73eeb3049a2da33eb083b8d2258eb6c68620c0ae28a615b,"Bonjour, déçu en recevant un colis en cet état. Résultat 1 livre sur 3 est abimé et taché (???) [USER] [URL]","[USER] Bonjour, je suis sincèrement navrée d'apprendre cela. S'agit-il de quel transporteur s'il vous plaît? ^SA",281135,Fri Oct 06 10:46:17 +0000 2017,,,,
2881323,26be5de362132e87016c7798ed0182b9215ab1654f67aaaff4e5edd24ca84ffd,[USER] My package only contained 1 of my 2 orders it said it would,[USER] Sorry to hear about this. Was the order sold by Amazon or a seller. You can check the info here:  [URL],2881321,Tue Nov 28 08:54:04 +0000 2017,,,,
1687367,26ae0d460daa9d15abcf7882a255fb3248617e7e683f662b683ca555ec76b491,[USER] my package was supposed to arrive yesterday and it didn’t sooooooo,[USER] I'm sorry for the wait! Will you tell us what the most up to date tracking says here: [URL] ^DW,1687365,Mon Nov 06 19:42:13 +0000 2017,,,,
1167745,3d73cbb842b8ca16c8ce52b29c73abb8e43a29457277b098e246bca176c394de,Very dissatisfied with [USER].com they cancelled my order today. Mind you I ordered this item on October 13. Then......,[USER] I'm sorry to hear we've disappointed you! Did we send you a notification explaining the reason for the cancellation? ^KP,1167744,Tue Oct 24 18:47:10 +0000 2017,,,,
420420,9cb1098ae8a415f3cabbf378a4ae1cf438e795856055203bd22c8e035a70c008,[USER] plz refund asap for order [ORDER_ID],"[USER] Kindly contact our team here: [URL] and we'll check this. (1/2) ^GK [USER] Please don't provide your order details, as we consider them to be personal information. Our page is visible to the public. (2/2) ^GK","420424,420418",Tue Oct 10 06:36:27 +0000 2017,,,,
2265603,9cb1098ae8a415f3cabbf378a4ae1cf438e795856055203bd22c8e035a70c008,[USER] Order [ORDER_ID] is lost. No one taking responsibility. No follow up,"[USER] Sorry to learn that, please share your details in the link provided to you earlier and we'll assist you accordingly. Also, Please don't provide your order details, we consider it to be personal information. Our page is visible to the public. ^SU",2265602,Fri Nov 10 12:00:30 +0000 2017,,,,
629606,9b42ab46239d75b6bb78874955363279a56273bc59a9f803daef162ac87f87eb,[USER] still didn't get any reply from Amazon regarding my refund this is totally ridiculous.,[USER] I'm sorry to know about the inconvenience caused. Kindly connect with us here: [URL] we'd like to help. ^SG,629607,Mon Nov 20 15:42:47 +0000 2017,,,,
684836,e8fedf3e6423252eba4fd9c6ca8186728f840d98995fce1906365561df8e8b03,"[USER] जी आधा किलो खून सूख गया book का इंतजार करते करते । [USER] ने 23 नवंबर अपडेट किया था और वो भी टाइम extand हो गया । so now as a penalty, you have to give me more good books to read. 💔🔫",[USER] I'm sorry about the delay. Kindly share your details here: [URL] and we'll look into this for you. ^GD,684835,Thu Nov 23 12:13:50 +0000 2017,,,,
1521804,7c6ab64dc60ea252928623893c8ff0ee494afdcfd394893be0fec0995707017d,.[USER] messed up and I’m not getting my St. Vincent record delivered today after all🙃,[USER] I'm sorry for the delay! Can you confirm who the carrier is for your shipment: [URL] ^ST,1521802,Tue Oct 17 00:34:45 +0000 2017,,,,
508162,c14661f0e68f99ecd3b034b94fd50ab831c329da5ed8be4f9abfc59e990d5351,I keep getting a blank page when I request transfer from my [USER] seller account #amazon #amazonseller #help [URL],"[USER] I'm sorry for the trouble! We're happy to take a closer look at this with you and assist directly, please reach us using this link: [URL] ^JR",508161,Fri Dec 01 21:48:47 +0000 2017,,,,
139910,b3928ecf572a70859e3e696c035797079d3961d7cdaa815eb91f6d9e293c8246,[USER] [USER] what's the point in having prime if everything I have ordered this morning is arriving on Monday!!! How can dispatch and delivery be off on the busiest shopping weekend of the year!,"[USER] Hi Susan, due the busy shopping period, some deliveries may take a little longer than usual this weekend. You can find more information here: [URL] ^PJ",139909,Fri Nov 24 11:35:10 +0000 2017,,,,
1673720,632aadcfedc2fbb7d6c2024fb15f95110ce0c75d15de8c3bb7e5d52215bd126f,"[USER] Hi , How come i get an sms that my order is delivered, whereas no 1 at home has received it yet ! Where's my order ?",[USER] Sorry to learn about the problem you've experienced with the delivery of your order. (1/2) ^AS [USER] Please report this to support team here : [URL] and they'll sort this for you. 2/2 ^AS,"1673719,1673721",Mon Nov 06 16:40:18 +0000 2017,,,,
1451494,e80027e1ea33fd60705106a8e7b52014b0f7eab9e23f7754dc57393942c5f24b,"Minha compra de livros na [USER] levou três dias pra chegar e os livros vieram em segurança, rsrs. Mto bom, melhor site para comprar","[USER] Oi Lucas muito obrigada pelo comentario, quantos livros comprou📚 ? ^MB",1451492,Thu Nov 02 17:30:21 +0000 2017,,,,
2146709,79c906da9eb430b7908873250aca748af5ddcffadf1b6ed05d153edd2bfc039b,[USER] err why has Candy Crush Saga just been added to my orders?! You guys just giving it out for free???,"[USER] We'd be happy to look into this with you, feel free to contact us here: [URL] ^AF",2146708,Wed Nov 08 20:48:12 +0000 2017,,,,
2898892,7892f7b0ccebecbabdc3d9ade3a3500200772aeaa632dd08d25a7d2253764d5f,"Estimado [USER]: me emocionas con el Nightbringer de un día para otro y mi bosex de Medusa ni siquiera lo has mandado, así no se pinches puede 😑 #NoEsNormalQueMePase","[USER] Hola, ¿cuál es la fecha estimada de entrega que se muestra en el correo de confirmación del pedido? ^KS",2898890,Tue Nov 28 17:15:33 +0000 2017,,,,
422257,542d2baf464c3d577de8bc867f54778262f6232205b55948713b09be0ac89d33,[USER] I didn’t expected this from Amazon atleast. Being a prime member it feels so bad when you don’t get any solution for your query!,[USER] It seems like you've had an unpleasant experience. Could you tell us what went wrong ? We'd like to help. ^ST,422252,Tue Oct 10 08:52:04 +0000 2017,,,,
1748925,20365368ee4211f5a077de53ea397081ece1ca9524f2a420bf65d9fe641c6de1,[USER] Your drivers need to use the LuxerOne lockers to securely deliver packages in my building are they are not. Please enforce this.,[USER] I'm sorry for the poor delivery experience! We'd like to help! Can you confirm who the carrier is: [URL] ^ME,1748923,Tue Nov 07 16:08:48 +0000 2017,,,,
2311278,b349636877e48f8ba7ba79c9ba50f5fa264f055715a1c4b8aebf410cd4f9ffa1,"Amazon, you have failed me so many times this year. What does ""contact Amazon"" even mean, when there's no CTA or phone number? [USER] [URL]",[USER] Hi Raisa! You can contact us here:[URL] to take action on your order!  ^SA,2311277,Thu Oct 19 21:57:12 +0000 2017,,,,
1976612,fbdde22603e82673affff63f9d1caf613c2398e87c9b28870466c8a7bef56838,Oye [USER] habrá gorrita para los que pedimos en preventa #MarioOdyssey ? 🙏,"[USER] Hola dnytron, en la página de detalles del producto, puedes encontrar lo que incluye el juego en preventa. 😊 ^DA",1976611,Wed Oct 18 18:02:06 +0000 2017,,,,
2017525,c0c260e259dd9f452ac98be8fad38f92672c1ac4c9dba7bee564d2597348a7d6,[USER] When is Amazon coming to australia????,"[USER] Hey, you can purchase to Australia. Check out - [URL] ^TP",2017523,Wed Nov 08 08:03:39 +0000 2017,,,,
1883182,e71239530831bd666c269c0650d3c7f9b75950605aef9c8d0b8ef1e9444d5e5d,"[USER] [USER] [USER] Didnot get the cashback from SBI yet, bought OP5 online on the launch day",[USER] Hi there! The cashback will be credited to the eligible customer's account by 28 September 2017. Request you to wait. ^MA,1883180,Mon Aug 14 16:57:09 +0000 2017,,,,
2416592,ee34d29c772e57f1bdc7c5cd54fdbed1ee4ecb3c3cec3c2ce30e6de7d59fd616,[USER] Copy of FIR will be sent to your office attaching all the tweets u sent to me n den I will see what r ur policies and options,[USER] We've responded to your query here: [URL] ^HD,2416588,Tue Oct 03 16:55:44 +0000 2017,,,,
261273,f45d5f06410218b3e4ccbf1d2f90dd501246135b238939b558bb15db1cc0963a,preordered a book on [USER] and I have prime. Should have arrived today and nothing has! Very disappointed! Wasting my money [USER],[USER] That's not what we like to hear. Please contact us here so we can look into this with you: [URL] ^GG,261272,Thu Oct 05 21:28:33 +0000 2017,,,,
2324487,748008faaf919bcc369e8c0b242b140e7b245c8d228ba10ee390505847b76d09,[USER] sans aucune raison j'ai été débité de 84€ comment régler le soucis?,"[USER] Bonjour Fanny, je suis désolée de l'apprendre. L'avez-vous signalé à notre SAV? ^SM",2324486,Fri Oct 20 00:15:19 +0000 2017,,,,
1235558,6e9cc54ca4c15e853de2f3526a6ff592ffa100c9d23d8784aaee6e4ee7962331,"Ei [USER] :) Faz exatamente um mês que comprei meu livro em pré-venda, 1a vez. Estou subindo pelas paredes por notícias 8) Como faz?","[USER] Oi, você recebeu um e-mail com a data prevista de entrega do pedido? ^LG",1235556,Wed Oct 25 18:27:53 +0000 2017,,,,
2944431,f53f86c4a0abc14214ce4a4e857cd9821c365d89823dc52b585f35177b8a7be6,"[USER] False commitment of delivery by today. Till 6 PM I am told delivery will be made. Now I am told it cannot be done? How can you not honour "" Delivery Commitment""??",[USER] I'm sorry about the delay. Please reach out to us here: [URL] we'd like to help. ^SG,2944429,Wed Nov 29 14:20:02 +0000 2017,,,,
841322,35be128587a620da10d9a02a889a96d447e0103e474ec4c94110e41d5260f58e,So [USER] thanks for delaying my order when I paid extra,"[USER] Sorry to hear that Adam, where you given a reason for the delay? ^RS",841320,Fri Oct 13 11:38:06 +0000 2017,,,,
622454,ea3f7986a47fe277099d875fadec52165fd1728ebb00b4dcf80841fda9c888a6,"[USER] Buenos días, ustedes me pueden ayudar a dar seguimiento a un pedido? Tiene 4 días que hice la compra y no lo he recibido. Saludos","[USER] Hola, Josué. ¿Podrías indicarnos cuál es la fecha de entrega estimada que te ha dado el sistema para este pedido? ^ES",622453,Wed Nov 22 17:41:30 +0000 2017,,,,
2507282,d584d76b310b444c88ccfc4835bc993d34d1ce50e67083a621ad2e88d90a536a,"Qué onda, [USER] antes eras chevere, me mandaron un paquete súper maltratado😡 su excelente servicio esta decayendo :/ [URL]","[USER] Lamentamos mucho ver lo maltratada que llegó la caja del producto, lo mejor sería que te comuniques con soporte al cliente, si gustas puedes usar este enlace: [URL]

^CB",2507281,Wed Nov 15 20:50:26 +0000 2017,,,,
1374120,709230863a955c44e9bead03f5f7dfcf12b51f5ab59b909e2146e694c8cfc992,I Got This Same Delay Message For 4 Different Items That Were Supposed To Be Delivered Today. Unacceptable [USER] [USER] [URL],[USER] I'd like a member of our team to escalate this for you! Please provide detailed info here: [URL] ^KP,1374119,Sat Oct 28 00:41:00 +0000 2017,,,,
371097,493049037b5a2f67e49b97757988a5f98089e1f91cf699bca82fb08962e46cc7,iOSのSafariの共有メニューに、Kindleに送るというのがあるのですが、実行してもKindleに送ることができません。どんな原因が考えられるでしょうか。 [USER],[USER] 申し訳ございません。Kindleに関連するお問い合わせにつきましては、文末のリンクからカスタマーサービスへお問い合わせいただきますようお願いいたします→[URL] SK,371095,Sun Oct 08 14:20:00 +0000 2017,,,,
1073241,493049037b5a2f67e49b97757988a5f98089e1f91cf699bca82fb08962e46cc7,Amazon Kindleのパーソナルドキュメントに、ユニコード点字(⠁⠃⠉⠋⠊のようなもの)のhtmlファイルを送信してKindleアプリで読むことができなくなってしまいました。何かシステム上不都合があって変更になったのでしょうか。 [USER],[USER] 申し訳ございません。再度のご案内となり恐縮ですが、Kindleに関連するお問い合わせにつきましては、文末のリンクからカスタマーサービスへお問い合わせいただきますようお願いいたします→[URL]  SK,1073240,Sun Oct 15 00:08:43 +0000 2017,,,,
2463902,fc16910885f1b372881a20aefc2929808b5b669e2f7aac3d1fa624e5ac99187b,How do I contact [USER] and why is it so dificoult?,[USER] Hello! You can get in touch with us here: [URL] ^CN,2463901,Wed Nov 15 09:22:28 +0000 2017,,,,
1587965,19a5c633c593bf9d9bcfaa014041e7d2e11e79658bacec9cf4edd2171d0b9f9c,[USER] how come i cant preorder [USER] Red Pills Blue for Ireland?,"[USER] I'm sorry, Michael! It doesn't look like we have that option available on our site. Keep checking back for updates! ^HM",1587964,Mon Oct 23 22:37:24 +0000 2017,,,,
2943235,abdbb3c44c9210b20c1f823bc0dea3bd655deeb101a79e380e328bd17168d42f,Ima start buying three packs of water instead of two. Be RUNNING through it. I wish i could buy a pack of aquafina in the 1 liter bottles. [USER] do you have this?,"[USER] Keep hydrating Jessica! I did not find the an liter bottles, but we do have Aquafina in the 20oz bottles it looks like! [URL] ^DJ [USER] Thanks for reaching out to us, Jessica! I didn't find a pack of 1 liter bottles but I did find a pack of 24oz bottles. Not quite a liter but would definitely quench your thirst a little longer. You can find it here: [URL] Hope this helps! ^RB","2943236,2943233",Wed Nov 29 14:15:16 +0000 2017,,,,
483066,52832fbb8be7076735420df73e5e5171c5f4d648e87cdeabe01dd43e79bcd176,[USER]  You are selling a T-shirt advocating lynching journalists?  WTH is wrong with you?  You’ve lost my business.,"[USER] Hi, Dave! Thanks for reaching out to us! Could you please provide us a link to this item so that we can investigate? ^RB",483064,Fri Dec 01 14:21:27 +0000 2017,,,,
2882639,01b4e639f43e3b7933fcab177b3bdcfed177f48f42d9f9bb8311a0eeff1e2ed4,"[USER] Month comes to an end but you haven't launched Prime Music, which you have teased in this month Prime special magazine. Are you guys launching music with ""The Grand Tour season 2"" just like the Prime video launch",[USER] I get your concern regarding Prime Music. I'd like to inform you that Amazon Prime Music is one of the music streaming services available for Prime members exclusively on the echo devices . ^EM,2882638,Tue Nov 28 09:45:14 +0000 2017,,,,
2146475,cde992b7bc4ef91ba884d94ba04ffc7d8ab1fffd6075db3ddc2597d57341ab5c,"[USER]
I purchased from Amazon India Samsung A5 2017,order ID [ORDER_ID] but Amazon delivered me a China mobile . [URL]",[USER] Sorry for the hassle Ainul. Please report this to our support team here: [URL] and we'll check this. ^HN,2146474,Thu Oct 19 07:12:51 +0000 2017,,,,
180555,8907dd565e6dfda395b512135775461bfa15004b069831dcf7bfaac93674ac4e,Why [USER] after twenty months why do you think my cc information is wrong? It hasn't changed in twenty months. Explain yourselves.,"[USER] Sorry to hear that, can you tell us a bit more about the issue? ^JJ",180553,Wed Oct 04 12:12:48 +0000 2017,,,,
2741285,7e72642217993cd07e07537e8b678336828db9145c9a2d51f4ccc038ecfb63c0,[USER] I am still struggling with last order and it's 10th day of trouble [URL],"[USER] I'm sorry about this. I'd like to know more about the issue, please provide your details and I'll get back to you. 1/2 ^SH",2741283,Thu Nov 09 07:21:14 +0000 2017,,,,
426392,3318afaae989f38ee0bd2c0e300a3cec4f197c4596dd5bb30ba16accf10e5454,This [USER] app search is so accurate. [URL],[USER] I'll be sure to pass your comments as feedback to our concerned team for review. ^GS,426390,Tue Oct 10 12:05:08 +0000 2017,,,,
1416445,3318afaae989f38ee0bd2c0e300a3cec4f197c4596dd5bb30ba16accf10e5454,[USER] how do I pair my Fire TV stick with d Echo Dot so I can play shows with voice commands?It doesn't show up in d devices list,[USER] Keep checking the Echo page for new devices that will support Echo Dot. ^VM,1416444,Thu Nov 02 02:24:21 +0000 2017,,,,
607354,aa5fd5b2f7209d45cdf19622a727ee4ead4be7c6e9fa9b14c6261d336a51eaae,"Hey, [USER], sagt Eurem Fahrer bitte, dass er nach dem Klingeln etwas länger warten muss, weil ich jetzt auch ins Bett gehe.

Hey, [USER], können wir in Zukunft bitte immer per [USER] beliefert werden? (Macht das bitte für Prime-Kunden auswählbar!) [URL]",[USER] Das ist wirklich ärgerlich! Leider kannst du den Transportdienstleister nicht auswählen. Alternativ käme nur eine Postfiliale oder Packstation in Frage: [URL] Melde dich doch gerne bei unserem Kundenservice: [URL] ^BB,607352,Tue Nov 21 21:10:43 +0000 2017,,,,
1083816,60f3596c73356e55bfd274162457648065063382806769b222d56ae451fae1b9,"#AmazonIndia [USER] ...

After 20 days and 5 calls and emails to your customer care... i did not receive refund nor the right product",[USER] I'd request you to fill in your details here: [URL] 2/2 ^OS [USER] Sorry about the unpleasant experience.  I would like to work on the issue right away. 1/2 ^OS,"1083815,1083817",Mon Oct 23 17:35:52 +0000 2017,,,,
1113155,60f3596c73356e55bfd274162457648065063382806769b222d56ae451fae1b9,Thanks #AmazonIndia [USER] for processing the refund!! I would appreciate if you ensure right product is delivered. [URL],"[USER] You're welcome. For further concerns/queries, you may write back to the email you've received from our team. ^GK",1113154,Tue Oct 24 02:36:43 +0000 2017,,,,
1327040,1a73402c3c2fe3d81dd6548ec526db7f950eb8b50cce820a0aa87af46ba6fb65,[USER] i have now been on hold for 1 hour to try and find out why you felt the need to charge me for an order that i place in April twice hence removing my gift card balance?,[USER] I'm sorry for the frustration! We're available to assist. Please let us know the outcome of the call. ^SJ,1327038,Sat Nov 25 20:41:15 +0000 2017,,,,
95280,910a3e98a2a57825782ec0572bede83313cd7502ae0957a1f0fa217bcfa5aa3b,"[USER] donos do melhor atendimento ao cliente, donos do meu coração❤️","[USER] Olá Ana, você é a dona do nosso coração ❤️. O que a gente fez para receber tanto amor? 😍 ^AZ [URL]",95278,Thu Nov 30 16:09:20 +0000 2017,,,,
95315,910a3e98a2a57825782ec0572bede83313cd7502ae0957a1f0fa217bcfa5aa3b,MDS eu amo d++++++ a [USER] 😍💕❤️,"[USER] Anaa, assim você abala nosso coração! 😍❤ ^DA",95314,Thu Nov 30 16:08:24 +0000 2017,,,,
1623677,1ac2e253c75d29087c1fbf4fea2658b5985b136dcf66fcf1dee6576ed0331440,[USER] hi i placed an order then cancelled it as i didn't want it delivered to place i chosen. Order doesn't appear in my history 1/2,"[USER] I'm sorry for the concern! When placing an order, we'll automatically send a confirmation e-mail. While we can't... (1/2) [USER] (2/2) ... access your account via Twitter, we'd like to help! Please reach out to us here: [URL] ^AR","1623678,1623676",Sun Oct 29 19:42:00 +0000 2017,,,,
757685,1a19cf78bed53be3cb68dfb7dc8d6b9097a1ff3f6956ab230167c6028d70a326,[USER] very poor delivery service. Still struggling to get a delivery in Pune which was scheduled on 9th Oct.,[USER] I'm sorry to know your order isn't delivered yet. ^NR 1/2 [USER] Please connect with our support team here: [URL] and we'll assist you regarding this. ^NR 2/2,"757686,757684",Wed Oct 11 18:41:13 +0000 2017,,,,
2834184,2e6baefb6ccd8dc092589d41add5a1b22f35c00aaf3b558e9918181328aa1b04,"Hey [USER], folgender Deal: ich zahle 20€ mehr für mein Primeabo aber dafür verzichtet ihr darauf per [USER] und [USER] zu verschicken und sucht euch einen Dienstleister, der die Sendungen nicht einfach hinters Haus stellt oder gar nicht erst klingelt zB [USER]?","[USER] Wir versenden immer mit dem Transportdienstleister, der umgehend zur Verfügung steht. Sollte es Schwierigkeiten bei der Zustellung geben, kannst du dich gerne an unseren Kundenservice wenden: [URL] ^SK",2834182,Mon Nov 27 14:33:38 +0000 2017,,,,
1718673,06efb3df76cb8ec45f475dfe340dc7a4049236a1ff628bae3dc123b34d64ab2e,"[USER] I am having trouble getting a hold of you guys! I ordered a pen from amazon from u, and it hasn't come!",[USER] I'm sorry to hear you haven't received your pen. What was the delivery date: [URL] ^SY,1718672,Tue Nov 07 06:30:15 +0000 2017,,,,
2263012,4f601560874433f907c8fa679ccdf8eaf1c218269070594f8aa18500c191a88c,[USER] - got a notification my package was delivered - but no package. Please help.,[USER] Oh no! We'd love to assist you with this. Could you please tell us which carrier was delivering your package? ^GP,2263011,Fri Nov 17 23:29:41 +0000 2017,,,,
575357,ad493c96737e13defe404818a64537b9d92c6d4dc26bba9377aba30ba214f4e9,Hello [USER] where the heck is the cat tree I ordered for my cat’s birthday. It was supposed to be here yesterday,[USER] Sorry to hear it has not arrived Jenna. Does the tracking give any info on when we expect it to be delivered? You can check tracking by clicking the link: [URL],575356,Sun Dec 03 07:59:41 +0000 2017,,,,
